[
  {
    "name": "Application Start",
    "start": 1575691426369,
    "end": 1575691426737,
    "duration": 368,
    "pid": 7433,
    "index": 0
  },
  {
    "name": "Load Plugin",
    "start": 1575691426414,
    "end": 1575691426442,
    "duration": 28,
    "pid": 7433,
    "index": 1
  },
  {
    "name": "Load Config",
    "start": 1575691426442,
    "end": 1575691426462,
    "duration": 20,
    "pid": 7433,
    "index": 2
  },
  {
    "name": "Require(0) config/config.default.js",
    "start": 1575691426443,
    "end": 1575691426443,
    "duration": 0,
    "pid": 7433,
    "index": 3
  },
  {
    "name": "Require(1) node_modules/egg-session/config/config.default.js",
    "start": 1575691426445,
    "end": 1575691426445,
    "duration": 0,
    "pid": 7433,
    "index": 4
  },
  {
    "name": "Require(2) node_modules/egg-security/config/config.default.js",
    "start": 1575691426445,
    "end": 1575691426445,
    "duration": 0,
    "pid": 7433,
    "index": 5
  },
  {
    "name": "Require(3) node_modules/egg-jsonp/config/config.default.js",
    "start": 1575691426446,
    "end": 1575691426446,
    "duration": 0,
    "pid": 7433,
    "index": 6
  },
  {
    "name": "Require(4) node_modules/egg-onerror/config/config.default.js",
    "start": 1575691426446,
    "end": 1575691426446,
    "duration": 0,
    "pid": 7433,
    "index": 7
  },
  {
    "name": "Require(5) node_modules/egg-i18n/config/config.default.js",
    "start": 1575691426447,
    "end": 1575691426447,
    "duration": 0,
    "pid": 7433,
    "index": 8
  },
  {
    "name": "Require(6) node_modules/egg-watcher/config/config.default.js",
    "start": 1575691426447,
    "end": 1575691426448,
    "duration": 1,
    "pid": 7433,
    "index": 9
  },
  {
    "name": "Require(7) node_modules/egg-schedule/config/config.default.js",
    "start": 1575691426448,
    "end": 1575691426449,
    "duration": 1,
    "pid": 7433,
    "index": 10
  },
  {
    "name": "Require(8) node_modules/egg-multipart/config/config.default.js",
    "start": 1575691426449,
    "end": 1575691426449,
    "duration": 0,
    "pid": 7433,
    "index": 11
  },
  {
    "name": "Require(9) node_modules/egg-development/config/config.default.js",
    "start": 1575691426450,
    "end": 1575691426450,
    "duration": 0,
    "pid": 7433,
    "index": 12
  },
  {
    "name": "Require(10) node_modules/egg-logrotator/config/config.default.js",
    "start": 1575691426451,
    "end": 1575691426451,
    "duration": 0,
    "pid": 7433,
    "index": 13
  },
  {
    "name": "Require(11) node_modules/egg-static/config/config.default.js",
    "start": 1575691426451,
    "end": 1575691426451,
    "duration": 0,
    "pid": 7433,
    "index": 14
  },
  {
    "name": "Require(12) node_modules/egg-view/config/config.default.js",
    "start": 1575691426452,
    "end": 1575691426454,
    "duration": 2,
    "pid": 7433,
    "index": 15
  },
  {
    "name": "Require(13) node_modules/egg/config/config.default.js",
    "start": 1575691426455,
    "end": 1575691426457,
    "duration": 2,
    "pid": 7433,
    "index": 16
  },
  {
    "name": "Require(14) config/config.default.js",
    "start": 1575691426458,
    "end": 1575691426458,
    "duration": 0,
    "pid": 7433,
    "index": 17
  },
  {
    "name": "Require(15) node_modules/egg-security/config/config.local.js",
    "start": 1575691426458,
    "end": 1575691426459,
    "duration": 1,
    "pid": 7433,
    "index": 18
  },
  {
    "name": "Require(16) node_modules/egg-watcher/config/config.local.js",
    "start": 1575691426459,
    "end": 1575691426459,
    "duration": 0,
    "pid": 7433,
    "index": 19
  },
  {
    "name": "Require(17) node_modules/egg-view/config/config.local.js",
    "start": 1575691426460,
    "end": 1575691426461,
    "duration": 1,
    "pid": 7433,
    "index": 20
  },
  {
    "name": "Require(18) node_modules/egg/config/config.local.js",
    "start": 1575691426462,
    "end": 1575691426462,
    "duration": 0,
    "pid": 7433,
    "index": 21
  },
  {
    "name": "Load extend/application.js",
    "start": 1575691426464,
    "end": 1575691426473,
    "duration": 9,
    "pid": 7433,
    "index": 22
  },
  {
    "name": "Require(19) node_modules/egg-session/app/extend/application.js",
    "start": 1575691426465,
    "end": 1575691426466,
    "duration": 1,
    "pid": 7433,
    "index": 23
  },
  {
    "name": "Require(20) node_modules/egg-security/app/extend/application.js",
    "start": 1575691426466,
    "end": 1575691426467,
    "duration": 1,
    "pid": 7433,
    "index": 24
  },
  {
    "name": "Require(21) node_modules/egg-jsonp/app/extend/application.js",
    "start": 1575691426467,
    "end": 1575691426469,
    "duration": 2,
    "pid": 7433,
    "index": 25
  },
  {
    "name": "Require(22) node_modules/egg-logrotator/app/extend/application.js",
    "start": 1575691426470,
    "end": 1575691426471,
    "duration": 1,
    "pid": 7433,
    "index": 26
  },
  {
    "name": "Require(23) node_modules/egg-view/app/extend/application.js",
    "start": 1575691426471,
    "end": 1575691426472,
    "duration": 1,
    "pid": 7433,
    "index": 27
  },
  {
    "name": "Load extend/request.js",
    "start": 1575691426473,
    "end": 1575691426475,
    "duration": 2,
    "pid": 7433,
    "index": 28
  },
  {
    "name": "Require(24) node_modules/egg/app/extend/request.js",
    "start": 1575691426473,
    "end": 1575691426474,
    "duration": 1,
    "pid": 7433,
    "index": 29
  },
  {
    "name": "Load extend/response.js",
    "start": 1575691426475,
    "end": 1575691426477,
    "duration": 2,
    "pid": 7433,
    "index": 30
  },
  {
    "name": "Require(25) node_modules/egg/app/extend/response.js",
    "start": 1575691426475,
    "end": 1575691426476,
    "duration": 1,
    "pid": 7433,
    "index": 31
  },
  {
    "name": "Load extend/context.js",
    "start": 1575691426477,
    "end": 1575691426544,
    "duration": 67,
    "pid": 7433,
    "index": 32
  },
  {
    "name": "Require(26) node_modules/egg-security/app/extend/context.js",
    "start": 1575691426477,
    "end": 1575691426483,
    "duration": 6,
    "pid": 7433,
    "index": 33
  },
  {
    "name": "Require(27) node_modules/egg-jsonp/app/extend/context.js",
    "start": 1575691426484,
    "end": 1575691426484,
    "duration": 0,
    "pid": 7433,
    "index": 34
  },
  {
    "name": "Require(28) node_modules/egg-i18n/app/extend/context.js",
    "start": 1575691426485,
    "end": 1575691426485,
    "duration": 0,
    "pid": 7433,
    "index": 35
  },
  {
    "name": "Require(29) node_modules/egg-multipart/app/extend/context.js",
    "start": 1575691426485,
    "end": 1575691426541,
    "duration": 56,
    "pid": 7433,
    "index": 36
  },
  {
    "name": "Require(30) node_modules/egg-view/app/extend/context.js",
    "start": 1575691426541,
    "end": 1575691426543,
    "duration": 2,
    "pid": 7433,
    "index": 37
  },
  {
    "name": "Require(31) node_modules/egg/app/extend/context.js",
    "start": 1575691426543,
    "end": 1575691426544,
    "duration": 1,
    "pid": 7433,
    "index": 38
  },
  {
    "name": "Load extend/helper.js",
    "start": 1575691426544,
    "end": 1575691426563,
    "duration": 19,
    "pid": 7433,
    "index": 39
  },
  {
    "name": "Require(32) node_modules/egg-security/app/extend/helper.js",
    "start": 1575691426545,
    "end": 1575691426559,
    "duration": 14,
    "pid": 7433,
    "index": 40
  },
  {
    "name": "Require(33) node_modules/egg/app/extend/helper.js",
    "start": 1575691426561,
    "end": 1575691426563,
    "duration": 2,
    "pid": 7433,
    "index": 41
  },
  {
    "name": "Load app.js",
    "start": 1575691426564,
    "end": 1575691426588,
    "duration": 24,
    "pid": 7433,
    "index": 42
  },
  {
    "name": "Require(34) node_modules/egg-session/app.js",
    "start": 1575691426564,
    "end": 1575691426564,
    "duration": 0,
    "pid": 7433,
    "index": 43
  },
  {
    "name": "Require(35) node_modules/egg-security/app.js",
    "start": 1575691426564,
    "end": 1575691426567,
    "duration": 3,
    "pid": 7433,
    "index": 44
  },
  {
    "name": "Require(36) node_modules/egg-onerror/app.js",
    "start": 1575691426567,
    "end": 1575691426574,
    "duration": 7,
    "pid": 7433,
    "index": 45
  },
  {
    "name": "Require(37) node_modules/egg-i18n/app.js",
    "start": 1575691426575,
    "end": 1575691426583,
    "duration": 8,
    "pid": 7433,
    "index": 46
  },
  {
    "name": "Require(38) node_modules/egg-watcher/app.js",
    "start": 1575691426583,
    "end": 1575691426585,
    "duration": 2,
    "pid": 7433,
    "index": 47
  },
  {
    "name": "Require(39) node_modules/egg-schedule/app.js",
    "start": 1575691426585,
    "end": 1575691426585,
    "duration": 0,
    "pid": 7433,
    "index": 48
  },
  {
    "name": "Require(40) node_modules/egg-multipart/app.js",
    "start": 1575691426585,
    "end": 1575691426586,
    "duration": 1,
    "pid": 7433,
    "index": 49
  },
  {
    "name": "Require(41) node_modules/egg-development/app.js",
    "start": 1575691426587,
    "end": 1575691426587,
    "duration": 0,
    "pid": 7433,
    "index": 50
  },
  {
    "name": "Require(42) node_modules/egg-logrotator/app.js",
    "start": 1575691426587,
    "end": 1575691426587,
    "duration": 0,
    "pid": 7433,
    "index": 51
  },
  {
    "name": "Require(43) node_modules/egg-static/app.js",
    "start": 1575691426587,
    "end": 1575691426587,
    "duration": 0,
    "pid": 7433,
    "index": 52
  },
  {
    "name": "Before Start in node_modules/egg-watcher/lib/init.js:15:14",
    "start": 1575691426607,
    "end": 1575691426736,
    "duration": 129,
    "pid": 7433,
    "index": 53
  },
  {
    "name": "Load Service",
    "start": 1575691426643,
    "end": 1575691426646,
    "duration": 3,
    "pid": 7433,
    "index": 54
  },
  {
    "name": "Load \"service\" to Context",
    "start": 1575691426643,
    "end": 1575691426646,
    "duration": 3,
    "pid": 7433,
    "index": 55
  },
  {
    "name": "Load Middleware",
    "start": 1575691426646,
    "end": 1575691426704,
    "duration": 58,
    "pid": 7433,
    "index": 56
  },
  {
    "name": "Load \"middlewares\" to Application",
    "start": 1575691426647,
    "end": 1575691426690,
    "duration": 43,
    "pid": 7433,
    "index": 57
  },
  {
    "name": "Load Controller",
    "start": 1575691426704,
    "end": 1575691426706,
    "duration": 2,
    "pid": 7433,
    "index": 58
  },
  {
    "name": "Load \"controller\" to Application",
    "start": 1575691426704,
    "end": 1575691426706,
    "duration": 2,
    "pid": 7433,
    "index": 59
  },
  {
    "name": "Load Router",
    "start": 1575691426706,
    "end": 1575691426708,
    "duration": 2,
    "pid": 7433,
    "index": 60
  },
  {
    "name": "Require(44) app/router.js",
    "start": 1575691426706,
    "end": 1575691426707,
    "duration": 1,
    "pid": 7433,
    "index": 61
  },
  {
    "name": "Before Start in node_modules/egg-core/lib/egg.js:303:10",
    "start": 1575691426707,
    "end": 1575691426719,
    "duration": 12,
    "pid": 7433,
    "index": 62
  }
]