[
  {
    "name": "Application Start",
    "start": 1575689240329,
    "end": 1575689240867,
    "duration": 538,
    "pid": 3971,
    "index": 0
  },
  {
    "name": "Load Plugin",
    "start": 1575689240332,
    "end": 1575689240356,
    "duration": 24,
    "pid": 3971,
    "index": 1
  },
  {
    "name": "Load Config",
    "start": 1575689240356,
    "end": 1575689240397,
    "duration": 41,
    "pid": 3971,
    "index": 2
  },
  {
    "name": "Require(0) config/config.default.js",
    "start": 1575689240356,
    "end": 1575689240357,
    "duration": 1,
    "pid": 3971,
    "index": 3
  },
  {
    "name": "Require(1) node_modules/egg-session/config/config.default.js",
    "start": 1575689240358,
    "end": 1575689240359,
    "duration": 1,
    "pid": 3971,
    "index": 4
  },
  {
    "name": "Require(2) node_modules/egg-security/config/config.default.js",
    "start": 1575689240359,
    "end": 1575689240361,
    "duration": 2,
    "pid": 3971,
    "index": 5
  },
  {
    "name": "Require(3) node_modules/egg-jsonp/config/config.default.js",
    "start": 1575689240362,
    "end": 1575689240363,
    "duration": 1,
    "pid": 3971,
    "index": 6
  },
  {
    "name": "Require(4) node_modules/egg-onerror/config/config.default.js",
    "start": 1575689240363,
    "end": 1575689240363,
    "duration": 0,
    "pid": 3971,
    "index": 7
  },
  {
    "name": "Require(5) node_modules/egg-i18n/config/config.default.js",
    "start": 1575689240363,
    "end": 1575689240364,
    "duration": 1,
    "pid": 3971,
    "index": 8
  },
  {
    "name": "Require(6) node_modules/egg-watcher/config/config.default.js",
    "start": 1575689240365,
    "end": 1575689240365,
    "duration": 0,
    "pid": 3971,
    "index": 9
  },
  {
    "name": "Require(7) node_modules/egg-schedule/config/config.default.js",
    "start": 1575689240366,
    "end": 1575689240366,
    "duration": 0,
    "pid": 3971,
    "index": 10
  },
  {
    "name": "Require(8) node_modules/egg-multipart/config/config.default.js",
    "start": 1575689240366,
    "end": 1575689240367,
    "duration": 1,
    "pid": 3971,
    "index": 11
  },
  {
    "name": "Require(9) node_modules/egg-development/config/config.default.js",
    "start": 1575689240368,
    "end": 1575689240368,
    "duration": 0,
    "pid": 3971,
    "index": 12
  },
  {
    "name": "Require(10) node_modules/egg-logrotator/config/config.default.js",
    "start": 1575689240370,
    "end": 1575689240371,
    "duration": 1,
    "pid": 3971,
    "index": 13
  },
  {
    "name": "Require(11) node_modules/egg-static/config/config.default.js",
    "start": 1575689240371,
    "end": 1575689240372,
    "duration": 1,
    "pid": 3971,
    "index": 14
  },
  {
    "name": "Require(12) node_modules/egg-view/config/config.default.js",
    "start": 1575689240372,
    "end": 1575689240372,
    "duration": 0,
    "pid": 3971,
    "index": 15
  },
  {
    "name": "Require(13) node_modules/egg/config/config.default.js",
    "start": 1575689240373,
    "end": 1575689240374,
    "duration": 1,
    "pid": 3971,
    "index": 16
  },
  {
    "name": "Require(14) config/config.default.js",
    "start": 1575689240379,
    "end": 1575689240379,
    "duration": 0,
    "pid": 3971,
    "index": 17
  },
  {
    "name": "Require(15) node_modules/egg-security/config/config.local.js",
    "start": 1575689240380,
    "end": 1575689240380,
    "duration": 0,
    "pid": 3971,
    "index": 18
  },
  {
    "name": "Require(16) node_modules/egg-watcher/config/config.local.js",
    "start": 1575689240381,
    "end": 1575689240381,
    "duration": 0,
    "pid": 3971,
    "index": 19
  },
  {
    "name": "Require(17) node_modules/egg-view/config/config.local.js",
    "start": 1575689240382,
    "end": 1575689240390,
    "duration": 8,
    "pid": 3971,
    "index": 20
  },
  {
    "name": "Require(18) node_modules/egg/config/config.local.js",
    "start": 1575689240391,
    "end": 1575689240397,
    "duration": 6,
    "pid": 3971,
    "index": 21
  },
  {
    "name": "Load extend/application.js",
    "start": 1575689240398,
    "end": 1575689240415,
    "duration": 17,
    "pid": 3971,
    "index": 22
  },
  {
    "name": "Require(19) node_modules/egg-session/app/extend/application.js",
    "start": 1575689240399,
    "end": 1575689240400,
    "duration": 1,
    "pid": 3971,
    "index": 23
  },
  {
    "name": "Require(20) node_modules/egg-security/app/extend/application.js",
    "start": 1575689240400,
    "end": 1575689240402,
    "duration": 2,
    "pid": 3971,
    "index": 24
  },
  {
    "name": "Require(21) node_modules/egg-jsonp/app/extend/application.js",
    "start": 1575689240403,
    "end": 1575689240406,
    "duration": 3,
    "pid": 3971,
    "index": 25
  },
  {
    "name": "Require(22) node_modules/egg-logrotator/app/extend/application.js",
    "start": 1575689240407,
    "end": 1575689240409,
    "duration": 2,
    "pid": 3971,
    "index": 26
  },
  {
    "name": "Require(23) node_modules/egg-view/app/extend/application.js",
    "start": 1575689240410,
    "end": 1575689240413,
    "duration": 3,
    "pid": 3971,
    "index": 27
  },
  {
    "name": "Load extend/request.js",
    "start": 1575689240415,
    "end": 1575689240420,
    "duration": 5,
    "pid": 3971,
    "index": 28
  },
  {
    "name": "Require(24) node_modules/egg/app/extend/request.js",
    "start": 1575689240416,
    "end": 1575689240418,
    "duration": 2,
    "pid": 3971,
    "index": 29
  },
  {
    "name": "Load extend/response.js",
    "start": 1575689240420,
    "end": 1575689240423,
    "duration": 3,
    "pid": 3971,
    "index": 30
  },
  {
    "name": "Require(25) node_modules/egg/app/extend/response.js",
    "start": 1575689240421,
    "end": 1575689240422,
    "duration": 1,
    "pid": 3971,
    "index": 31
  },
  {
    "name": "Load extend/context.js",
    "start": 1575689240423,
    "end": 1575689240541,
    "duration": 118,
    "pid": 3971,
    "index": 32
  },
  {
    "name": "Require(26) node_modules/egg-security/app/extend/context.js",
    "start": 1575689240423,
    "end": 1575689240438,
    "duration": 15,
    "pid": 3971,
    "index": 33
  },
  {
    "name": "Require(27) node_modules/egg-jsonp/app/extend/context.js",
    "start": 1575689240438,
    "end": 1575689240440,
    "duration": 2,
    "pid": 3971,
    "index": 34
  },
  {
    "name": "Require(28) node_modules/egg-i18n/app/extend/context.js",
    "start": 1575689240441,
    "end": 1575689240442,
    "duration": 1,
    "pid": 3971,
    "index": 35
  },
  {
    "name": "Require(29) node_modules/egg-multipart/app/extend/context.js",
    "start": 1575689240442,
    "end": 1575689240534,
    "duration": 92,
    "pid": 3971,
    "index": 36
  },
  {
    "name": "Require(30) node_modules/egg-view/app/extend/context.js",
    "start": 1575689240534,
    "end": 1575689240537,
    "duration": 3,
    "pid": 3971,
    "index": 37
  },
  {
    "name": "Require(31) node_modules/egg/app/extend/context.js",
    "start": 1575689240537,
    "end": 1575689240540,
    "duration": 3,
    "pid": 3971,
    "index": 38
  },
  {
    "name": "Load extend/helper.js",
    "start": 1575689240541,
    "end": 1575689240581,
    "duration": 40,
    "pid": 3971,
    "index": 39
  },
  {
    "name": "Require(32) node_modules/egg-security/app/extend/helper.js",
    "start": 1575689240541,
    "end": 1575689240576,
    "duration": 35,
    "pid": 3971,
    "index": 40
  },
  {
    "name": "Require(33) node_modules/egg/app/extend/helper.js",
    "start": 1575689240577,
    "end": 1575689240581,
    "duration": 4,
    "pid": 3971,
    "index": 41
  },
  {
    "name": "Load app.js",
    "start": 1575689240582,
    "end": 1575689240661,
    "duration": 79,
    "pid": 3971,
    "index": 42
  },
  {
    "name": "Require(34) node_modules/egg-session/app.js",
    "start": 1575689240582,
    "end": 1575689240583,
    "duration": 1,
    "pid": 3971,
    "index": 43
  },
  {
    "name": "Require(35) node_modules/egg-security/app.js",
    "start": 1575689240588,
    "end": 1575689240591,
    "duration": 3,
    "pid": 3971,
    "index": 44
  },
  {
    "name": "Require(36) node_modules/egg-onerror/app.js",
    "start": 1575689240591,
    "end": 1575689240612,
    "duration": 21,
    "pid": 3971,
    "index": 45
  },
  {
    "name": "Require(37) node_modules/egg-i18n/app.js",
    "start": 1575689240614,
    "end": 1575689240634,
    "duration": 20,
    "pid": 3971,
    "index": 46
  },
  {
    "name": "Require(38) node_modules/egg-watcher/app.js",
    "start": 1575689240635,
    "end": 1575689240641,
    "duration": 6,
    "pid": 3971,
    "index": 47
  },
  {
    "name": "Require(39) node_modules/egg-schedule/app.js",
    "start": 1575689240642,
    "end": 1575689240646,
    "duration": 4,
    "pid": 3971,
    "index": 48
  },
  {
    "name": "Require(40) node_modules/egg-multipart/app.js",
    "start": 1575689240647,
    "end": 1575689240656,
    "duration": 9,
    "pid": 3971,
    "index": 49
  },
  {
    "name": "Require(41) node_modules/egg-development/app.js",
    "start": 1575689240656,
    "end": 1575689240657,
    "duration": 1,
    "pid": 3971,
    "index": 50
  },
  {
    "name": "Require(42) node_modules/egg-logrotator/app.js",
    "start": 1575689240658,
    "end": 1575689240658,
    "duration": 0,
    "pid": 3971,
    "index": 51
  },
  {
    "name": "Require(43) node_modules/egg-static/app.js",
    "start": 1575689240658,
    "end": 1575689240660,
    "duration": 2,
    "pid": 3971,
    "index": 52
  },
  {
    "name": "Before Start in node_modules/egg-watcher/lib/init.js:15:14",
    "start": 1575689240687,
    "end": 1575689240867,
    "duration": 180,
    "pid": 3971,
    "index": 53
  },
  {
    "name": "Load Service",
    "start": 1575689240724,
    "end": 1575689240726,
    "duration": 2,
    "pid": 3971,
    "index": 54
  },
  {
    "name": "Load \"service\" to Context",
    "start": 1575689240724,
    "end": 1575689240726,
    "duration": 2,
    "pid": 3971,
    "index": 55
  },
  {
    "name": "Load Middleware",
    "start": 1575689240727,
    "end": 1575689240828,
    "duration": 101,
    "pid": 3971,
    "index": 56
  },
  {
    "name": "Load \"middlewares\" to Application",
    "start": 1575689240727,
    "end": 1575689240817,
    "duration": 90,
    "pid": 3971,
    "index": 57
  },
  {
    "name": "Load Controller",
    "start": 1575689240828,
    "end": 1575689240830,
    "duration": 2,
    "pid": 3971,
    "index": 58
  },
  {
    "name": "Load \"controller\" to Application",
    "start": 1575689240828,
    "end": 1575689240830,
    "duration": 2,
    "pid": 3971,
    "index": 59
  },
  {
    "name": "Load Router",
    "start": 1575689240830,
    "end": 1575689240833,
    "duration": 3,
    "pid": 3971,
    "index": 60
  },
  {
    "name": "Require(44) app/router.js",
    "start": 1575689240830,
    "end": 1575689240831,
    "duration": 1,
    "pid": 3971,
    "index": 61
  },
  {
    "name": "Before Start in node_modules/egg-core/lib/egg.js:303:10",
    "start": 1575689240831,
    "end": 1575689240841,
    "duration": 10,
    "pid": 3971,
    "index": 62
  }
]