[
  {
    "name": "Application Start",
    "start": 1575689749483,
    "end": 1575689750436,
    "duration": 953,
    "pid": 4740,
    "index": 0
  },
  {
    "name": "Load Plugin",
    "start": 1575689749494,
    "end": 1575689749505,
    "duration": 11,
    "pid": 4740,
    "index": 1
  },
  {
    "name": "Load Config",
    "start": 1575689749505,
    "end": 1575689749636,
    "duration": 131,
    "pid": 4740,
    "index": 2
  },
  {
    "name": "Require(0) config/config.default.js",
    "start": 1575689749506,
    "end": 1575689749506,
    "duration": 0,
    "pid": 4740,
    "index": 3
  },
  {
    "name": "Require(1) node_modules/egg-session/config/config.default.js",
    "start": 1575689749508,
    "end": 1575689749509,
    "duration": 1,
    "pid": 4740,
    "index": 4
  },
  {
    "name": "Require(2) node_modules/egg-security/config/config.default.js",
    "start": 1575689749511,
    "end": 1575689749513,
    "duration": 2,
    "pid": 4740,
    "index": 5
  },
  {
    "name": "Require(3) node_modules/egg-jsonp/config/config.default.js",
    "start": 1575689749514,
    "end": 1575689749524,
    "duration": 10,
    "pid": 4740,
    "index": 6
  },
  {
    "name": "Require(4) node_modules/egg-onerror/config/config.default.js",
    "start": 1575689749525,
    "end": 1575689749527,
    "duration": 2,
    "pid": 4740,
    "index": 7
  },
  {
    "name": "Require(5) node_modules/egg-i18n/config/config.default.js",
    "start": 1575689749527,
    "end": 1575689749528,
    "duration": 1,
    "pid": 4740,
    "index": 8
  },
  {
    "name": "Require(6) node_modules/egg-watcher/config/config.default.js",
    "start": 1575689749532,
    "end": 1575689749534,
    "duration": 2,
    "pid": 4740,
    "index": 9
  },
  {
    "name": "Require(7) node_modules/egg-schedule/config/config.default.js",
    "start": 1575689749534,
    "end": 1575689749535,
    "duration": 1,
    "pid": 4740,
    "index": 10
  },
  {
    "name": "Require(8) node_modules/egg-multipart/config/config.default.js",
    "start": 1575689749535,
    "end": 1575689749536,
    "duration": 1,
    "pid": 4740,
    "index": 11
  },
  {
    "name": "Require(9) node_modules/egg-development/config/config.default.js",
    "start": 1575689749536,
    "end": 1575689749537,
    "duration": 1,
    "pid": 4740,
    "index": 12
  },
  {
    "name": "Require(10) node_modules/egg-logrotator/config/config.default.js",
    "start": 1575689749537,
    "end": 1575689749538,
    "duration": 1,
    "pid": 4740,
    "index": 13
  },
  {
    "name": "Require(11) node_modules/egg-static/config/config.default.js",
    "start": 1575689749538,
    "end": 1575689749538,
    "duration": 0,
    "pid": 4740,
    "index": 14
  },
  {
    "name": "Require(12) node_modules/egg-view/config/config.default.js",
    "start": 1575689749539,
    "end": 1575689749539,
    "duration": 0,
    "pid": 4740,
    "index": 15
  },
  {
    "name": "Require(13) node_modules/egg/config/config.default.js",
    "start": 1575689749540,
    "end": 1575689749542,
    "duration": 2,
    "pid": 4740,
    "index": 16
  },
  {
    "name": "Require(14) config/config.default.js",
    "start": 1575689749557,
    "end": 1575689749558,
    "duration": 1,
    "pid": 4740,
    "index": 17
  },
  {
    "name": "Require(15) node_modules/egg-security/config/config.local.js",
    "start": 1575689749604,
    "end": 1575689749606,
    "duration": 2,
    "pid": 4740,
    "index": 18
  },
  {
    "name": "Require(16) node_modules/egg-watcher/config/config.local.js",
    "start": 1575689749607,
    "end": 1575689749607,
    "duration": 0,
    "pid": 4740,
    "index": 19
  },
  {
    "name": "Require(17) node_modules/egg-view/config/config.local.js",
    "start": 1575689749608,
    "end": 1575689749609,
    "duration": 1,
    "pid": 4740,
    "index": 20
  },
  {
    "name": "Require(18) node_modules/egg/config/config.local.js",
    "start": 1575689749610,
    "end": 1575689749635,
    "duration": 25,
    "pid": 4740,
    "index": 21
  },
  {
    "name": "Load extend/application.js",
    "start": 1575689749641,
    "end": 1575689749707,
    "duration": 66,
    "pid": 4740,
    "index": 22
  },
  {
    "name": "Require(19) node_modules/egg-session/app/extend/application.js",
    "start": 1575689749642,
    "end": 1575689749643,
    "duration": 1,
    "pid": 4740,
    "index": 23
  },
  {
    "name": "Require(20) node_modules/egg-security/app/extend/application.js",
    "start": 1575689749643,
    "end": 1575689749678,
    "duration": 35,
    "pid": 4740,
    "index": 24
  },
  {
    "name": "Require(21) node_modules/egg-jsonp/app/extend/application.js",
    "start": 1575689749678,
    "end": 1575689749687,
    "duration": 9,
    "pid": 4740,
    "index": 25
  },
  {
    "name": "Require(22) node_modules/egg-logrotator/app/extend/application.js",
    "start": 1575689749699,
    "end": 1575689749702,
    "duration": 3,
    "pid": 4740,
    "index": 26
  },
  {
    "name": "Require(23) node_modules/egg-view/app/extend/application.js",
    "start": 1575689749703,
    "end": 1575689749706,
    "duration": 3,
    "pid": 4740,
    "index": 27
  },
  {
    "name": "Load extend/request.js",
    "start": 1575689749708,
    "end": 1575689749719,
    "duration": 11,
    "pid": 4740,
    "index": 28
  },
  {
    "name": "Require(24) node_modules/egg/app/extend/request.js",
    "start": 1575689749713,
    "end": 1575689749717,
    "duration": 4,
    "pid": 4740,
    "index": 29
  },
  {
    "name": "Load extend/response.js",
    "start": 1575689749720,
    "end": 1575689749732,
    "duration": 12,
    "pid": 4740,
    "index": 30
  },
  {
    "name": "Require(25) node_modules/egg/app/extend/response.js",
    "start": 1575689749722,
    "end": 1575689749731,
    "duration": 9,
    "pid": 4740,
    "index": 31
  },
  {
    "name": "Load extend/context.js",
    "start": 1575689749732,
    "end": 1575689749904,
    "duration": 172,
    "pid": 4740,
    "index": 32
  },
  {
    "name": "Require(26) node_modules/egg-security/app/extend/context.js",
    "start": 1575689749732,
    "end": 1575689749769,
    "duration": 37,
    "pid": 4740,
    "index": 33
  },
  {
    "name": "Require(27) node_modules/egg-jsonp/app/extend/context.js",
    "start": 1575689749769,
    "end": 1575689749770,
    "duration": 1,
    "pid": 4740,
    "index": 34
  },
  {
    "name": "Require(28) node_modules/egg-i18n/app/extend/context.js",
    "start": 1575689749771,
    "end": 1575689749772,
    "duration": 1,
    "pid": 4740,
    "index": 35
  },
  {
    "name": "Require(29) node_modules/egg-multipart/app/extend/context.js",
    "start": 1575689749772,
    "end": 1575689749899,
    "duration": 127,
    "pid": 4740,
    "index": 36
  },
  {
    "name": "Require(30) node_modules/egg-view/app/extend/context.js",
    "start": 1575689749899,
    "end": 1575689749901,
    "duration": 2,
    "pid": 4740,
    "index": 37
  },
  {
    "name": "Require(31) node_modules/egg/app/extend/context.js",
    "start": 1575689749901,
    "end": 1575689749903,
    "duration": 2,
    "pid": 4740,
    "index": 38
  },
  {
    "name": "Load extend/helper.js",
    "start": 1575689749904,
    "end": 1575689749934,
    "duration": 30,
    "pid": 4740,
    "index": 39
  },
  {
    "name": "Require(32) node_modules/egg-security/app/extend/helper.js",
    "start": 1575689749904,
    "end": 1575689749932,
    "duration": 28,
    "pid": 4740,
    "index": 40
  },
  {
    "name": "Require(33) node_modules/egg/app/extend/helper.js",
    "start": 1575689749933,
    "end": 1575689749933,
    "duration": 0,
    "pid": 4740,
    "index": 41
  },
  {
    "name": "Load app.js",
    "start": 1575689749934,
    "end": 1575689749981,
    "duration": 47,
    "pid": 4740,
    "index": 42
  },
  {
    "name": "Require(34) node_modules/egg-session/app.js",
    "start": 1575689749934,
    "end": 1575689749935,
    "duration": 1,
    "pid": 4740,
    "index": 43
  },
  {
    "name": "Require(35) node_modules/egg-security/app.js",
    "start": 1575689749935,
    "end": 1575689749936,
    "duration": 1,
    "pid": 4740,
    "index": 44
  },
  {
    "name": "Require(36) node_modules/egg-onerror/app.js",
    "start": 1575689749937,
    "end": 1575689749948,
    "duration": 11,
    "pid": 4740,
    "index": 45
  },
  {
    "name": "Require(37) node_modules/egg-i18n/app.js",
    "start": 1575689749948,
    "end": 1575689749967,
    "duration": 19,
    "pid": 4740,
    "index": 46
  },
  {
    "name": "Require(38) node_modules/egg-watcher/app.js",
    "start": 1575689749967,
    "end": 1575689749970,
    "duration": 3,
    "pid": 4740,
    "index": 47
  },
  {
    "name": "Require(39) node_modules/egg-schedule/app.js",
    "start": 1575689749970,
    "end": 1575689749972,
    "duration": 2,
    "pid": 4740,
    "index": 48
  },
  {
    "name": "Require(40) node_modules/egg-multipart/app.js",
    "start": 1575689749972,
    "end": 1575689749975,
    "duration": 3,
    "pid": 4740,
    "index": 49
  },
  {
    "name": "Require(41) node_modules/egg-development/app.js",
    "start": 1575689749975,
    "end": 1575689749976,
    "duration": 1,
    "pid": 4740,
    "index": 50
  },
  {
    "name": "Require(42) node_modules/egg-logrotator/app.js",
    "start": 1575689749976,
    "end": 1575689749977,
    "duration": 1,
    "pid": 4740,
    "index": 51
  },
  {
    "name": "Require(43) node_modules/egg-static/app.js",
    "start": 1575689749977,
    "end": 1575689749977,
    "duration": 0,
    "pid": 4740,
    "index": 52
  },
  {
    "name": "Before Start in node_modules/egg-watcher/lib/init.js:15:14",
    "start": 1575689749999,
    "end": 1575689750436,
    "duration": 437,
    "pid": 4740,
    "index": 53
  },
  {
    "name": "Load Service",
    "start": 1575689750221,
    "end": 1575689750235,
    "duration": 14,
    "pid": 4740,
    "index": 54
  },
  {
    "name": "Load \"service\" to Context",
    "start": 1575689750225,
    "end": 1575689750235,
    "duration": 10,
    "pid": 4740,
    "index": 55
  },
  {
    "name": "Load Middleware",
    "start": 1575689750235,
    "end": 1575689750400,
    "duration": 165,
    "pid": 4740,
    "index": 56
  },
  {
    "name": "Load \"middlewares\" to Application",
    "start": 1575689750236,
    "end": 1575689750377,
    "duration": 141,
    "pid": 4740,
    "index": 57
  },
  {
    "name": "Load Controller",
    "start": 1575689750400,
    "end": 1575689750403,
    "duration": 3,
    "pid": 4740,
    "index": 58
  },
  {
    "name": "Load \"controller\" to Application",
    "start": 1575689750400,
    "end": 1575689750403,
    "duration": 3,
    "pid": 4740,
    "index": 59
  },
  {
    "name": "Load Router",
    "start": 1575689750403,
    "end": 1575689750406,
    "duration": 3,
    "pid": 4740,
    "index": 60
  },
  {
    "name": "Require(44) app/router.js",
    "start": 1575689750403,
    "end": 1575689750403,
    "duration": 0,
    "pid": 4740,
    "index": 61
  },
  {
    "name": "Before Start in node_modules/egg-core/lib/egg.js:303:10",
    "start": 1575689750404,
    "end": 1575689750423,
    "duration": 19,
    "pid": 4740,
    "index": 62
  }
]