[
  {
    "name": "Application Start",
    "start": 1575690934403,
    "end": 1575690934765,
    "duration": 362,
    "pid": 6636,
    "index": 0
  },
  {
    "name": "Load Plugin",
    "start": 1575690934407,
    "end": 1575690934413,
    "duration": 6,
    "pid": 6636,
    "index": 1
  },
  {
    "name": "Load Config",
    "start": 1575690934413,
    "end": 1575690934433,
    "duration": 20,
    "pid": 6636,
    "index": 2
  },
  {
    "name": "Require(0) config/config.default.js",
    "start": 1575690934414,
    "end": 1575690934414,
    "duration": 0,
    "pid": 6636,
    "index": 3
  },
  {
    "name": "Require(1) node_modules/egg-session/config/config.default.js",
    "start": 1575690934415,
    "end": 1575690934416,
    "duration": 1,
    "pid": 6636,
    "index": 4
  },
  {
    "name": "Require(2) node_modules/egg-security/config/config.default.js",
    "start": 1575690934416,
    "end": 1575690934416,
    "duration": 0,
    "pid": 6636,
    "index": 5
  },
  {
    "name": "Require(3) node_modules/egg-jsonp/config/config.default.js",
    "start": 1575690934416,
    "end": 1575690934417,
    "duration": 1,
    "pid": 6636,
    "index": 6
  },
  {
    "name": "Require(4) node_modules/egg-onerror/config/config.default.js",
    "start": 1575690934417,
    "end": 1575690934417,
    "duration": 0,
    "pid": 6636,
    "index": 7
  },
  {
    "name": "Require(5) node_modules/egg-i18n/config/config.default.js",
    "start": 1575690934417,
    "end": 1575690934418,
    "duration": 1,
    "pid": 6636,
    "index": 8
  },
  {
    "name": "Require(6) node_modules/egg-watcher/config/config.default.js",
    "start": 1575690934418,
    "end": 1575690934418,
    "duration": 0,
    "pid": 6636,
    "index": 9
  },
  {
    "name": "Require(7) node_modules/egg-schedule/config/config.default.js",
    "start": 1575690934419,
    "end": 1575690934419,
    "duration": 0,
    "pid": 6636,
    "index": 10
  },
  {
    "name": "Require(8) node_modules/egg-multipart/config/config.default.js",
    "start": 1575690934419,
    "end": 1575690934419,
    "duration": 0,
    "pid": 6636,
    "index": 11
  },
  {
    "name": "Require(9) node_modules/egg-development/config/config.default.js",
    "start": 1575690934419,
    "end": 1575690934420,
    "duration": 1,
    "pid": 6636,
    "index": 12
  },
  {
    "name": "Require(10) node_modules/egg-logrotator/config/config.default.js",
    "start": 1575690934420,
    "end": 1575690934420,
    "duration": 0,
    "pid": 6636,
    "index": 13
  },
  {
    "name": "Require(11) node_modules/egg-static/config/config.default.js",
    "start": 1575690934420,
    "end": 1575690934421,
    "duration": 1,
    "pid": 6636,
    "index": 14
  },
  {
    "name": "Require(12) node_modules/egg-view/config/config.default.js",
    "start": 1575690934423,
    "end": 1575690934424,
    "duration": 1,
    "pid": 6636,
    "index": 15
  },
  {
    "name": "Require(13) node_modules/egg/config/config.default.js",
    "start": 1575690934424,
    "end": 1575690934425,
    "duration": 1,
    "pid": 6636,
    "index": 16
  },
  {
    "name": "Require(14) config/config.default.js",
    "start": 1575690934426,
    "end": 1575690934426,
    "duration": 0,
    "pid": 6636,
    "index": 17
  },
  {
    "name": "Require(15) node_modules/egg-security/config/config.local.js",
    "start": 1575690934427,
    "end": 1575690934427,
    "duration": 0,
    "pid": 6636,
    "index": 18
  },
  {
    "name": "Require(16) node_modules/egg-watcher/config/config.local.js",
    "start": 1575690934428,
    "end": 1575690934428,
    "duration": 0,
    "pid": 6636,
    "index": 19
  },
  {
    "name": "Require(17) node_modules/egg-view/config/config.local.js",
    "start": 1575690934429,
    "end": 1575690934431,
    "duration": 2,
    "pid": 6636,
    "index": 20
  },
  {
    "name": "Require(18) node_modules/egg/config/config.local.js",
    "start": 1575690934432,
    "end": 1575690934433,
    "duration": 1,
    "pid": 6636,
    "index": 21
  },
  {
    "name": "Load extend/application.js",
    "start": 1575690934435,
    "end": 1575690934442,
    "duration": 7,
    "pid": 6636,
    "index": 22
  },
  {
    "name": "Require(19) node_modules/egg-session/app/extend/application.js",
    "start": 1575690934436,
    "end": 1575690934437,
    "duration": 1,
    "pid": 6636,
    "index": 23
  },
  {
    "name": "Require(20) node_modules/egg-security/app/extend/application.js",
    "start": 1575690934437,
    "end": 1575690934438,
    "duration": 1,
    "pid": 6636,
    "index": 24
  },
  {
    "name": "Require(21) node_modules/egg-jsonp/app/extend/application.js",
    "start": 1575690934438,
    "end": 1575690934439,
    "duration": 1,
    "pid": 6636,
    "index": 25
  },
  {
    "name": "Require(22) node_modules/egg-logrotator/app/extend/application.js",
    "start": 1575690934439,
    "end": 1575690934440,
    "duration": 1,
    "pid": 6636,
    "index": 26
  },
  {
    "name": "Require(23) node_modules/egg-view/app/extend/application.js",
    "start": 1575690934440,
    "end": 1575690934441,
    "duration": 1,
    "pid": 6636,
    "index": 27
  },
  {
    "name": "Load extend/request.js",
    "start": 1575690934442,
    "end": 1575690934444,
    "duration": 2,
    "pid": 6636,
    "index": 28
  },
  {
    "name": "Require(24) node_modules/egg/app/extend/request.js",
    "start": 1575690934442,
    "end": 1575690934443,
    "duration": 1,
    "pid": 6636,
    "index": 29
  },
  {
    "name": "Load extend/response.js",
    "start": 1575690934444,
    "end": 1575690934447,
    "duration": 3,
    "pid": 6636,
    "index": 30
  },
  {
    "name": "Require(25) node_modules/egg/app/extend/response.js",
    "start": 1575690934446,
    "end": 1575690934446,
    "duration": 0,
    "pid": 6636,
    "index": 31
  },
  {
    "name": "Load extend/context.js",
    "start": 1575690934447,
    "end": 1575690934541,
    "duration": 94,
    "pid": 6636,
    "index": 32
  },
  {
    "name": "Require(26) node_modules/egg-security/app/extend/context.js",
    "start": 1575690934447,
    "end": 1575690934453,
    "duration": 6,
    "pid": 6636,
    "index": 33
  },
  {
    "name": "Require(27) node_modules/egg-jsonp/app/extend/context.js",
    "start": 1575690934454,
    "end": 1575690934455,
    "duration": 1,
    "pid": 6636,
    "index": 34
  },
  {
    "name": "Require(28) node_modules/egg-i18n/app/extend/context.js",
    "start": 1575690934455,
    "end": 1575690934456,
    "duration": 1,
    "pid": 6636,
    "index": 35
  },
  {
    "name": "Require(29) node_modules/egg-multipart/app/extend/context.js",
    "start": 1575690934458,
    "end": 1575690934530,
    "duration": 72,
    "pid": 6636,
    "index": 36
  },
  {
    "name": "Require(30) node_modules/egg-view/app/extend/context.js",
    "start": 1575690934531,
    "end": 1575690934539,
    "duration": 8,
    "pid": 6636,
    "index": 37
  },
  {
    "name": "Require(31) node_modules/egg/app/extend/context.js",
    "start": 1575690934539,
    "end": 1575690934540,
    "duration": 1,
    "pid": 6636,
    "index": 38
  },
  {
    "name": "Load extend/helper.js",
    "start": 1575690934542,
    "end": 1575690934590,
    "duration": 48,
    "pid": 6636,
    "index": 39
  },
  {
    "name": "Require(32) node_modules/egg-security/app/extend/helper.js",
    "start": 1575690934543,
    "end": 1575690934586,
    "duration": 43,
    "pid": 6636,
    "index": 40
  },
  {
    "name": "Require(33) node_modules/egg/app/extend/helper.js",
    "start": 1575690934589,
    "end": 1575690934590,
    "duration": 1,
    "pid": 6636,
    "index": 41
  },
  {
    "name": "Load app.js",
    "start": 1575690934591,
    "end": 1575690934623,
    "duration": 32,
    "pid": 6636,
    "index": 42
  },
  {
    "name": "Require(34) node_modules/egg-session/app.js",
    "start": 1575690934591,
    "end": 1575690934592,
    "duration": 1,
    "pid": 6636,
    "index": 43
  },
  {
    "name": "Require(35) node_modules/egg-security/app.js",
    "start": 1575690934593,
    "end": 1575690934595,
    "duration": 2,
    "pid": 6636,
    "index": 44
  },
  {
    "name": "Require(36) node_modules/egg-onerror/app.js",
    "start": 1575690934597,
    "end": 1575690934602,
    "duration": 5,
    "pid": 6636,
    "index": 45
  },
  {
    "name": "Require(37) node_modules/egg-i18n/app.js",
    "start": 1575690934603,
    "end": 1575690934615,
    "duration": 12,
    "pid": 6636,
    "index": 46
  },
  {
    "name": "Require(38) node_modules/egg-watcher/app.js",
    "start": 1575690934615,
    "end": 1575690934616,
    "duration": 1,
    "pid": 6636,
    "index": 47
  },
  {
    "name": "Require(39) node_modules/egg-schedule/app.js",
    "start": 1575690934616,
    "end": 1575690934617,
    "duration": 1,
    "pid": 6636,
    "index": 48
  },
  {
    "name": "Require(40) node_modules/egg-multipart/app.js",
    "start": 1575690934617,
    "end": 1575690934619,
    "duration": 2,
    "pid": 6636,
    "index": 49
  },
  {
    "name": "Require(41) node_modules/egg-development/app.js",
    "start": 1575690934619,
    "end": 1575690934621,
    "duration": 2,
    "pid": 6636,
    "index": 50
  },
  {
    "name": "Require(42) node_modules/egg-logrotator/app.js",
    "start": 1575690934622,
    "end": 1575690934622,
    "duration": 0,
    "pid": 6636,
    "index": 51
  },
  {
    "name": "Require(43) node_modules/egg-static/app.js",
    "start": 1575690934622,
    "end": 1575690934622,
    "duration": 0,
    "pid": 6636,
    "index": 52
  },
  {
    "name": "Before Start in node_modules/egg-watcher/lib/init.js:15:14",
    "start": 1575690934638,
    "end": 1575690934765,
    "duration": 127,
    "pid": 6636,
    "index": 53
  },
  {
    "name": "Load Service",
    "start": 1575690934671,
    "end": 1575690934674,
    "duration": 3,
    "pid": 6636,
    "index": 54
  },
  {
    "name": "Load \"service\" to Context",
    "start": 1575690934671,
    "end": 1575690934674,
    "duration": 3,
    "pid": 6636,
    "index": 55
  },
  {
    "name": "Load Middleware",
    "start": 1575690934674,
    "end": 1575690934735,
    "duration": 61,
    "pid": 6636,
    "index": 56
  },
  {
    "name": "Load \"middlewares\" to Application",
    "start": 1575690934674,
    "end": 1575690934725,
    "duration": 51,
    "pid": 6636,
    "index": 57
  },
  {
    "name": "Load Controller",
    "start": 1575690934736,
    "end": 1575690934737,
    "duration": 1,
    "pid": 6636,
    "index": 58
  },
  {
    "name": "Load \"controller\" to Application",
    "start": 1575690934736,
    "end": 1575690934737,
    "duration": 1,
    "pid": 6636,
    "index": 59
  },
  {
    "name": "Load Router",
    "start": 1575690934737,
    "end": 1575690934740,
    "duration": 3,
    "pid": 6636,
    "index": 60
  },
  {
    "name": "Require(44) app/router.js",
    "start": 1575690934737,
    "end": 1575690934738,
    "duration": 1,
    "pid": 6636,
    "index": 61
  },
  {
    "name": "Before Start in node_modules/egg-core/lib/egg.js:303:10",
    "start": 1575690934738,
    "end": 1575690934748,
    "duration": 10,
    "pid": 6636,
    "index": 62
  }
]