[
  {
    "name": "Application Start",
    "start": 1575689706454,
    "end": 1575689706874,
    "duration": 420,
    "pid": 4651,
    "index": 0
  },
  {
    "name": "Load Plugin",
    "start": 1575689706457,
    "end": 1575689706463,
    "duration": 6,
    "pid": 4651,
    "index": 1
  },
  {
    "name": "Load Config",
    "start": 1575689706464,
    "end": 1575689706499,
    "duration": 35,
    "pid": 4651,
    "index": 2
  },
  {
    "name": "Require(0) config/config.default.js",
    "start": 1575689706464,
    "end": 1575689706465,
    "duration": 1,
    "pid": 4651,
    "index": 3
  },
  {
    "name": "Require(1) node_modules/egg-session/config/config.default.js",
    "start": 1575689706466,
    "end": 1575689706466,
    "duration": 0,
    "pid": 4651,
    "index": 4
  },
  {
    "name": "Require(2) node_modules/egg-security/config/config.default.js",
    "start": 1575689706467,
    "end": 1575689706467,
    "duration": 0,
    "pid": 4651,
    "index": 5
  },
  {
    "name": "Require(3) node_modules/egg-jsonp/config/config.default.js",
    "start": 1575689706467,
    "end": 1575689706468,
    "duration": 1,
    "pid": 4651,
    "index": 6
  },
  {
    "name": "Require(4) node_modules/egg-onerror/config/config.default.js",
    "start": 1575689706468,
    "end": 1575689706468,
    "duration": 0,
    "pid": 4651,
    "index": 7
  },
  {
    "name": "Require(5) node_modules/egg-i18n/config/config.default.js",
    "start": 1575689706468,
    "end": 1575689706468,
    "duration": 0,
    "pid": 4651,
    "index": 8
  },
  {
    "name": "Require(6) node_modules/egg-watcher/config/config.default.js",
    "start": 1575689706470,
    "end": 1575689706470,
    "duration": 0,
    "pid": 4651,
    "index": 9
  },
  {
    "name": "Require(7) node_modules/egg-schedule/config/config.default.js",
    "start": 1575689706471,
    "end": 1575689706471,
    "duration": 0,
    "pid": 4651,
    "index": 10
  },
  {
    "name": "Require(8) node_modules/egg-multipart/config/config.default.js",
    "start": 1575689706471,
    "end": 1575689706471,
    "duration": 0,
    "pid": 4651,
    "index": 11
  },
  {
    "name": "Require(9) node_modules/egg-development/config/config.default.js",
    "start": 1575689706472,
    "end": 1575689706473,
    "duration": 1,
    "pid": 4651,
    "index": 12
  },
  {
    "name": "Require(10) node_modules/egg-logrotator/config/config.default.js",
    "start": 1575689706475,
    "end": 1575689706476,
    "duration": 1,
    "pid": 4651,
    "index": 13
  },
  {
    "name": "Require(11) node_modules/egg-static/config/config.default.js",
    "start": 1575689706477,
    "end": 1575689706478,
    "duration": 1,
    "pid": 4651,
    "index": 14
  },
  {
    "name": "Require(12) node_modules/egg-view/config/config.default.js",
    "start": 1575689706478,
    "end": 1575689706478,
    "duration": 0,
    "pid": 4651,
    "index": 15
  },
  {
    "name": "Require(13) node_modules/egg/config/config.default.js",
    "start": 1575689706479,
    "end": 1575689706481,
    "duration": 2,
    "pid": 4651,
    "index": 16
  },
  {
    "name": "Require(14) config/config.default.js",
    "start": 1575689706483,
    "end": 1575689706483,
    "duration": 0,
    "pid": 4651,
    "index": 17
  },
  {
    "name": "Require(15) node_modules/egg-security/config/config.local.js",
    "start": 1575689706484,
    "end": 1575689706486,
    "duration": 2,
    "pid": 4651,
    "index": 18
  },
  {
    "name": "Require(16) node_modules/egg-watcher/config/config.local.js",
    "start": 1575689706494,
    "end": 1575689706495,
    "duration": 1,
    "pid": 4651,
    "index": 19
  },
  {
    "name": "Require(17) node_modules/egg-view/config/config.local.js",
    "start": 1575689706498,
    "end": 1575689706498,
    "duration": 0,
    "pid": 4651,
    "index": 20
  },
  {
    "name": "Require(18) node_modules/egg/config/config.local.js",
    "start": 1575689706498,
    "end": 1575689706499,
    "duration": 1,
    "pid": 4651,
    "index": 21
  },
  {
    "name": "Load extend/application.js",
    "start": 1575689706501,
    "end": 1575689706506,
    "duration": 5,
    "pid": 4651,
    "index": 22
  },
  {
    "name": "Require(19) node_modules/egg-session/app/extend/application.js",
    "start": 1575689706502,
    "end": 1575689706502,
    "duration": 0,
    "pid": 4651,
    "index": 23
  },
  {
    "name": "Require(20) node_modules/egg-security/app/extend/application.js",
    "start": 1575689706502,
    "end": 1575689706503,
    "duration": 1,
    "pid": 4651,
    "index": 24
  },
  {
    "name": "Require(21) node_modules/egg-jsonp/app/extend/application.js",
    "start": 1575689706503,
    "end": 1575689706504,
    "duration": 1,
    "pid": 4651,
    "index": 25
  },
  {
    "name": "Require(22) node_modules/egg-logrotator/app/extend/application.js",
    "start": 1575689706504,
    "end": 1575689706505,
    "duration": 1,
    "pid": 4651,
    "index": 26
  },
  {
    "name": "Require(23) node_modules/egg-view/app/extend/application.js",
    "start": 1575689706505,
    "end": 1575689706506,
    "duration": 1,
    "pid": 4651,
    "index": 27
  },
  {
    "name": "Load extend/request.js",
    "start": 1575689706507,
    "end": 1575689706510,
    "duration": 3,
    "pid": 4651,
    "index": 28
  },
  {
    "name": "Require(24) node_modules/egg/app/extend/request.js",
    "start": 1575689706507,
    "end": 1575689706509,
    "duration": 2,
    "pid": 4651,
    "index": 29
  },
  {
    "name": "Load extend/response.js",
    "start": 1575689706512,
    "end": 1575689706517,
    "duration": 5,
    "pid": 4651,
    "index": 30
  },
  {
    "name": "Require(25) node_modules/egg/app/extend/response.js",
    "start": 1575689706516,
    "end": 1575689706516,
    "duration": 0,
    "pid": 4651,
    "index": 31
  },
  {
    "name": "Load extend/context.js",
    "start": 1575689706517,
    "end": 1575689706633,
    "duration": 116,
    "pid": 4651,
    "index": 32
  },
  {
    "name": "Require(26) node_modules/egg-security/app/extend/context.js",
    "start": 1575689706517,
    "end": 1575689706529,
    "duration": 12,
    "pid": 4651,
    "index": 33
  },
  {
    "name": "Require(27) node_modules/egg-jsonp/app/extend/context.js",
    "start": 1575689706530,
    "end": 1575689706530,
    "duration": 0,
    "pid": 4651,
    "index": 34
  },
  {
    "name": "Require(28) node_modules/egg-i18n/app/extend/context.js",
    "start": 1575689706531,
    "end": 1575689706531,
    "duration": 0,
    "pid": 4651,
    "index": 35
  },
  {
    "name": "Require(29) node_modules/egg-multipart/app/extend/context.js",
    "start": 1575689706531,
    "end": 1575689706628,
    "duration": 97,
    "pid": 4651,
    "index": 36
  },
  {
    "name": "Require(30) node_modules/egg-view/app/extend/context.js",
    "start": 1575689706628,
    "end": 1575689706631,
    "duration": 3,
    "pid": 4651,
    "index": 37
  },
  {
    "name": "Require(31) node_modules/egg/app/extend/context.js",
    "start": 1575689706631,
    "end": 1575689706632,
    "duration": 1,
    "pid": 4651,
    "index": 38
  },
  {
    "name": "Load extend/helper.js",
    "start": 1575689706634,
    "end": 1575689706663,
    "duration": 29,
    "pid": 4651,
    "index": 39
  },
  {
    "name": "Require(32) node_modules/egg-security/app/extend/helper.js",
    "start": 1575689706634,
    "end": 1575689706662,
    "duration": 28,
    "pid": 4651,
    "index": 40
  },
  {
    "name": "Require(33) node_modules/egg/app/extend/helper.js",
    "start": 1575689706662,
    "end": 1575689706663,
    "duration": 1,
    "pid": 4651,
    "index": 41
  },
  {
    "name": "Load app.js",
    "start": 1575689706664,
    "end": 1575689706703,
    "duration": 39,
    "pid": 4651,
    "index": 42
  },
  {
    "name": "Require(34) node_modules/egg-session/app.js",
    "start": 1575689706664,
    "end": 1575689706664,
    "duration": 0,
    "pid": 4651,
    "index": 43
  },
  {
    "name": "Require(35) node_modules/egg-security/app.js",
    "start": 1575689706664,
    "end": 1575689706666,
    "duration": 2,
    "pid": 4651,
    "index": 44
  },
  {
    "name": "Require(36) node_modules/egg-onerror/app.js",
    "start": 1575689706666,
    "end": 1575689706674,
    "duration": 8,
    "pid": 4651,
    "index": 45
  },
  {
    "name": "Require(37) node_modules/egg-i18n/app.js",
    "start": 1575689706674,
    "end": 1575689706693,
    "duration": 19,
    "pid": 4651,
    "index": 46
  },
  {
    "name": "Require(38) node_modules/egg-watcher/app.js",
    "start": 1575689706693,
    "end": 1575689706696,
    "duration": 3,
    "pid": 4651,
    "index": 47
  },
  {
    "name": "Require(39) node_modules/egg-schedule/app.js",
    "start": 1575689706697,
    "end": 1575689706698,
    "duration": 1,
    "pid": 4651,
    "index": 48
  },
  {
    "name": "Require(40) node_modules/egg-multipart/app.js",
    "start": 1575689706698,
    "end": 1575689706700,
    "duration": 2,
    "pid": 4651,
    "index": 49
  },
  {
    "name": "Require(41) node_modules/egg-development/app.js",
    "start": 1575689706701,
    "end": 1575689706701,
    "duration": 0,
    "pid": 4651,
    "index": 50
  },
  {
    "name": "Require(42) node_modules/egg-logrotator/app.js",
    "start": 1575689706701,
    "end": 1575689706702,
    "duration": 1,
    "pid": 4651,
    "index": 51
  },
  {
    "name": "Require(43) node_modules/egg-static/app.js",
    "start": 1575689706702,
    "end": 1575689706702,
    "duration": 0,
    "pid": 4651,
    "index": 52
  },
  {
    "name": "Before Start in node_modules/egg-watcher/lib/init.js:15:14",
    "start": 1575689706718,
    "end": 1575689706873,
    "duration": 155,
    "pid": 4651,
    "index": 53
  },
  {
    "name": "Load Service",
    "start": 1575689706756,
    "end": 1575689706760,
    "duration": 4,
    "pid": 4651,
    "index": 54
  },
  {
    "name": "Load \"service\" to Context",
    "start": 1575689706756,
    "end": 1575689706760,
    "duration": 4,
    "pid": 4651,
    "index": 55
  },
  {
    "name": "Load Middleware",
    "start": 1575689706761,
    "end": 1575689706846,
    "duration": 85,
    "pid": 4651,
    "index": 56
  },
  {
    "name": "Load \"middlewares\" to Application",
    "start": 1575689706761,
    "end": 1575689706836,
    "duration": 75,
    "pid": 4651,
    "index": 57
  },
  {
    "name": "Load Controller",
    "start": 1575689706846,
    "end": 1575689706850,
    "duration": 4,
    "pid": 4651,
    "index": 58
  },
  {
    "name": "Load \"controller\" to Application",
    "start": 1575689706847,
    "end": 1575689706850,
    "duration": 3,
    "pid": 4651,
    "index": 59
  },
  {
    "name": "Load Router",
    "start": 1575689706850,
    "end": 1575689706854,
    "duration": 4,
    "pid": 4651,
    "index": 60
  },
  {
    "name": "Require(44) app/router.js",
    "start": 1575689706850,
    "end": 1575689706851,
    "duration": 1,
    "pid": 4651,
    "index": 61
  },
  {
    "name": "Before Start in node_modules/egg-core/lib/egg.js:303:10",
    "start": 1575689706852,
    "end": 1575689706863,
    "duration": 11,
    "pid": 4651,
    "index": 62
  }
]