[
  {
    "name": "Application Start",
    "start": 1575691456311,
    "end": 1575691456743,
    "duration": 432,
    "pid": 7485,
    "index": 0
  },
  {
    "name": "Load Plugin",
    "start": 1575691456314,
    "end": 1575691456321,
    "duration": 7,
    "pid": 7485,
    "index": 1
  },
  {
    "name": "Load Config",
    "start": 1575691456321,
    "end": 1575691456358,
    "duration": 37,
    "pid": 7485,
    "index": 2
  },
  {
    "name": "Require(0) config/config.default.js",
    "start": 1575691456322,
    "end": 1575691456322,
    "duration": 0,
    "pid": 7485,
    "index": 3
  },
  {
    "name": "Require(1) node_modules/egg-session/config/config.default.js",
    "start": 1575691456324,
    "end": 1575691456324,
    "duration": 0,
    "pid": 7485,
    "index": 4
  },
  {
    "name": "Require(2) node_modules/egg-security/config/config.default.js",
    "start": 1575691456324,
    "end": 1575691456326,
    "duration": 2,
    "pid": 7485,
    "index": 5
  },
  {
    "name": "Require(3) node_modules/egg-jsonp/config/config.default.js",
    "start": 1575691456327,
    "end": 1575691456328,
    "duration": 1,
    "pid": 7485,
    "index": 6
  },
  {
    "name": "Require(4) node_modules/egg-onerror/config/config.default.js",
    "start": 1575691456328,
    "end": 1575691456329,
    "duration": 1,
    "pid": 7485,
    "index": 7
  },
  {
    "name": "Require(5) node_modules/egg-i18n/config/config.default.js",
    "start": 1575691456329,
    "end": 1575691456329,
    "duration": 0,
    "pid": 7485,
    "index": 8
  },
  {
    "name": "Require(6) node_modules/egg-watcher/config/config.default.js",
    "start": 1575691456330,
    "end": 1575691456331,
    "duration": 1,
    "pid": 7485,
    "index": 9
  },
  {
    "name": "Require(7) node_modules/egg-schedule/config/config.default.js",
    "start": 1575691456331,
    "end": 1575691456332,
    "duration": 1,
    "pid": 7485,
    "index": 10
  },
  {
    "name": "Require(8) node_modules/egg-multipart/config/config.default.js",
    "start": 1575691456332,
    "end": 1575691456335,
    "duration": 3,
    "pid": 7485,
    "index": 11
  },
  {
    "name": "Require(9) node_modules/egg-development/config/config.default.js",
    "start": 1575691456335,
    "end": 1575691456336,
    "duration": 1,
    "pid": 7485,
    "index": 12
  },
  {
    "name": "Require(10) node_modules/egg-logrotator/config/config.default.js",
    "start": 1575691456336,
    "end": 1575691456344,
    "duration": 8,
    "pid": 7485,
    "index": 13
  },
  {
    "name": "Require(11) node_modules/egg-static/config/config.default.js",
    "start": 1575691456352,
    "end": 1575691456352,
    "duration": 0,
    "pid": 7485,
    "index": 14
  },
  {
    "name": "Require(12) node_modules/egg-view/config/config.default.js",
    "start": 1575691456352,
    "end": 1575691456352,
    "duration": 0,
    "pid": 7485,
    "index": 15
  },
  {
    "name": "Require(13) node_modules/egg/config/config.default.js",
    "start": 1575691456353,
    "end": 1575691456353,
    "duration": 0,
    "pid": 7485,
    "index": 16
  },
  {
    "name": "Require(14) config/config.default.js",
    "start": 1575691456354,
    "end": 1575691456354,
    "duration": 0,
    "pid": 7485,
    "index": 17
  },
  {
    "name": "Require(15) node_modules/egg-security/config/config.local.js",
    "start": 1575691456355,
    "end": 1575691456355,
    "duration": 0,
    "pid": 7485,
    "index": 18
  },
  {
    "name": "Require(16) node_modules/egg-watcher/config/config.local.js",
    "start": 1575691456355,
    "end": 1575691456356,
    "duration": 1,
    "pid": 7485,
    "index": 19
  },
  {
    "name": "Require(17) node_modules/egg-view/config/config.local.js",
    "start": 1575691456357,
    "end": 1575691456357,
    "duration": 0,
    "pid": 7485,
    "index": 20
  },
  {
    "name": "Require(18) node_modules/egg/config/config.local.js",
    "start": 1575691456357,
    "end": 1575691456358,
    "duration": 1,
    "pid": 7485,
    "index": 21
  },
  {
    "name": "Load extend/application.js",
    "start": 1575691456359,
    "end": 1575691456375,
    "duration": 16,
    "pid": 7485,
    "index": 22
  },
  {
    "name": "Require(19) node_modules/egg-session/app/extend/application.js",
    "start": 1575691456360,
    "end": 1575691456360,
    "duration": 0,
    "pid": 7485,
    "index": 23
  },
  {
    "name": "Require(20) node_modules/egg-security/app/extend/application.js",
    "start": 1575691456360,
    "end": 1575691456362,
    "duration": 2,
    "pid": 7485,
    "index": 24
  },
  {
    "name": "Require(21) node_modules/egg-jsonp/app/extend/application.js",
    "start": 1575691456364,
    "end": 1575691456366,
    "duration": 2,
    "pid": 7485,
    "index": 25
  },
  {
    "name": "Require(22) node_modules/egg-logrotator/app/extend/application.js",
    "start": 1575691456366,
    "end": 1575691456370,
    "duration": 4,
    "pid": 7485,
    "index": 26
  },
  {
    "name": "Require(23) node_modules/egg-view/app/extend/application.js",
    "start": 1575691456371,
    "end": 1575691456374,
    "duration": 3,
    "pid": 7485,
    "index": 27
  },
  {
    "name": "Load extend/request.js",
    "start": 1575691456375,
    "end": 1575691456377,
    "duration": 2,
    "pid": 7485,
    "index": 28
  },
  {
    "name": "Require(24) node_modules/egg/app/extend/request.js",
    "start": 1575691456376,
    "end": 1575691456376,
    "duration": 0,
    "pid": 7485,
    "index": 29
  },
  {
    "name": "Load extend/response.js",
    "start": 1575691456377,
    "end": 1575691456380,
    "duration": 3,
    "pid": 7485,
    "index": 30
  },
  {
    "name": "Require(25) node_modules/egg/app/extend/response.js",
    "start": 1575691456378,
    "end": 1575691456379,
    "duration": 1,
    "pid": 7485,
    "index": 31
  },
  {
    "name": "Load extend/context.js",
    "start": 1575691456380,
    "end": 1575691456476,
    "duration": 96,
    "pid": 7485,
    "index": 32
  },
  {
    "name": "Require(26) node_modules/egg-security/app/extend/context.js",
    "start": 1575691456380,
    "end": 1575691456387,
    "duration": 7,
    "pid": 7485,
    "index": 33
  },
  {
    "name": "Require(27) node_modules/egg-jsonp/app/extend/context.js",
    "start": 1575691456387,
    "end": 1575691456388,
    "duration": 1,
    "pid": 7485,
    "index": 34
  },
  {
    "name": "Require(28) node_modules/egg-i18n/app/extend/context.js",
    "start": 1575691456388,
    "end": 1575691456388,
    "duration": 0,
    "pid": 7485,
    "index": 35
  },
  {
    "name": "Require(29) node_modules/egg-multipart/app/extend/context.js",
    "start": 1575691456388,
    "end": 1575691456473,
    "duration": 85,
    "pid": 7485,
    "index": 36
  },
  {
    "name": "Require(30) node_modules/egg-view/app/extend/context.js",
    "start": 1575691456473,
    "end": 1575691456474,
    "duration": 1,
    "pid": 7485,
    "index": 37
  },
  {
    "name": "Require(31) node_modules/egg/app/extend/context.js",
    "start": 1575691456474,
    "end": 1575691456475,
    "duration": 1,
    "pid": 7485,
    "index": 38
  },
  {
    "name": "Load extend/helper.js",
    "start": 1575691456476,
    "end": 1575691456491,
    "duration": 15,
    "pid": 7485,
    "index": 39
  },
  {
    "name": "Require(32) node_modules/egg-security/app/extend/helper.js",
    "start": 1575691456476,
    "end": 1575691456490,
    "duration": 14,
    "pid": 7485,
    "index": 40
  },
  {
    "name": "Require(33) node_modules/egg/app/extend/helper.js",
    "start": 1575691456490,
    "end": 1575691456490,
    "duration": 0,
    "pid": 7485,
    "index": 41
  },
  {
    "name": "Load app.js",
    "start": 1575691456491,
    "end": 1575691456520,
    "duration": 29,
    "pid": 7485,
    "index": 42
  },
  {
    "name": "Require(34) node_modules/egg-session/app.js",
    "start": 1575691456491,
    "end": 1575691456491,
    "duration": 0,
    "pid": 7485,
    "index": 43
  },
  {
    "name": "Require(35) node_modules/egg-security/app.js",
    "start": 1575691456492,
    "end": 1575691456492,
    "duration": 0,
    "pid": 7485,
    "index": 44
  },
  {
    "name": "Require(36) node_modules/egg-onerror/app.js",
    "start": 1575691456493,
    "end": 1575691456502,
    "duration": 9,
    "pid": 7485,
    "index": 45
  },
  {
    "name": "Require(37) node_modules/egg-i18n/app.js",
    "start": 1575691456502,
    "end": 1575691456512,
    "duration": 10,
    "pid": 7485,
    "index": 46
  },
  {
    "name": "Require(38) node_modules/egg-watcher/app.js",
    "start": 1575691456512,
    "end": 1575691456516,
    "duration": 4,
    "pid": 7485,
    "index": 47
  },
  {
    "name": "Require(39) node_modules/egg-schedule/app.js",
    "start": 1575691456516,
    "end": 1575691456517,
    "duration": 1,
    "pid": 7485,
    "index": 48
  },
  {
    "name": "Require(40) node_modules/egg-multipart/app.js",
    "start": 1575691456517,
    "end": 1575691456518,
    "duration": 1,
    "pid": 7485,
    "index": 49
  },
  {
    "name": "Require(41) node_modules/egg-development/app.js",
    "start": 1575691456518,
    "end": 1575691456519,
    "duration": 1,
    "pid": 7485,
    "index": 50
  },
  {
    "name": "Require(42) node_modules/egg-logrotator/app.js",
    "start": 1575691456519,
    "end": 1575691456519,
    "duration": 0,
    "pid": 7485,
    "index": 51
  },
  {
    "name": "Require(43) node_modules/egg-static/app.js",
    "start": 1575691456519,
    "end": 1575691456519,
    "duration": 0,
    "pid": 7485,
    "index": 52
  },
  {
    "name": "Before Start in node_modules/egg-watcher/lib/init.js:15:14",
    "start": 1575691456545,
    "end": 1575691456742,
    "duration": 197,
    "pid": 7485,
    "index": 53
  },
  {
    "name": "Load Service",
    "start": 1575691456579,
    "end": 1575691456582,
    "duration": 3,
    "pid": 7485,
    "index": 54
  },
  {
    "name": "Load \"service\" to Context",
    "start": 1575691456579,
    "end": 1575691456582,
    "duration": 3,
    "pid": 7485,
    "index": 55
  },
  {
    "name": "Load Middleware",
    "start": 1575691456582,
    "end": 1575691456705,
    "duration": 123,
    "pid": 7485,
    "index": 56
  },
  {
    "name": "Load \"middlewares\" to Application",
    "start": 1575691456582,
    "end": 1575691456688,
    "duration": 106,
    "pid": 7485,
    "index": 57
  },
  {
    "name": "Load Controller",
    "start": 1575691456705,
    "end": 1575691456708,
    "duration": 3,
    "pid": 7485,
    "index": 58
  },
  {
    "name": "Load \"controller\" to Application",
    "start": 1575691456705,
    "end": 1575691456708,
    "duration": 3,
    "pid": 7485,
    "index": 59
  },
  {
    "name": "Load Router",
    "start": 1575691456708,
    "end": 1575691456710,
    "duration": 2,
    "pid": 7485,
    "index": 60
  },
  {
    "name": "Require(44) app/router.js",
    "start": 1575691456708,
    "end": 1575691456708,
    "duration": 0,
    "pid": 7485,
    "index": 61
  },
  {
    "name": "Before Start in node_modules/egg-core/lib/egg.js:303:10",
    "start": 1575691456708,
    "end": 1575691456722,
    "duration": 14,
    "pid": 7485,
    "index": 62
  }
]