[
  {
    "name": "Application Start",
    "start": 1575689643498,
    "end": 1575689643952,
    "duration": 454,
    "pid": 4536,
    "index": 0
  },
  {
    "name": "Load Plugin",
    "start": 1575689643501,
    "end": 1575689643517,
    "duration": 16,
    "pid": 4536,
    "index": 1
  },
  {
    "name": "Load Config",
    "start": 1575689643518,
    "end": 1575689643542,
    "duration": 24,
    "pid": 4536,
    "index": 2
  },
  {
    "name": "Require(0) config/config.default.js",
    "start": 1575689643520,
    "end": 1575689643521,
    "duration": 1,
    "pid": 4536,
    "index": 3
  },
  {
    "name": "Require(1) node_modules/egg-session/config/config.default.js",
    "start": 1575689643523,
    "end": 1575689643523,
    "duration": 0,
    "pid": 4536,
    "index": 4
  },
  {
    "name": "Require(2) node_modules/egg-security/config/config.default.js",
    "start": 1575689643524,
    "end": 1575689643525,
    "duration": 1,
    "pid": 4536,
    "index": 5
  },
  {
    "name": "Require(3) node_modules/egg-jsonp/config/config.default.js",
    "start": 1575689643526,
    "end": 1575689643526,
    "duration": 0,
    "pid": 4536,
    "index": 6
  },
  {
    "name": "Require(4) node_modules/egg-onerror/config/config.default.js",
    "start": 1575689643527,
    "end": 1575689643528,
    "duration": 1,
    "pid": 4536,
    "index": 7
  },
  {
    "name": "Require(5) node_modules/egg-i18n/config/config.default.js",
    "start": 1575689643528,
    "end": 1575689643529,
    "duration": 1,
    "pid": 4536,
    "index": 8
  },
  {
    "name": "Require(6) node_modules/egg-watcher/config/config.default.js",
    "start": 1575689643529,
    "end": 1575689643530,
    "duration": 1,
    "pid": 4536,
    "index": 9
  },
  {
    "name": "Require(7) node_modules/egg-schedule/config/config.default.js",
    "start": 1575689643530,
    "end": 1575689643530,
    "duration": 0,
    "pid": 4536,
    "index": 10
  },
  {
    "name": "Require(8) node_modules/egg-multipart/config/config.default.js",
    "start": 1575689643531,
    "end": 1575689643531,
    "duration": 0,
    "pid": 4536,
    "index": 11
  },
  {
    "name": "Require(9) node_modules/egg-development/config/config.default.js",
    "start": 1575689643532,
    "end": 1575689643532,
    "duration": 0,
    "pid": 4536,
    "index": 12
  },
  {
    "name": "Require(10) node_modules/egg-logrotator/config/config.default.js",
    "start": 1575689643533,
    "end": 1575689643533,
    "duration": 0,
    "pid": 4536,
    "index": 13
  },
  {
    "name": "Require(11) node_modules/egg-static/config/config.default.js",
    "start": 1575689643533,
    "end": 1575689643534,
    "duration": 1,
    "pid": 4536,
    "index": 14
  },
  {
    "name": "Require(12) node_modules/egg-view/config/config.default.js",
    "start": 1575689643534,
    "end": 1575689643535,
    "duration": 1,
    "pid": 4536,
    "index": 15
  },
  {
    "name": "Require(13) node_modules/egg/config/config.default.js",
    "start": 1575689643535,
    "end": 1575689643536,
    "duration": 1,
    "pid": 4536,
    "index": 16
  },
  {
    "name": "Require(14) config/config.default.js",
    "start": 1575689643538,
    "end": 1575689643538,
    "duration": 0,
    "pid": 4536,
    "index": 17
  },
  {
    "name": "Require(15) node_modules/egg-security/config/config.local.js",
    "start": 1575689643538,
    "end": 1575689643539,
    "duration": 1,
    "pid": 4536,
    "index": 18
  },
  {
    "name": "Require(16) node_modules/egg-watcher/config/config.local.js",
    "start": 1575689643539,
    "end": 1575689643540,
    "duration": 1,
    "pid": 4536,
    "index": 19
  },
  {
    "name": "Require(17) node_modules/egg-view/config/config.local.js",
    "start": 1575689643540,
    "end": 1575689643541,
    "duration": 1,
    "pid": 4536,
    "index": 20
  },
  {
    "name": "Require(18) node_modules/egg/config/config.local.js",
    "start": 1575689643541,
    "end": 1575689643541,
    "duration": 0,
    "pid": 4536,
    "index": 21
  },
  {
    "name": "Load extend/application.js",
    "start": 1575689643543,
    "end": 1575689643558,
    "duration": 15,
    "pid": 4536,
    "index": 22
  },
  {
    "name": "Require(19) node_modules/egg-session/app/extend/application.js",
    "start": 1575689643544,
    "end": 1575689643545,
    "duration": 1,
    "pid": 4536,
    "index": 23
  },
  {
    "name": "Require(20) node_modules/egg-security/app/extend/application.js",
    "start": 1575689643546,
    "end": 1575689643548,
    "duration": 2,
    "pid": 4536,
    "index": 24
  },
  {
    "name": "Require(21) node_modules/egg-jsonp/app/extend/application.js",
    "start": 1575689643548,
    "end": 1575689643550,
    "duration": 2,
    "pid": 4536,
    "index": 25
  },
  {
    "name": "Require(22) node_modules/egg-logrotator/app/extend/application.js",
    "start": 1575689643551,
    "end": 1575689643555,
    "duration": 4,
    "pid": 4536,
    "index": 26
  },
  {
    "name": "Require(23) node_modules/egg-view/app/extend/application.js",
    "start": 1575689643555,
    "end": 1575689643557,
    "duration": 2,
    "pid": 4536,
    "index": 27
  },
  {
    "name": "Load extend/request.js",
    "start": 1575689643558,
    "end": 1575689643560,
    "duration": 2,
    "pid": 4536,
    "index": 28
  },
  {
    "name": "Require(24) node_modules/egg/app/extend/request.js",
    "start": 1575689643558,
    "end": 1575689643559,
    "duration": 1,
    "pid": 4536,
    "index": 29
  },
  {
    "name": "Load extend/response.js",
    "start": 1575689643560,
    "end": 1575689643563,
    "duration": 3,
    "pid": 4536,
    "index": 30
  },
  {
    "name": "Require(25) node_modules/egg/app/extend/response.js",
    "start": 1575689643561,
    "end": 1575689643563,
    "duration": 2,
    "pid": 4536,
    "index": 31
  },
  {
    "name": "Load extend/context.js",
    "start": 1575689643563,
    "end": 1575689643655,
    "duration": 92,
    "pid": 4536,
    "index": 32
  },
  {
    "name": "Require(26) node_modules/egg-security/app/extend/context.js",
    "start": 1575689643563,
    "end": 1575689643574,
    "duration": 11,
    "pid": 4536,
    "index": 33
  },
  {
    "name": "Require(27) node_modules/egg-jsonp/app/extend/context.js",
    "start": 1575689643574,
    "end": 1575689643577,
    "duration": 3,
    "pid": 4536,
    "index": 34
  },
  {
    "name": "Require(28) node_modules/egg-i18n/app/extend/context.js",
    "start": 1575689643578,
    "end": 1575689643579,
    "duration": 1,
    "pid": 4536,
    "index": 35
  },
  {
    "name": "Require(29) node_modules/egg-multipart/app/extend/context.js",
    "start": 1575689643579,
    "end": 1575689643648,
    "duration": 69,
    "pid": 4536,
    "index": 36
  },
  {
    "name": "Require(30) node_modules/egg-view/app/extend/context.js",
    "start": 1575689643648,
    "end": 1575689643653,
    "duration": 5,
    "pid": 4536,
    "index": 37
  },
  {
    "name": "Require(31) node_modules/egg/app/extend/context.js",
    "start": 1575689643653,
    "end": 1575689643655,
    "duration": 2,
    "pid": 4536,
    "index": 38
  },
  {
    "name": "Load extend/helper.js",
    "start": 1575689643655,
    "end": 1575689643686,
    "duration": 31,
    "pid": 4536,
    "index": 39
  },
  {
    "name": "Require(32) node_modules/egg-security/app/extend/helper.js",
    "start": 1575689643656,
    "end": 1575689643683,
    "duration": 27,
    "pid": 4536,
    "index": 40
  },
  {
    "name": "Require(33) node_modules/egg/app/extend/helper.js",
    "start": 1575689643684,
    "end": 1575689643685,
    "duration": 1,
    "pid": 4536,
    "index": 41
  },
  {
    "name": "Load app.js",
    "start": 1575689643686,
    "end": 1575689643750,
    "duration": 64,
    "pid": 4536,
    "index": 42
  },
  {
    "name": "Require(34) node_modules/egg-session/app.js",
    "start": 1575689643686,
    "end": 1575689643687,
    "duration": 1,
    "pid": 4536,
    "index": 43
  },
  {
    "name": "Require(35) node_modules/egg-security/app.js",
    "start": 1575689643687,
    "end": 1575689643689,
    "duration": 2,
    "pid": 4536,
    "index": 44
  },
  {
    "name": "Require(36) node_modules/egg-onerror/app.js",
    "start": 1575689643689,
    "end": 1575689643698,
    "duration": 9,
    "pid": 4536,
    "index": 45
  },
  {
    "name": "Require(37) node_modules/egg-i18n/app.js",
    "start": 1575689643698,
    "end": 1575689643716,
    "duration": 18,
    "pid": 4536,
    "index": 46
  },
  {
    "name": "Require(38) node_modules/egg-watcher/app.js",
    "start": 1575689643717,
    "end": 1575689643727,
    "duration": 10,
    "pid": 4536,
    "index": 47
  },
  {
    "name": "Require(39) node_modules/egg-schedule/app.js",
    "start": 1575689643727,
    "end": 1575689643731,
    "duration": 4,
    "pid": 4536,
    "index": 48
  },
  {
    "name": "Require(40) node_modules/egg-multipart/app.js",
    "start": 1575689643731,
    "end": 1575689643738,
    "duration": 7,
    "pid": 4536,
    "index": 49
  },
  {
    "name": "Require(41) node_modules/egg-development/app.js",
    "start": 1575689643739,
    "end": 1575689643740,
    "duration": 1,
    "pid": 4536,
    "index": 50
  },
  {
    "name": "Require(42) node_modules/egg-logrotator/app.js",
    "start": 1575689643740,
    "end": 1575689643742,
    "duration": 2,
    "pid": 4536,
    "index": 51
  },
  {
    "name": "Require(43) node_modules/egg-static/app.js",
    "start": 1575689643744,
    "end": 1575689643746,
    "duration": 2,
    "pid": 4536,
    "index": 52
  },
  {
    "name": "Before Start in node_modules/egg-watcher/lib/init.js:15:14",
    "start": 1575689643778,
    "end": 1575689643951,
    "duration": 173,
    "pid": 4536,
    "index": 53
  },
  {
    "name": "Load Service",
    "start": 1575689643822,
    "end": 1575689643826,
    "duration": 4,
    "pid": 4536,
    "index": 54
  },
  {
    "name": "Load \"service\" to Context",
    "start": 1575689643822,
    "end": 1575689643826,
    "duration": 4,
    "pid": 4536,
    "index": 55
  },
  {
    "name": "Load Middleware",
    "start": 1575689643826,
    "end": 1575689643923,
    "duration": 97,
    "pid": 4536,
    "index": 56
  },
  {
    "name": "Load \"middlewares\" to Application",
    "start": 1575689643826,
    "end": 1575689643909,
    "duration": 83,
    "pid": 4536,
    "index": 57
  },
  {
    "name": "Load Controller",
    "start": 1575689643923,
    "end": 1575689643926,
    "duration": 3,
    "pid": 4536,
    "index": 58
  },
  {
    "name": "Load \"controller\" to Application",
    "start": 1575689643923,
    "end": 1575689643926,
    "duration": 3,
    "pid": 4536,
    "index": 59
  },
  {
    "name": "Load Router",
    "start": 1575689643926,
    "end": 1575689643928,
    "duration": 2,
    "pid": 4536,
    "index": 60
  },
  {
    "name": "Require(44) app/router.js",
    "start": 1575689643926,
    "end": 1575689643926,
    "duration": 0,
    "pid": 4536,
    "index": 61
  },
  {
    "name": "Before Start in node_modules/egg-core/lib/egg.js:303:10",
    "start": 1575689643927,
    "end": 1575689643937,
    "duration": 10,
    "pid": 4536,
    "index": 62
  }
]