[
  {
    "name": "Application Start",
    "start": 1575690527637,
    "end": 1575690528039,
    "duration": 402,
    "pid": 5957,
    "index": 0
  },
  {
    "name": "Load Plugin",
    "start": 1575690527640,
    "end": 1575690527654,
    "duration": 14,
    "pid": 5957,
    "index": 1
  },
  {
    "name": "Load Config",
    "start": 1575690527654,
    "end": 1575690527678,
    "duration": 24,
    "pid": 5957,
    "index": 2
  },
  {
    "name": "Require(0) config/config.default.js",
    "start": 1575690527655,
    "end": 1575690527656,
    "duration": 1,
    "pid": 5957,
    "index": 3
  },
  {
    "name": "Require(1) node_modules/egg-session/config/config.default.js",
    "start": 1575690527659,
    "end": 1575690527659,
    "duration": 0,
    "pid": 5957,
    "index": 4
  },
  {
    "name": "Require(2) node_modules/egg-security/config/config.default.js",
    "start": 1575690527660,
    "end": 1575690527662,
    "duration": 2,
    "pid": 5957,
    "index": 5
  },
  {
    "name": "Require(3) node_modules/egg-jsonp/config/config.default.js",
    "start": 1575690527663,
    "end": 1575690527663,
    "duration": 0,
    "pid": 5957,
    "index": 6
  },
  {
    "name": "Require(4) node_modules/egg-onerror/config/config.default.js",
    "start": 1575690527663,
    "end": 1575690527664,
    "duration": 1,
    "pid": 5957,
    "index": 7
  },
  {
    "name": "Require(5) node_modules/egg-i18n/config/config.default.js",
    "start": 1575690527664,
    "end": 1575690527666,
    "duration": 2,
    "pid": 5957,
    "index": 8
  },
  {
    "name": "Require(6) node_modules/egg-watcher/config/config.default.js",
    "start": 1575690527666,
    "end": 1575690527667,
    "duration": 1,
    "pid": 5957,
    "index": 9
  },
  {
    "name": "Require(7) node_modules/egg-schedule/config/config.default.js",
    "start": 1575690527667,
    "end": 1575690527668,
    "duration": 1,
    "pid": 5957,
    "index": 10
  },
  {
    "name": "Require(8) node_modules/egg-multipart/config/config.default.js",
    "start": 1575690527668,
    "end": 1575690527669,
    "duration": 1,
    "pid": 5957,
    "index": 11
  },
  {
    "name": "Require(9) node_modules/egg-development/config/config.default.js",
    "start": 1575690527669,
    "end": 1575690527669,
    "duration": 0,
    "pid": 5957,
    "index": 12
  },
  {
    "name": "Require(10) node_modules/egg-logrotator/config/config.default.js",
    "start": 1575690527670,
    "end": 1575690527670,
    "duration": 0,
    "pid": 5957,
    "index": 13
  },
  {
    "name": "Require(11) node_modules/egg-static/config/config.default.js",
    "start": 1575690527670,
    "end": 1575690527671,
    "duration": 1,
    "pid": 5957,
    "index": 14
  },
  {
    "name": "Require(12) node_modules/egg-view/config/config.default.js",
    "start": 1575690527671,
    "end": 1575690527672,
    "duration": 1,
    "pid": 5957,
    "index": 15
  },
  {
    "name": "Require(13) node_modules/egg/config/config.default.js",
    "start": 1575690527672,
    "end": 1575690527673,
    "duration": 1,
    "pid": 5957,
    "index": 16
  },
  {
    "name": "Require(14) config/config.default.js",
    "start": 1575690527675,
    "end": 1575690527675,
    "duration": 0,
    "pid": 5957,
    "index": 17
  },
  {
    "name": "Require(15) node_modules/egg-security/config/config.local.js",
    "start": 1575690527675,
    "end": 1575690527675,
    "duration": 0,
    "pid": 5957,
    "index": 18
  },
  {
    "name": "Require(16) node_modules/egg-watcher/config/config.local.js",
    "start": 1575690527676,
    "end": 1575690527676,
    "duration": 0,
    "pid": 5957,
    "index": 19
  },
  {
    "name": "Require(17) node_modules/egg-view/config/config.local.js",
    "start": 1575690527677,
    "end": 1575690527677,
    "duration": 0,
    "pid": 5957,
    "index": 20
  },
  {
    "name": "Require(18) node_modules/egg/config/config.local.js",
    "start": 1575690527677,
    "end": 1575690527678,
    "duration": 1,
    "pid": 5957,
    "index": 21
  },
  {
    "name": "Load extend/application.js",
    "start": 1575690527679,
    "end": 1575690527694,
    "duration": 15,
    "pid": 5957,
    "index": 22
  },
  {
    "name": "Require(19) node_modules/egg-session/app/extend/application.js",
    "start": 1575690527680,
    "end": 1575690527680,
    "duration": 0,
    "pid": 5957,
    "index": 23
  },
  {
    "name": "Require(20) node_modules/egg-security/app/extend/application.js",
    "start": 1575690527681,
    "end": 1575690527682,
    "duration": 1,
    "pid": 5957,
    "index": 24
  },
  {
    "name": "Require(21) node_modules/egg-jsonp/app/extend/application.js",
    "start": 1575690527683,
    "end": 1575690527686,
    "duration": 3,
    "pid": 5957,
    "index": 25
  },
  {
    "name": "Require(22) node_modules/egg-logrotator/app/extend/application.js",
    "start": 1575690527686,
    "end": 1575690527689,
    "duration": 3,
    "pid": 5957,
    "index": 26
  },
  {
    "name": "Require(23) node_modules/egg-view/app/extend/application.js",
    "start": 1575690527689,
    "end": 1575690527692,
    "duration": 3,
    "pid": 5957,
    "index": 27
  },
  {
    "name": "Load extend/request.js",
    "start": 1575690527694,
    "end": 1575690527699,
    "duration": 5,
    "pid": 5957,
    "index": 28
  },
  {
    "name": "Require(24) node_modules/egg/app/extend/request.js",
    "start": 1575690527695,
    "end": 1575690527697,
    "duration": 2,
    "pid": 5957,
    "index": 29
  },
  {
    "name": "Load extend/response.js",
    "start": 1575690527699,
    "end": 1575690527702,
    "duration": 3,
    "pid": 5957,
    "index": 30
  },
  {
    "name": "Require(25) node_modules/egg/app/extend/response.js",
    "start": 1575690527700,
    "end": 1575690527701,
    "duration": 1,
    "pid": 5957,
    "index": 31
  },
  {
    "name": "Load extend/context.js",
    "start": 1575690527702,
    "end": 1575690527795,
    "duration": 93,
    "pid": 5957,
    "index": 32
  },
  {
    "name": "Require(26) node_modules/egg-security/app/extend/context.js",
    "start": 1575690527702,
    "end": 1575690527712,
    "duration": 10,
    "pid": 5957,
    "index": 33
  },
  {
    "name": "Require(27) node_modules/egg-jsonp/app/extend/context.js",
    "start": 1575690527712,
    "end": 1575690527714,
    "duration": 2,
    "pid": 5957,
    "index": 34
  },
  {
    "name": "Require(28) node_modules/egg-i18n/app/extend/context.js",
    "start": 1575690527714,
    "end": 1575690527717,
    "duration": 3,
    "pid": 5957,
    "index": 35
  },
  {
    "name": "Require(29) node_modules/egg-multipart/app/extend/context.js",
    "start": 1575690527718,
    "end": 1575690527790,
    "duration": 72,
    "pid": 5957,
    "index": 36
  },
  {
    "name": "Require(30) node_modules/egg-view/app/extend/context.js",
    "start": 1575690527791,
    "end": 1575690527793,
    "duration": 2,
    "pid": 5957,
    "index": 37
  },
  {
    "name": "Require(31) node_modules/egg/app/extend/context.js",
    "start": 1575690527793,
    "end": 1575690527795,
    "duration": 2,
    "pid": 5957,
    "index": 38
  },
  {
    "name": "Load extend/helper.js",
    "start": 1575690527796,
    "end": 1575690527819,
    "duration": 23,
    "pid": 5957,
    "index": 39
  },
  {
    "name": "Require(32) node_modules/egg-security/app/extend/helper.js",
    "start": 1575690527796,
    "end": 1575690527815,
    "duration": 19,
    "pid": 5957,
    "index": 40
  },
  {
    "name": "Require(33) node_modules/egg/app/extend/helper.js",
    "start": 1575690527816,
    "end": 1575690527816,
    "duration": 0,
    "pid": 5957,
    "index": 41
  },
  {
    "name": "Load app.js",
    "start": 1575690527820,
    "end": 1575690527871,
    "duration": 51,
    "pid": 5957,
    "index": 42
  },
  {
    "name": "Require(34) node_modules/egg-session/app.js",
    "start": 1575690527820,
    "end": 1575690527820,
    "duration": 0,
    "pid": 5957,
    "index": 43
  },
  {
    "name": "Require(35) node_modules/egg-security/app.js",
    "start": 1575690527821,
    "end": 1575690527823,
    "duration": 2,
    "pid": 5957,
    "index": 44
  },
  {
    "name": "Require(36) node_modules/egg-onerror/app.js",
    "start": 1575690527823,
    "end": 1575690527841,
    "duration": 18,
    "pid": 5957,
    "index": 45
  },
  {
    "name": "Require(37) node_modules/egg-i18n/app.js",
    "start": 1575690527842,
    "end": 1575690527861,
    "duration": 19,
    "pid": 5957,
    "index": 46
  },
  {
    "name": "Require(38) node_modules/egg-watcher/app.js",
    "start": 1575690527861,
    "end": 1575690527864,
    "duration": 3,
    "pid": 5957,
    "index": 47
  },
  {
    "name": "Require(39) node_modules/egg-schedule/app.js",
    "start": 1575690527865,
    "end": 1575690527866,
    "duration": 1,
    "pid": 5957,
    "index": 48
  },
  {
    "name": "Require(40) node_modules/egg-multipart/app.js",
    "start": 1575690527866,
    "end": 1575690527869,
    "duration": 3,
    "pid": 5957,
    "index": 49
  },
  {
    "name": "Require(41) node_modules/egg-development/app.js",
    "start": 1575690527869,
    "end": 1575690527869,
    "duration": 0,
    "pid": 5957,
    "index": 50
  },
  {
    "name": "Require(42) node_modules/egg-logrotator/app.js",
    "start": 1575690527869,
    "end": 1575690527870,
    "duration": 1,
    "pid": 5957,
    "index": 51
  },
  {
    "name": "Require(43) node_modules/egg-static/app.js",
    "start": 1575690527870,
    "end": 1575690527870,
    "duration": 0,
    "pid": 5957,
    "index": 52
  },
  {
    "name": "Before Start in node_modules/egg-watcher/lib/init.js:15:14",
    "start": 1575690527885,
    "end": 1575690528038,
    "duration": 153,
    "pid": 5957,
    "index": 53
  },
  {
    "name": "Load Service",
    "start": 1575690527916,
    "end": 1575690527922,
    "duration": 6,
    "pid": 5957,
    "index": 54
  },
  {
    "name": "Load \"service\" to Context",
    "start": 1575690527916,
    "end": 1575690527922,
    "duration": 6,
    "pid": 5957,
    "index": 55
  },
  {
    "name": "Load Middleware",
    "start": 1575690527922,
    "end": 1575690528009,
    "duration": 87,
    "pid": 5957,
    "index": 56
  },
  {
    "name": "Load \"middlewares\" to Application",
    "start": 1575690527922,
    "end": 1575690528001,
    "duration": 79,
    "pid": 5957,
    "index": 57
  },
  {
    "name": "Load Controller",
    "start": 1575690528009,
    "end": 1575690528011,
    "duration": 2,
    "pid": 5957,
    "index": 58
  },
  {
    "name": "Load \"controller\" to Application",
    "start": 1575690528009,
    "end": 1575690528011,
    "duration": 2,
    "pid": 5957,
    "index": 59
  },
  {
    "name": "Load Router",
    "start": 1575690528011,
    "end": 1575690528013,
    "duration": 2,
    "pid": 5957,
    "index": 60
  },
  {
    "name": "Require(44) app/router.js",
    "start": 1575690528011,
    "end": 1575690528012,
    "duration": 1,
    "pid": 5957,
    "index": 61
  },
  {
    "name": "Before Start in node_modules/egg-core/lib/egg.js:303:10",
    "start": 1575690528012,
    "end": 1575690528027,
    "duration": 15,
    "pid": 5957,
    "index": 62
  }
]