[
  {
    "name": "Application Start",
    "start": 1575690382526,
    "end": 1575690382881,
    "duration": 355,
    "pid": 5712,
    "index": 0
  },
  {
    "name": "Load Plugin",
    "start": 1575690382535,
    "end": 1575690382542,
    "duration": 7,
    "pid": 5712,
    "index": 1
  },
  {
    "name": "Load Config",
    "start": 1575690382542,
    "end": 1575690382567,
    "duration": 25,
    "pid": 5712,
    "index": 2
  },
  {
    "name": "Require(0) config/config.default.js",
    "start": 1575690382543,
    "end": 1575690382544,
    "duration": 1,
    "pid": 5712,
    "index": 3
  },
  {
    "name": "Require(1) node_modules/egg-session/config/config.default.js",
    "start": 1575690382547,
    "end": 1575690382547,
    "duration": 0,
    "pid": 5712,
    "index": 4
  },
  {
    "name": "Require(2) node_modules/egg-security/config/config.default.js",
    "start": 1575690382547,
    "end": 1575690382548,
    "duration": 1,
    "pid": 5712,
    "index": 5
  },
  {
    "name": "Require(3) node_modules/egg-jsonp/config/config.default.js",
    "start": 1575690382549,
    "end": 1575690382549,
    "duration": 0,
    "pid": 5712,
    "index": 6
  },
  {
    "name": "Require(4) node_modules/egg-onerror/config/config.default.js",
    "start": 1575690382549,
    "end": 1575690382549,
    "duration": 0,
    "pid": 5712,
    "index": 7
  },
  {
    "name": "Require(5) node_modules/egg-i18n/config/config.default.js",
    "start": 1575690382550,
    "end": 1575690382550,
    "duration": 0,
    "pid": 5712,
    "index": 8
  },
  {
    "name": "Require(6) node_modules/egg-watcher/config/config.default.js",
    "start": 1575690382551,
    "end": 1575690382551,
    "duration": 0,
    "pid": 5712,
    "index": 9
  },
  {
    "name": "Require(7) node_modules/egg-schedule/config/config.default.js",
    "start": 1575690382552,
    "end": 1575690382552,
    "duration": 0,
    "pid": 5712,
    "index": 10
  },
  {
    "name": "Require(8) node_modules/egg-multipart/config/config.default.js",
    "start": 1575690382553,
    "end": 1575690382553,
    "duration": 0,
    "pid": 5712,
    "index": 11
  },
  {
    "name": "Require(9) node_modules/egg-development/config/config.default.js",
    "start": 1575690382554,
    "end": 1575690382554,
    "duration": 0,
    "pid": 5712,
    "index": 12
  },
  {
    "name": "Require(10) node_modules/egg-logrotator/config/config.default.js",
    "start": 1575690382555,
    "end": 1575690382555,
    "duration": 0,
    "pid": 5712,
    "index": 13
  },
  {
    "name": "Require(11) node_modules/egg-static/config/config.default.js",
    "start": 1575690382555,
    "end": 1575690382556,
    "duration": 1,
    "pid": 5712,
    "index": 14
  },
  {
    "name": "Require(12) node_modules/egg-view/config/config.default.js",
    "start": 1575690382556,
    "end": 1575690382556,
    "duration": 0,
    "pid": 5712,
    "index": 15
  },
  {
    "name": "Require(13) node_modules/egg/config/config.default.js",
    "start": 1575690382556,
    "end": 1575690382557,
    "duration": 1,
    "pid": 5712,
    "index": 16
  },
  {
    "name": "Require(14) config/config.default.js",
    "start": 1575690382558,
    "end": 1575690382558,
    "duration": 0,
    "pid": 5712,
    "index": 17
  },
  {
    "name": "Require(15) node_modules/egg-security/config/config.local.js",
    "start": 1575690382559,
    "end": 1575690382559,
    "duration": 0,
    "pid": 5712,
    "index": 18
  },
  {
    "name": "Require(16) node_modules/egg-watcher/config/config.local.js",
    "start": 1575690382561,
    "end": 1575690382562,
    "duration": 1,
    "pid": 5712,
    "index": 19
  },
  {
    "name": "Require(17) node_modules/egg-view/config/config.local.js",
    "start": 1575690382564,
    "end": 1575690382566,
    "duration": 2,
    "pid": 5712,
    "index": 20
  },
  {
    "name": "Require(18) node_modules/egg/config/config.local.js",
    "start": 1575690382566,
    "end": 1575690382567,
    "duration": 1,
    "pid": 5712,
    "index": 21
  },
  {
    "name": "Load extend/application.js",
    "start": 1575690382569,
    "end": 1575690382575,
    "duration": 6,
    "pid": 5712,
    "index": 22
  },
  {
    "name": "Require(19) node_modules/egg-session/app/extend/application.js",
    "start": 1575690382570,
    "end": 1575690382570,
    "duration": 0,
    "pid": 5712,
    "index": 23
  },
  {
    "name": "Require(20) node_modules/egg-security/app/extend/application.js",
    "start": 1575690382570,
    "end": 1575690382571,
    "duration": 1,
    "pid": 5712,
    "index": 24
  },
  {
    "name": "Require(21) node_modules/egg-jsonp/app/extend/application.js",
    "start": 1575690382571,
    "end": 1575690382572,
    "duration": 1,
    "pid": 5712,
    "index": 25
  },
  {
    "name": "Require(22) node_modules/egg-logrotator/app/extend/application.js",
    "start": 1575690382572,
    "end": 1575690382573,
    "duration": 1,
    "pid": 5712,
    "index": 26
  },
  {
    "name": "Require(23) node_modules/egg-view/app/extend/application.js",
    "start": 1575690382573,
    "end": 1575690382574,
    "duration": 1,
    "pid": 5712,
    "index": 27
  },
  {
    "name": "Load extend/request.js",
    "start": 1575690382575,
    "end": 1575690382577,
    "duration": 2,
    "pid": 5712,
    "index": 28
  },
  {
    "name": "Require(24) node_modules/egg/app/extend/request.js",
    "start": 1575690382576,
    "end": 1575690382576,
    "duration": 0,
    "pid": 5712,
    "index": 29
  },
  {
    "name": "Load extend/response.js",
    "start": 1575690382577,
    "end": 1575690382581,
    "duration": 4,
    "pid": 5712,
    "index": 30
  },
  {
    "name": "Require(25) node_modules/egg/app/extend/response.js",
    "start": 1575690382579,
    "end": 1575690382580,
    "duration": 1,
    "pid": 5712,
    "index": 31
  },
  {
    "name": "Load extend/context.js",
    "start": 1575690382581,
    "end": 1575690382648,
    "duration": 67,
    "pid": 5712,
    "index": 32
  },
  {
    "name": "Require(26) node_modules/egg-security/app/extend/context.js",
    "start": 1575690382581,
    "end": 1575690382593,
    "duration": 12,
    "pid": 5712,
    "index": 33
  },
  {
    "name": "Require(27) node_modules/egg-jsonp/app/extend/context.js",
    "start": 1575690382593,
    "end": 1575690382594,
    "duration": 1,
    "pid": 5712,
    "index": 34
  },
  {
    "name": "Require(28) node_modules/egg-i18n/app/extend/context.js",
    "start": 1575690382594,
    "end": 1575690382595,
    "duration": 1,
    "pid": 5712,
    "index": 35
  },
  {
    "name": "Require(29) node_modules/egg-multipart/app/extend/context.js",
    "start": 1575690382595,
    "end": 1575690382646,
    "duration": 51,
    "pid": 5712,
    "index": 36
  },
  {
    "name": "Require(30) node_modules/egg-view/app/extend/context.js",
    "start": 1575690382646,
    "end": 1575690382647,
    "duration": 1,
    "pid": 5712,
    "index": 37
  },
  {
    "name": "Require(31) node_modules/egg/app/extend/context.js",
    "start": 1575690382647,
    "end": 1575690382647,
    "duration": 0,
    "pid": 5712,
    "index": 38
  },
  {
    "name": "Load extend/helper.js",
    "start": 1575690382648,
    "end": 1575690382668,
    "duration": 20,
    "pid": 5712,
    "index": 39
  },
  {
    "name": "Require(32) node_modules/egg-security/app/extend/helper.js",
    "start": 1575690382648,
    "end": 1575690382667,
    "duration": 19,
    "pid": 5712,
    "index": 40
  },
  {
    "name": "Require(33) node_modules/egg/app/extend/helper.js",
    "start": 1575690382668,
    "end": 1575690382668,
    "duration": 0,
    "pid": 5712,
    "index": 41
  },
  {
    "name": "Load app.js",
    "start": 1575690382669,
    "end": 1575690382695,
    "duration": 26,
    "pid": 5712,
    "index": 42
  },
  {
    "name": "Require(34) node_modules/egg-session/app.js",
    "start": 1575690382669,
    "end": 1575690382669,
    "duration": 0,
    "pid": 5712,
    "index": 43
  },
  {
    "name": "Require(35) node_modules/egg-security/app.js",
    "start": 1575690382669,
    "end": 1575690382670,
    "duration": 1,
    "pid": 5712,
    "index": 44
  },
  {
    "name": "Require(36) node_modules/egg-onerror/app.js",
    "start": 1575690382670,
    "end": 1575690382675,
    "duration": 5,
    "pid": 5712,
    "index": 45
  },
  {
    "name": "Require(37) node_modules/egg-i18n/app.js",
    "start": 1575690382675,
    "end": 1575690382685,
    "duration": 10,
    "pid": 5712,
    "index": 46
  },
  {
    "name": "Require(38) node_modules/egg-watcher/app.js",
    "start": 1575690382686,
    "end": 1575690382690,
    "duration": 4,
    "pid": 5712,
    "index": 47
  },
  {
    "name": "Require(39) node_modules/egg-schedule/app.js",
    "start": 1575690382691,
    "end": 1575690382692,
    "duration": 1,
    "pid": 5712,
    "index": 48
  },
  {
    "name": "Require(40) node_modules/egg-multipart/app.js",
    "start": 1575690382692,
    "end": 1575690382693,
    "duration": 1,
    "pid": 5712,
    "index": 49
  },
  {
    "name": "Require(41) node_modules/egg-development/app.js",
    "start": 1575690382693,
    "end": 1575690382693,
    "duration": 0,
    "pid": 5712,
    "index": 50
  },
  {
    "name": "Require(42) node_modules/egg-logrotator/app.js",
    "start": 1575690382693,
    "end": 1575690382693,
    "duration": 0,
    "pid": 5712,
    "index": 51
  },
  {
    "name": "Require(43) node_modules/egg-static/app.js",
    "start": 1575690382694,
    "end": 1575690382694,
    "duration": 0,
    "pid": 5712,
    "index": 52
  },
  {
    "name": "Before Start in node_modules/egg-watcher/lib/init.js:15:14",
    "start": 1575690382708,
    "end": 1575690382878,
    "duration": 170,
    "pid": 5712,
    "index": 53
  },
  {
    "name": "Load Service",
    "start": 1575690382742,
    "end": 1575690382744,
    "duration": 2,
    "pid": 5712,
    "index": 54
  },
  {
    "name": "Load \"service\" to Context",
    "start": 1575690382742,
    "end": 1575690382744,
    "duration": 2,
    "pid": 5712,
    "index": 55
  },
  {
    "name": "Load Middleware",
    "start": 1575690382744,
    "end": 1575690382839,
    "duration": 95,
    "pid": 5712,
    "index": 56
  },
  {
    "name": "Load \"middlewares\" to Application",
    "start": 1575690382744,
    "end": 1575690382821,
    "duration": 77,
    "pid": 5712,
    "index": 57
  },
  {
    "name": "Load Controller",
    "start": 1575690382839,
    "end": 1575690382841,
    "duration": 2,
    "pid": 5712,
    "index": 58
  },
  {
    "name": "Load \"controller\" to Application",
    "start": 1575690382839,
    "end": 1575690382841,
    "duration": 2,
    "pid": 5712,
    "index": 59
  },
  {
    "name": "Load Router",
    "start": 1575690382841,
    "end": 1575690382843,
    "duration": 2,
    "pid": 5712,
    "index": 60
  },
  {
    "name": "Require(44) app/router.js",
    "start": 1575690382841,
    "end": 1575690382841,
    "duration": 0,
    "pid": 5712,
    "index": 61
  },
  {
    "name": "Before Start in node_modules/egg-core/lib/egg.js:303:10",
    "start": 1575690382841,
    "end": 1575690382860,
    "duration": 19,
    "pid": 5712,
    "index": 62
  }
]