[
  {
    "name": "Application Start",
    "start": 1575690627953,
    "end": 1575690628306,
    "duration": 353,
    "pid": 6164,
    "index": 0
  },
  {
    "name": "Load Plugin",
    "start": 1575690627957,
    "end": 1575690627969,
    "duration": 12,
    "pid": 6164,
    "index": 1
  },
  {
    "name": "Load Config",
    "start": 1575690627969,
    "end": 1575690627994,
    "duration": 25,
    "pid": 6164,
    "index": 2
  },
  {
    "name": "Require(0) config/config.default.js",
    "start": 1575690627969,
    "end": 1575690627970,
    "duration": 1,
    "pid": 6164,
    "index": 3
  },
  {
    "name": "Require(1) node_modules/egg-session/config/config.default.js",
    "start": 1575690627971,
    "end": 1575690627972,
    "duration": 1,
    "pid": 6164,
    "index": 4
  },
  {
    "name": "Require(2) node_modules/egg-security/config/config.default.js",
    "start": 1575690627972,
    "end": 1575690627972,
    "duration": 0,
    "pid": 6164,
    "index": 5
  },
  {
    "name": "Require(3) node_modules/egg-jsonp/config/config.default.js",
    "start": 1575690627974,
    "end": 1575690627974,
    "duration": 0,
    "pid": 6164,
    "index": 6
  },
  {
    "name": "Require(4) node_modules/egg-onerror/config/config.default.js",
    "start": 1575690627974,
    "end": 1575690627975,
    "duration": 1,
    "pid": 6164,
    "index": 7
  },
  {
    "name": "Require(5) node_modules/egg-i18n/config/config.default.js",
    "start": 1575690627975,
    "end": 1575690627975,
    "duration": 0,
    "pid": 6164,
    "index": 8
  },
  {
    "name": "Require(6) node_modules/egg-watcher/config/config.default.js",
    "start": 1575690627976,
    "end": 1575690627976,
    "duration": 0,
    "pid": 6164,
    "index": 9
  },
  {
    "name": "Require(7) node_modules/egg-schedule/config/config.default.js",
    "start": 1575690627977,
    "end": 1575690627977,
    "duration": 0,
    "pid": 6164,
    "index": 10
  },
  {
    "name": "Require(8) node_modules/egg-multipart/config/config.default.js",
    "start": 1575690627977,
    "end": 1575690627977,
    "duration": 0,
    "pid": 6164,
    "index": 11
  },
  {
    "name": "Require(9) node_modules/egg-development/config/config.default.js",
    "start": 1575690627978,
    "end": 1575690627978,
    "duration": 0,
    "pid": 6164,
    "index": 12
  },
  {
    "name": "Require(10) node_modules/egg-logrotator/config/config.default.js",
    "start": 1575690627978,
    "end": 1575690627978,
    "duration": 0,
    "pid": 6164,
    "index": 13
  },
  {
    "name": "Require(11) node_modules/egg-static/config/config.default.js",
    "start": 1575690627979,
    "end": 1575690627979,
    "duration": 0,
    "pid": 6164,
    "index": 14
  },
  {
    "name": "Require(12) node_modules/egg-view/config/config.default.js",
    "start": 1575690627980,
    "end": 1575690627981,
    "duration": 1,
    "pid": 6164,
    "index": 15
  },
  {
    "name": "Require(13) node_modules/egg/config/config.default.js",
    "start": 1575690627981,
    "end": 1575690627982,
    "duration": 1,
    "pid": 6164,
    "index": 16
  },
  {
    "name": "Require(14) config/config.default.js",
    "start": 1575690627990,
    "end": 1575690627990,
    "duration": 0,
    "pid": 6164,
    "index": 17
  },
  {
    "name": "Require(15) node_modules/egg-security/config/config.local.js",
    "start": 1575690627990,
    "end": 1575690627991,
    "duration": 1,
    "pid": 6164,
    "index": 18
  },
  {
    "name": "Require(16) node_modules/egg-watcher/config/config.local.js",
    "start": 1575690627991,
    "end": 1575690627991,
    "duration": 0,
    "pid": 6164,
    "index": 19
  },
  {
    "name": "Require(17) node_modules/egg-view/config/config.local.js",
    "start": 1575690627992,
    "end": 1575690627993,
    "duration": 1,
    "pid": 6164,
    "index": 20
  },
  {
    "name": "Require(18) node_modules/egg/config/config.local.js",
    "start": 1575690627993,
    "end": 1575690627994,
    "duration": 1,
    "pid": 6164,
    "index": 21
  },
  {
    "name": "Load extend/application.js",
    "start": 1575690627996,
    "end": 1575690628005,
    "duration": 9,
    "pid": 6164,
    "index": 22
  },
  {
    "name": "Require(19) node_modules/egg-session/app/extend/application.js",
    "start": 1575690627997,
    "end": 1575690627998,
    "duration": 1,
    "pid": 6164,
    "index": 23
  },
  {
    "name": "Require(20) node_modules/egg-security/app/extend/application.js",
    "start": 1575690627998,
    "end": 1575690627999,
    "duration": 1,
    "pid": 6164,
    "index": 24
  },
  {
    "name": "Require(21) node_modules/egg-jsonp/app/extend/application.js",
    "start": 1575690627999,
    "end": 1575690628002,
    "duration": 3,
    "pid": 6164,
    "index": 25
  },
  {
    "name": "Require(22) node_modules/egg-logrotator/app/extend/application.js",
    "start": 1575690628003,
    "end": 1575690628003,
    "duration": 0,
    "pid": 6164,
    "index": 26
  },
  {
    "name": "Require(23) node_modules/egg-view/app/extend/application.js",
    "start": 1575690628004,
    "end": 1575690628004,
    "duration": 0,
    "pid": 6164,
    "index": 27
  },
  {
    "name": "Load extend/request.js",
    "start": 1575690628005,
    "end": 1575690628007,
    "duration": 2,
    "pid": 6164,
    "index": 28
  },
  {
    "name": "Require(24) node_modules/egg/app/extend/request.js",
    "start": 1575690628005,
    "end": 1575690628006,
    "duration": 1,
    "pid": 6164,
    "index": 29
  },
  {
    "name": "Load extend/response.js",
    "start": 1575690628007,
    "end": 1575690628009,
    "duration": 2,
    "pid": 6164,
    "index": 30
  },
  {
    "name": "Require(25) node_modules/egg/app/extend/response.js",
    "start": 1575690628007,
    "end": 1575690628008,
    "duration": 1,
    "pid": 6164,
    "index": 31
  },
  {
    "name": "Load extend/context.js",
    "start": 1575690628009,
    "end": 1575690628078,
    "duration": 69,
    "pid": 6164,
    "index": 32
  },
  {
    "name": "Require(26) node_modules/egg-security/app/extend/context.js",
    "start": 1575690628009,
    "end": 1575690628015,
    "duration": 6,
    "pid": 6164,
    "index": 33
  },
  {
    "name": "Require(27) node_modules/egg-jsonp/app/extend/context.js",
    "start": 1575690628015,
    "end": 1575690628016,
    "duration": 1,
    "pid": 6164,
    "index": 34
  },
  {
    "name": "Require(28) node_modules/egg-i18n/app/extend/context.js",
    "start": 1575690628016,
    "end": 1575690628017,
    "duration": 1,
    "pid": 6164,
    "index": 35
  },
  {
    "name": "Require(29) node_modules/egg-multipart/app/extend/context.js",
    "start": 1575690628017,
    "end": 1575690628075,
    "duration": 58,
    "pid": 6164,
    "index": 36
  },
  {
    "name": "Require(30) node_modules/egg-view/app/extend/context.js",
    "start": 1575690628075,
    "end": 1575690628076,
    "duration": 1,
    "pid": 6164,
    "index": 37
  },
  {
    "name": "Require(31) node_modules/egg/app/extend/context.js",
    "start": 1575690628076,
    "end": 1575690628077,
    "duration": 1,
    "pid": 6164,
    "index": 38
  },
  {
    "name": "Load extend/helper.js",
    "start": 1575690628078,
    "end": 1575690628102,
    "duration": 24,
    "pid": 6164,
    "index": 39
  },
  {
    "name": "Require(32) node_modules/egg-security/app/extend/helper.js",
    "start": 1575690628078,
    "end": 1575690628099,
    "duration": 21,
    "pid": 6164,
    "index": 40
  },
  {
    "name": "Require(33) node_modules/egg/app/extend/helper.js",
    "start": 1575690628101,
    "end": 1575690628101,
    "duration": 0,
    "pid": 6164,
    "index": 41
  },
  {
    "name": "Load app.js",
    "start": 1575690628102,
    "end": 1575690628141,
    "duration": 39,
    "pid": 6164,
    "index": 42
  },
  {
    "name": "Require(34) node_modules/egg-session/app.js",
    "start": 1575690628103,
    "end": 1575690628103,
    "duration": 0,
    "pid": 6164,
    "index": 43
  },
  {
    "name": "Require(35) node_modules/egg-security/app.js",
    "start": 1575690628103,
    "end": 1575690628104,
    "duration": 1,
    "pid": 6164,
    "index": 44
  },
  {
    "name": "Require(36) node_modules/egg-onerror/app.js",
    "start": 1575690628104,
    "end": 1575690628113,
    "duration": 9,
    "pid": 6164,
    "index": 45
  },
  {
    "name": "Require(37) node_modules/egg-i18n/app.js",
    "start": 1575690628114,
    "end": 1575690628133,
    "duration": 19,
    "pid": 6164,
    "index": 46
  },
  {
    "name": "Require(38) node_modules/egg-watcher/app.js",
    "start": 1575690628133,
    "end": 1575690628136,
    "duration": 3,
    "pid": 6164,
    "index": 47
  },
  {
    "name": "Require(39) node_modules/egg-schedule/app.js",
    "start": 1575690628136,
    "end": 1575690628138,
    "duration": 2,
    "pid": 6164,
    "index": 48
  },
  {
    "name": "Require(40) node_modules/egg-multipart/app.js",
    "start": 1575690628138,
    "end": 1575690628140,
    "duration": 2,
    "pid": 6164,
    "index": 49
  },
  {
    "name": "Require(41) node_modules/egg-development/app.js",
    "start": 1575690628140,
    "end": 1575690628140,
    "duration": 0,
    "pid": 6164,
    "index": 50
  },
  {
    "name": "Require(42) node_modules/egg-logrotator/app.js",
    "start": 1575690628140,
    "end": 1575690628141,
    "duration": 1,
    "pid": 6164,
    "index": 51
  },
  {
    "name": "Require(43) node_modules/egg-static/app.js",
    "start": 1575690628141,
    "end": 1575690628141,
    "duration": 0,
    "pid": 6164,
    "index": 52
  },
  {
    "name": "Before Start in node_modules/egg-watcher/lib/init.js:15:14",
    "start": 1575690628162,
    "end": 1575690628306,
    "duration": 144,
    "pid": 6164,
    "index": 53
  },
  {
    "name": "Load Service",
    "start": 1575690628215,
    "end": 1575690628221,
    "duration": 6,
    "pid": 6164,
    "index": 54
  },
  {
    "name": "Load \"service\" to Context",
    "start": 1575690628215,
    "end": 1575690628221,
    "duration": 6,
    "pid": 6164,
    "index": 55
  },
  {
    "name": "Load Middleware",
    "start": 1575690628221,
    "end": 1575690628277,
    "duration": 56,
    "pid": 6164,
    "index": 56
  },
  {
    "name": "Load \"middlewares\" to Application",
    "start": 1575690628221,
    "end": 1575690628271,
    "duration": 50,
    "pid": 6164,
    "index": 57
  },
  {
    "name": "Load Controller",
    "start": 1575690628277,
    "end": 1575690628279,
    "duration": 2,
    "pid": 6164,
    "index": 58
  },
  {
    "name": "Load \"controller\" to Application",
    "start": 1575690628277,
    "end": 1575690628279,
    "duration": 2,
    "pid": 6164,
    "index": 59
  },
  {
    "name": "Load Router",
    "start": 1575690628279,
    "end": 1575690628281,
    "duration": 2,
    "pid": 6164,
    "index": 60
  },
  {
    "name": "Require(44) app/router.js",
    "start": 1575690628279,
    "end": 1575690628279,
    "duration": 0,
    "pid": 6164,
    "index": 61
  },
  {
    "name": "Before Start in node_modules/egg-core/lib/egg.js:303:10",
    "start": 1575690628279,
    "end": 1575690628294,
    "duration": 15,
    "pid": 6164,
    "index": 62
  }
]