[
  {
    "name": "Application Start",
    "start": 1575689685774,
    "end": 1575689686212,
    "duration": 438,
    "pid": 4609,
    "index": 0
  },
  {
    "name": "Load Plugin",
    "start": 1575689685782,
    "end": 1575689685795,
    "duration": 13,
    "pid": 4609,
    "index": 1
  },
  {
    "name": "Load Config",
    "start": 1575689685795,
    "end": 1575689685818,
    "duration": 23,
    "pid": 4609,
    "index": 2
  },
  {
    "name": "Require(0) config/config.default.js",
    "start": 1575689685796,
    "end": 1575689685796,
    "duration": 0,
    "pid": 4609,
    "index": 3
  },
  {
    "name": "Require(1) node_modules/egg-session/config/config.default.js",
    "start": 1575689685799,
    "end": 1575689685799,
    "duration": 0,
    "pid": 4609,
    "index": 4
  },
  {
    "name": "Require(2) node_modules/egg-security/config/config.default.js",
    "start": 1575689685799,
    "end": 1575689685800,
    "duration": 1,
    "pid": 4609,
    "index": 5
  },
  {
    "name": "Require(3) node_modules/egg-jsonp/config/config.default.js",
    "start": 1575689685800,
    "end": 1575689685801,
    "duration": 1,
    "pid": 4609,
    "index": 6
  },
  {
    "name": "Require(4) node_modules/egg-onerror/config/config.default.js",
    "start": 1575689685801,
    "end": 1575689685801,
    "duration": 0,
    "pid": 4609,
    "index": 7
  },
  {
    "name": "Require(5) node_modules/egg-i18n/config/config.default.js",
    "start": 1575689685802,
    "end": 1575689685802,
    "duration": 0,
    "pid": 4609,
    "index": 8
  },
  {
    "name": "Require(6) node_modules/egg-watcher/config/config.default.js",
    "start": 1575689685803,
    "end": 1575689685803,
    "duration": 0,
    "pid": 4609,
    "index": 9
  },
  {
    "name": "Require(7) node_modules/egg-schedule/config/config.default.js",
    "start": 1575689685804,
    "end": 1575689685804,
    "duration": 0,
    "pid": 4609,
    "index": 10
  },
  {
    "name": "Require(8) node_modules/egg-multipart/config/config.default.js",
    "start": 1575689685805,
    "end": 1575689685805,
    "duration": 0,
    "pid": 4609,
    "index": 11
  },
  {
    "name": "Require(9) node_modules/egg-development/config/config.default.js",
    "start": 1575689685805,
    "end": 1575689685806,
    "duration": 1,
    "pid": 4609,
    "index": 12
  },
  {
    "name": "Require(10) node_modules/egg-logrotator/config/config.default.js",
    "start": 1575689685806,
    "end": 1575689685807,
    "duration": 1,
    "pid": 4609,
    "index": 13
  },
  {
    "name": "Require(11) node_modules/egg-static/config/config.default.js",
    "start": 1575689685807,
    "end": 1575689685807,
    "duration": 0,
    "pid": 4609,
    "index": 14
  },
  {
    "name": "Require(12) node_modules/egg-view/config/config.default.js",
    "start": 1575689685808,
    "end": 1575689685808,
    "duration": 0,
    "pid": 4609,
    "index": 15
  },
  {
    "name": "Require(13) node_modules/egg/config/config.default.js",
    "start": 1575689685809,
    "end": 1575689685809,
    "duration": 0,
    "pid": 4609,
    "index": 16
  },
  {
    "name": "Require(14) config/config.default.js",
    "start": 1575689685811,
    "end": 1575689685811,
    "duration": 0,
    "pid": 4609,
    "index": 17
  },
  {
    "name": "Require(15) node_modules/egg-security/config/config.local.js",
    "start": 1575689685811,
    "end": 1575689685812,
    "duration": 1,
    "pid": 4609,
    "index": 18
  },
  {
    "name": "Require(16) node_modules/egg-watcher/config/config.local.js",
    "start": 1575689685814,
    "end": 1575689685814,
    "duration": 0,
    "pid": 4609,
    "index": 19
  },
  {
    "name": "Require(17) node_modules/egg-view/config/config.local.js",
    "start": 1575689685815,
    "end": 1575689685816,
    "duration": 1,
    "pid": 4609,
    "index": 20
  },
  {
    "name": "Require(18) node_modules/egg/config/config.local.js",
    "start": 1575689685816,
    "end": 1575689685817,
    "duration": 1,
    "pid": 4609,
    "index": 21
  },
  {
    "name": "Load extend/application.js",
    "start": 1575689685822,
    "end": 1575689685832,
    "duration": 10,
    "pid": 4609,
    "index": 22
  },
  {
    "name": "Require(19) node_modules/egg-session/app/extend/application.js",
    "start": 1575689685822,
    "end": 1575689685823,
    "duration": 1,
    "pid": 4609,
    "index": 23
  },
  {
    "name": "Require(20) node_modules/egg-security/app/extend/application.js",
    "start": 1575689685823,
    "end": 1575689685824,
    "duration": 1,
    "pid": 4609,
    "index": 24
  },
  {
    "name": "Require(21) node_modules/egg-jsonp/app/extend/application.js",
    "start": 1575689685825,
    "end": 1575689685827,
    "duration": 2,
    "pid": 4609,
    "index": 25
  },
  {
    "name": "Require(22) node_modules/egg-logrotator/app/extend/application.js",
    "start": 1575689685827,
    "end": 1575689685830,
    "duration": 3,
    "pid": 4609,
    "index": 26
  },
  {
    "name": "Require(23) node_modules/egg-view/app/extend/application.js",
    "start": 1575689685830,
    "end": 1575689685832,
    "duration": 2,
    "pid": 4609,
    "index": 27
  },
  {
    "name": "Load extend/request.js",
    "start": 1575689685832,
    "end": 1575689685835,
    "duration": 3,
    "pid": 4609,
    "index": 28
  },
  {
    "name": "Require(24) node_modules/egg/app/extend/request.js",
    "start": 1575689685833,
    "end": 1575689685834,
    "duration": 1,
    "pid": 4609,
    "index": 29
  },
  {
    "name": "Load extend/response.js",
    "start": 1575689685835,
    "end": 1575689685837,
    "duration": 2,
    "pid": 4609,
    "index": 30
  },
  {
    "name": "Require(25) node_modules/egg/app/extend/response.js",
    "start": 1575689685835,
    "end": 1575689685837,
    "duration": 2,
    "pid": 4609,
    "index": 31
  },
  {
    "name": "Load extend/context.js",
    "start": 1575689685837,
    "end": 1575689685927,
    "duration": 90,
    "pid": 4609,
    "index": 32
  },
  {
    "name": "Require(26) node_modules/egg-security/app/extend/context.js",
    "start": 1575689685837,
    "end": 1575689685855,
    "duration": 18,
    "pid": 4609,
    "index": 33
  },
  {
    "name": "Require(27) node_modules/egg-jsonp/app/extend/context.js",
    "start": 1575689685855,
    "end": 1575689685858,
    "duration": 3,
    "pid": 4609,
    "index": 34
  },
  {
    "name": "Require(28) node_modules/egg-i18n/app/extend/context.js",
    "start": 1575689685859,
    "end": 1575689685859,
    "duration": 0,
    "pid": 4609,
    "index": 35
  },
  {
    "name": "Require(29) node_modules/egg-multipart/app/extend/context.js",
    "start": 1575689685860,
    "end": 1575689685923,
    "duration": 63,
    "pid": 4609,
    "index": 36
  },
  {
    "name": "Require(30) node_modules/egg-view/app/extend/context.js",
    "start": 1575689685923,
    "end": 1575689685925,
    "duration": 2,
    "pid": 4609,
    "index": 37
  },
  {
    "name": "Require(31) node_modules/egg/app/extend/context.js",
    "start": 1575689685925,
    "end": 1575689685926,
    "duration": 1,
    "pid": 4609,
    "index": 38
  },
  {
    "name": "Load extend/helper.js",
    "start": 1575689685927,
    "end": 1575689685955,
    "duration": 28,
    "pid": 4609,
    "index": 39
  },
  {
    "name": "Require(32) node_modules/egg-security/app/extend/helper.js",
    "start": 1575689685927,
    "end": 1575689685954,
    "duration": 27,
    "pid": 4609,
    "index": 40
  },
  {
    "name": "Require(33) node_modules/egg/app/extend/helper.js",
    "start": 1575689685954,
    "end": 1575689685955,
    "duration": 1,
    "pid": 4609,
    "index": 41
  },
  {
    "name": "Load app.js",
    "start": 1575689685955,
    "end": 1575689686005,
    "duration": 50,
    "pid": 4609,
    "index": 42
  },
  {
    "name": "Require(34) node_modules/egg-session/app.js",
    "start": 1575689685956,
    "end": 1575689685956,
    "duration": 0,
    "pid": 4609,
    "index": 43
  },
  {
    "name": "Require(35) node_modules/egg-security/app.js",
    "start": 1575689685957,
    "end": 1575689685958,
    "duration": 1,
    "pid": 4609,
    "index": 44
  },
  {
    "name": "Require(36) node_modules/egg-onerror/app.js",
    "start": 1575689685958,
    "end": 1575689685967,
    "duration": 9,
    "pid": 4609,
    "index": 45
  },
  {
    "name": "Require(37) node_modules/egg-i18n/app.js",
    "start": 1575689685967,
    "end": 1575689685983,
    "duration": 16,
    "pid": 4609,
    "index": 46
  },
  {
    "name": "Require(38) node_modules/egg-watcher/app.js",
    "start": 1575689685984,
    "end": 1575689685990,
    "duration": 6,
    "pid": 4609,
    "index": 47
  },
  {
    "name": "Require(39) node_modules/egg-schedule/app.js",
    "start": 1575689685990,
    "end": 1575689685997,
    "duration": 7,
    "pid": 4609,
    "index": 48
  },
  {
    "name": "Require(40) node_modules/egg-multipart/app.js",
    "start": 1575689685998,
    "end": 1575689686002,
    "duration": 4,
    "pid": 4609,
    "index": 49
  },
  {
    "name": "Require(41) node_modules/egg-development/app.js",
    "start": 1575689686003,
    "end": 1575689686003,
    "duration": 0,
    "pid": 4609,
    "index": 50
  },
  {
    "name": "Require(42) node_modules/egg-logrotator/app.js",
    "start": 1575689686003,
    "end": 1575689686004,
    "duration": 1,
    "pid": 4609,
    "index": 51
  },
  {
    "name": "Require(43) node_modules/egg-static/app.js",
    "start": 1575689686004,
    "end": 1575689686004,
    "duration": 0,
    "pid": 4609,
    "index": 52
  },
  {
    "name": "Before Start in node_modules/egg-watcher/lib/init.js:15:14",
    "start": 1575689686034,
    "end": 1575689686209,
    "duration": 175,
    "pid": 4609,
    "index": 53
  },
  {
    "name": "Load Service",
    "start": 1575689686073,
    "end": 1575689686076,
    "duration": 3,
    "pid": 4609,
    "index": 54
  },
  {
    "name": "Load \"service\" to Context",
    "start": 1575689686073,
    "end": 1575689686076,
    "duration": 3,
    "pid": 4609,
    "index": 55
  },
  {
    "name": "Load Middleware",
    "start": 1575689686076,
    "end": 1575689686177,
    "duration": 101,
    "pid": 4609,
    "index": 56
  },
  {
    "name": "Load \"middlewares\" to Application",
    "start": 1575689686076,
    "end": 1575689686169,
    "duration": 93,
    "pid": 4609,
    "index": 57
  },
  {
    "name": "Load Controller",
    "start": 1575689686177,
    "end": 1575689686182,
    "duration": 5,
    "pid": 4609,
    "index": 58
  },
  {
    "name": "Load \"controller\" to Application",
    "start": 1575689686177,
    "end": 1575689686182,
    "duration": 5,
    "pid": 4609,
    "index": 59
  },
  {
    "name": "Load Router",
    "start": 1575689686182,
    "end": 1575689686186,
    "duration": 4,
    "pid": 4609,
    "index": 60
  },
  {
    "name": "Require(44) app/router.js",
    "start": 1575689686182,
    "end": 1575689686183,
    "duration": 1,
    "pid": 4609,
    "index": 61
  },
  {
    "name": "Before Start in node_modules/egg-core/lib/egg.js:303:10",
    "start": 1575689686183,
    "end": 1575689686198,
    "duration": 15,
    "pid": 4609,
    "index": 62
  }
]