[
  {
    "name": "Application Start",
    "start": 1575691186007,
    "end": 1575691186476,
    "duration": 469,
    "pid": 7014,
    "index": 0
  },
  {
    "name": "Load Plugin",
    "start": 1575691186011,
    "end": 1575691186026,
    "duration": 15,
    "pid": 7014,
    "index": 1
  },
  {
    "name": "Load Config",
    "start": 1575691186026,
    "end": 1575691186053,
    "duration": 27,
    "pid": 7014,
    "index": 2
  },
  {
    "name": "Require(0) config/config.default.js",
    "start": 1575691186027,
    "end": 1575691186028,
    "duration": 1,
    "pid": 7014,
    "index": 3
  },
  {
    "name": "Require(1) node_modules/egg-session/config/config.default.js",
    "start": 1575691186030,
    "end": 1575691186031,
    "duration": 1,
    "pid": 7014,
    "index": 4
  },
  {
    "name": "Require(2) node_modules/egg-security/config/config.default.js",
    "start": 1575691186032,
    "end": 1575691186033,
    "duration": 1,
    "pid": 7014,
    "index": 5
  },
  {
    "name": "Require(3) node_modules/egg-jsonp/config/config.default.js",
    "start": 1575691186035,
    "end": 1575691186035,
    "duration": 0,
    "pid": 7014,
    "index": 6
  },
  {
    "name": "Require(4) node_modules/egg-onerror/config/config.default.js",
    "start": 1575691186036,
    "end": 1575691186037,
    "duration": 1,
    "pid": 7014,
    "index": 7
  },
  {
    "name": "Require(5) node_modules/egg-i18n/config/config.default.js",
    "start": 1575691186037,
    "end": 1575691186038,
    "duration": 1,
    "pid": 7014,
    "index": 8
  },
  {
    "name": "Require(6) node_modules/egg-watcher/config/config.default.js",
    "start": 1575691186039,
    "end": 1575691186040,
    "duration": 1,
    "pid": 7014,
    "index": 9
  },
  {
    "name": "Require(7) node_modules/egg-schedule/config/config.default.js",
    "start": 1575691186040,
    "end": 1575691186041,
    "duration": 1,
    "pid": 7014,
    "index": 10
  },
  {
    "name": "Require(8) node_modules/egg-multipart/config/config.default.js",
    "start": 1575691186041,
    "end": 1575691186041,
    "duration": 0,
    "pid": 7014,
    "index": 11
  },
  {
    "name": "Require(9) node_modules/egg-development/config/config.default.js",
    "start": 1575691186042,
    "end": 1575691186042,
    "duration": 0,
    "pid": 7014,
    "index": 12
  },
  {
    "name": "Require(10) node_modules/egg-logrotator/config/config.default.js",
    "start": 1575691186043,
    "end": 1575691186043,
    "duration": 0,
    "pid": 7014,
    "index": 13
  },
  {
    "name": "Require(11) node_modules/egg-static/config/config.default.js",
    "start": 1575691186044,
    "end": 1575691186044,
    "duration": 0,
    "pid": 7014,
    "index": 14
  },
  {
    "name": "Require(12) node_modules/egg-view/config/config.default.js",
    "start": 1575691186045,
    "end": 1575691186045,
    "duration": 0,
    "pid": 7014,
    "index": 15
  },
  {
    "name": "Require(13) node_modules/egg/config/config.default.js",
    "start": 1575691186046,
    "end": 1575691186047,
    "duration": 1,
    "pid": 7014,
    "index": 16
  },
  {
    "name": "Require(14) config/config.default.js",
    "start": 1575691186049,
    "end": 1575691186049,
    "duration": 0,
    "pid": 7014,
    "index": 17
  },
  {
    "name": "Require(15) node_modules/egg-security/config/config.local.js",
    "start": 1575691186049,
    "end": 1575691186049,
    "duration": 0,
    "pid": 7014,
    "index": 18
  },
  {
    "name": "Require(16) node_modules/egg-watcher/config/config.local.js",
    "start": 1575691186050,
    "end": 1575691186051,
    "duration": 1,
    "pid": 7014,
    "index": 19
  },
  {
    "name": "Require(17) node_modules/egg-view/config/config.local.js",
    "start": 1575691186051,
    "end": 1575691186052,
    "duration": 1,
    "pid": 7014,
    "index": 20
  },
  {
    "name": "Require(18) node_modules/egg/config/config.local.js",
    "start": 1575691186052,
    "end": 1575691186053,
    "duration": 1,
    "pid": 7014,
    "index": 21
  },
  {
    "name": "Load extend/application.js",
    "start": 1575691186058,
    "end": 1575691186070,
    "duration": 12,
    "pid": 7014,
    "index": 22
  },
  {
    "name": "Require(19) node_modules/egg-session/app/extend/application.js",
    "start": 1575691186058,
    "end": 1575691186060,
    "duration": 2,
    "pid": 7014,
    "index": 23
  },
  {
    "name": "Require(20) node_modules/egg-security/app/extend/application.js",
    "start": 1575691186060,
    "end": 1575691186063,
    "duration": 3,
    "pid": 7014,
    "index": 24
  },
  {
    "name": "Require(21) node_modules/egg-jsonp/app/extend/application.js",
    "start": 1575691186063,
    "end": 1575691186065,
    "duration": 2,
    "pid": 7014,
    "index": 25
  },
  {
    "name": "Require(22) node_modules/egg-logrotator/app/extend/application.js",
    "start": 1575691186065,
    "end": 1575691186067,
    "duration": 2,
    "pid": 7014,
    "index": 26
  },
  {
    "name": "Require(23) node_modules/egg-view/app/extend/application.js",
    "start": 1575691186067,
    "end": 1575691186069,
    "duration": 2,
    "pid": 7014,
    "index": 27
  },
  {
    "name": "Load extend/request.js",
    "start": 1575691186070,
    "end": 1575691186072,
    "duration": 2,
    "pid": 7014,
    "index": 28
  },
  {
    "name": "Require(24) node_modules/egg/app/extend/request.js",
    "start": 1575691186070,
    "end": 1575691186072,
    "duration": 2,
    "pid": 7014,
    "index": 29
  },
  {
    "name": "Load extend/response.js",
    "start": 1575691186072,
    "end": 1575691186075,
    "duration": 3,
    "pid": 7014,
    "index": 30
  },
  {
    "name": "Require(25) node_modules/egg/app/extend/response.js",
    "start": 1575691186073,
    "end": 1575691186075,
    "duration": 2,
    "pid": 7014,
    "index": 31
  },
  {
    "name": "Load extend/context.js",
    "start": 1575691186075,
    "end": 1575691186167,
    "duration": 92,
    "pid": 7014,
    "index": 32
  },
  {
    "name": "Require(26) node_modules/egg-security/app/extend/context.js",
    "start": 1575691186076,
    "end": 1575691186088,
    "duration": 12,
    "pid": 7014,
    "index": 33
  },
  {
    "name": "Require(27) node_modules/egg-jsonp/app/extend/context.js",
    "start": 1575691186088,
    "end": 1575691186092,
    "duration": 4,
    "pid": 7014,
    "index": 34
  },
  {
    "name": "Require(28) node_modules/egg-i18n/app/extend/context.js",
    "start": 1575691186093,
    "end": 1575691186094,
    "duration": 1,
    "pid": 7014,
    "index": 35
  },
  {
    "name": "Require(29) node_modules/egg-multipart/app/extend/context.js",
    "start": 1575691186094,
    "end": 1575691186159,
    "duration": 65,
    "pid": 7014,
    "index": 36
  },
  {
    "name": "Require(30) node_modules/egg-view/app/extend/context.js",
    "start": 1575691186159,
    "end": 1575691186161,
    "duration": 2,
    "pid": 7014,
    "index": 37
  },
  {
    "name": "Require(31) node_modules/egg/app/extend/context.js",
    "start": 1575691186161,
    "end": 1575691186166,
    "duration": 5,
    "pid": 7014,
    "index": 38
  },
  {
    "name": "Load extend/helper.js",
    "start": 1575691186167,
    "end": 1575691186194,
    "duration": 27,
    "pid": 7014,
    "index": 39
  },
  {
    "name": "Require(32) node_modules/egg-security/app/extend/helper.js",
    "start": 1575691186167,
    "end": 1575691186190,
    "duration": 23,
    "pid": 7014,
    "index": 40
  },
  {
    "name": "Require(33) node_modules/egg/app/extend/helper.js",
    "start": 1575691186190,
    "end": 1575691186192,
    "duration": 2,
    "pid": 7014,
    "index": 41
  },
  {
    "name": "Load app.js",
    "start": 1575691186195,
    "end": 1575691186245,
    "duration": 50,
    "pid": 7014,
    "index": 42
  },
  {
    "name": "Require(34) node_modules/egg-session/app.js",
    "start": 1575691186195,
    "end": 1575691186196,
    "duration": 1,
    "pid": 7014,
    "index": 43
  },
  {
    "name": "Require(35) node_modules/egg-security/app.js",
    "start": 1575691186197,
    "end": 1575691186199,
    "duration": 2,
    "pid": 7014,
    "index": 44
  },
  {
    "name": "Require(36) node_modules/egg-onerror/app.js",
    "start": 1575691186200,
    "end": 1575691186212,
    "duration": 12,
    "pid": 7014,
    "index": 45
  },
  {
    "name": "Require(37) node_modules/egg-i18n/app.js",
    "start": 1575691186212,
    "end": 1575691186232,
    "duration": 20,
    "pid": 7014,
    "index": 46
  },
  {
    "name": "Require(38) node_modules/egg-watcher/app.js",
    "start": 1575691186233,
    "end": 1575691186237,
    "duration": 4,
    "pid": 7014,
    "index": 47
  },
  {
    "name": "Require(39) node_modules/egg-schedule/app.js",
    "start": 1575691186237,
    "end": 1575691186239,
    "duration": 2,
    "pid": 7014,
    "index": 48
  },
  {
    "name": "Require(40) node_modules/egg-multipart/app.js",
    "start": 1575691186239,
    "end": 1575691186242,
    "duration": 3,
    "pid": 7014,
    "index": 49
  },
  {
    "name": "Require(41) node_modules/egg-development/app.js",
    "start": 1575691186243,
    "end": 1575691186243,
    "duration": 0,
    "pid": 7014,
    "index": 50
  },
  {
    "name": "Require(42) node_modules/egg-logrotator/app.js",
    "start": 1575691186243,
    "end": 1575691186244,
    "duration": 1,
    "pid": 7014,
    "index": 51
  },
  {
    "name": "Require(43) node_modules/egg-static/app.js",
    "start": 1575691186244,
    "end": 1575691186245,
    "duration": 1,
    "pid": 7014,
    "index": 52
  },
  {
    "name": "Before Start in node_modules/egg-watcher/lib/init.js:15:14",
    "start": 1575691186260,
    "end": 1575691186476,
    "duration": 216,
    "pid": 7014,
    "index": 53
  },
  {
    "name": "Load Service",
    "start": 1575691186308,
    "end": 1575691186312,
    "duration": 4,
    "pid": 7014,
    "index": 54
  },
  {
    "name": "Load \"service\" to Context",
    "start": 1575691186308,
    "end": 1575691186312,
    "duration": 4,
    "pid": 7014,
    "index": 55
  },
  {
    "name": "Load Middleware",
    "start": 1575691186312,
    "end": 1575691186445,
    "duration": 133,
    "pid": 7014,
    "index": 56
  },
  {
    "name": "Load \"middlewares\" to Application",
    "start": 1575691186312,
    "end": 1575691186431,
    "duration": 119,
    "pid": 7014,
    "index": 57
  },
  {
    "name": "Load Controller",
    "start": 1575691186445,
    "end": 1575691186447,
    "duration": 2,
    "pid": 7014,
    "index": 58
  },
  {
    "name": "Load \"controller\" to Application",
    "start": 1575691186445,
    "end": 1575691186447,
    "duration": 2,
    "pid": 7014,
    "index": 59
  },
  {
    "name": "Load Router",
    "start": 1575691186447,
    "end": 1575691186450,
    "duration": 3,
    "pid": 7014,
    "index": 60
  },
  {
    "name": "Require(44) app/router.js",
    "start": 1575691186447,
    "end": 1575691186448,
    "duration": 1,
    "pid": 7014,
    "index": 61
  },
  {
    "name": "Before Start in node_modules/egg-core/lib/egg.js:303:10",
    "start": 1575691186448,
    "end": 1575691186464,
    "duration": 16,
    "pid": 7014,
    "index": 62
  }
]