[
  {
    "name": "Application Start",
    "start": 1575690645201,
    "end": 1575690645512,
    "duration": 311,
    "pid": 6193,
    "index": 0
  },
  {
    "name": "Load Plugin",
    "start": 1575690645204,
    "end": 1575690645210,
    "duration": 6,
    "pid": 6193,
    "index": 1
  },
  {
    "name": "Load Config",
    "start": 1575690645210,
    "end": 1575690645231,
    "duration": 21,
    "pid": 6193,
    "index": 2
  },
  {
    "name": "Require(0) config/config.default.js",
    "start": 1575690645211,
    "end": 1575690645211,
    "duration": 0,
    "pid": 6193,
    "index": 3
  },
  {
    "name": "Require(1) node_modules/egg-session/config/config.default.js",
    "start": 1575690645213,
    "end": 1575690645213,
    "duration": 0,
    "pid": 6193,
    "index": 4
  },
  {
    "name": "Require(2) node_modules/egg-security/config/config.default.js",
    "start": 1575690645213,
    "end": 1575690645213,
    "duration": 0,
    "pid": 6193,
    "index": 5
  },
  {
    "name": "Require(3) node_modules/egg-jsonp/config/config.default.js",
    "start": 1575690645215,
    "end": 1575690645215,
    "duration": 0,
    "pid": 6193,
    "index": 6
  },
  {
    "name": "Require(4) node_modules/egg-onerror/config/config.default.js",
    "start": 1575690645215,
    "end": 1575690645215,
    "duration": 0,
    "pid": 6193,
    "index": 7
  },
  {
    "name": "Require(5) node_modules/egg-i18n/config/config.default.js",
    "start": 1575690645215,
    "end": 1575690645215,
    "duration": 0,
    "pid": 6193,
    "index": 8
  },
  {
    "name": "Require(6) node_modules/egg-watcher/config/config.default.js",
    "start": 1575690645217,
    "end": 1575690645219,
    "duration": 2,
    "pid": 6193,
    "index": 9
  },
  {
    "name": "Require(7) node_modules/egg-schedule/config/config.default.js",
    "start": 1575690645220,
    "end": 1575690645220,
    "duration": 0,
    "pid": 6193,
    "index": 10
  },
  {
    "name": "Require(8) node_modules/egg-multipart/config/config.default.js",
    "start": 1575690645220,
    "end": 1575690645221,
    "duration": 1,
    "pid": 6193,
    "index": 11
  },
  {
    "name": "Require(9) node_modules/egg-development/config/config.default.js",
    "start": 1575690645221,
    "end": 1575690645222,
    "duration": 1,
    "pid": 6193,
    "index": 12
  },
  {
    "name": "Require(10) node_modules/egg-logrotator/config/config.default.js",
    "start": 1575690645222,
    "end": 1575690645223,
    "duration": 1,
    "pid": 6193,
    "index": 13
  },
  {
    "name": "Require(11) node_modules/egg-static/config/config.default.js",
    "start": 1575690645223,
    "end": 1575690645223,
    "duration": 0,
    "pid": 6193,
    "index": 14
  },
  {
    "name": "Require(12) node_modules/egg-view/config/config.default.js",
    "start": 1575690645224,
    "end": 1575690645224,
    "duration": 0,
    "pid": 6193,
    "index": 15
  },
  {
    "name": "Require(13) node_modules/egg/config/config.default.js",
    "start": 1575690645225,
    "end": 1575690645227,
    "duration": 2,
    "pid": 6193,
    "index": 16
  },
  {
    "name": "Require(14) config/config.default.js",
    "start": 1575690645229,
    "end": 1575690645229,
    "duration": 0,
    "pid": 6193,
    "index": 17
  },
  {
    "name": "Require(15) node_modules/egg-security/config/config.local.js",
    "start": 1575690645229,
    "end": 1575690645229,
    "duration": 0,
    "pid": 6193,
    "index": 18
  },
  {
    "name": "Require(16) node_modules/egg-watcher/config/config.local.js",
    "start": 1575690645229,
    "end": 1575690645230,
    "duration": 1,
    "pid": 6193,
    "index": 19
  },
  {
    "name": "Require(17) node_modules/egg-view/config/config.local.js",
    "start": 1575690645230,
    "end": 1575690645230,
    "duration": 0,
    "pid": 6193,
    "index": 20
  },
  {
    "name": "Require(18) node_modules/egg/config/config.local.js",
    "start": 1575690645230,
    "end": 1575690645231,
    "duration": 1,
    "pid": 6193,
    "index": 21
  },
  {
    "name": "Load extend/application.js",
    "start": 1575690645232,
    "end": 1575690645237,
    "duration": 5,
    "pid": 6193,
    "index": 22
  },
  {
    "name": "Require(19) node_modules/egg-session/app/extend/application.js",
    "start": 1575690645233,
    "end": 1575690645233,
    "duration": 0,
    "pid": 6193,
    "index": 23
  },
  {
    "name": "Require(20) node_modules/egg-security/app/extend/application.js",
    "start": 1575690645233,
    "end": 1575690645234,
    "duration": 1,
    "pid": 6193,
    "index": 24
  },
  {
    "name": "Require(21) node_modules/egg-jsonp/app/extend/application.js",
    "start": 1575690645234,
    "end": 1575690645234,
    "duration": 0,
    "pid": 6193,
    "index": 25
  },
  {
    "name": "Require(22) node_modules/egg-logrotator/app/extend/application.js",
    "start": 1575690645235,
    "end": 1575690645235,
    "duration": 0,
    "pid": 6193,
    "index": 26
  },
  {
    "name": "Require(23) node_modules/egg-view/app/extend/application.js",
    "start": 1575690645235,
    "end": 1575690645236,
    "duration": 1,
    "pid": 6193,
    "index": 27
  },
  {
    "name": "Load extend/request.js",
    "start": 1575690645237,
    "end": 1575690645239,
    "duration": 2,
    "pid": 6193,
    "index": 28
  },
  {
    "name": "Require(24) node_modules/egg/app/extend/request.js",
    "start": 1575690645238,
    "end": 1575690645238,
    "duration": 0,
    "pid": 6193,
    "index": 29
  },
  {
    "name": "Load extend/response.js",
    "start": 1575690645239,
    "end": 1575690645240,
    "duration": 1,
    "pid": 6193,
    "index": 30
  },
  {
    "name": "Require(25) node_modules/egg/app/extend/response.js",
    "start": 1575690645239,
    "end": 1575690645240,
    "duration": 1,
    "pid": 6193,
    "index": 31
  },
  {
    "name": "Load extend/context.js",
    "start": 1575690645240,
    "end": 1575690645309,
    "duration": 69,
    "pid": 6193,
    "index": 32
  },
  {
    "name": "Require(26) node_modules/egg-security/app/extend/context.js",
    "start": 1575690645241,
    "end": 1575690645247,
    "duration": 6,
    "pid": 6193,
    "index": 33
  },
  {
    "name": "Require(27) node_modules/egg-jsonp/app/extend/context.js",
    "start": 1575690645247,
    "end": 1575690645248,
    "duration": 1,
    "pid": 6193,
    "index": 34
  },
  {
    "name": "Require(28) node_modules/egg-i18n/app/extend/context.js",
    "start": 1575690645248,
    "end": 1575690645248,
    "duration": 0,
    "pid": 6193,
    "index": 35
  },
  {
    "name": "Require(29) node_modules/egg-multipart/app/extend/context.js",
    "start": 1575690645249,
    "end": 1575690645306,
    "duration": 57,
    "pid": 6193,
    "index": 36
  },
  {
    "name": "Require(30) node_modules/egg-view/app/extend/context.js",
    "start": 1575690645306,
    "end": 1575690645307,
    "duration": 1,
    "pid": 6193,
    "index": 37
  },
  {
    "name": "Require(31) node_modules/egg/app/extend/context.js",
    "start": 1575690645307,
    "end": 1575690645308,
    "duration": 1,
    "pid": 6193,
    "index": 38
  },
  {
    "name": "Load extend/helper.js",
    "start": 1575690645309,
    "end": 1575690645336,
    "duration": 27,
    "pid": 6193,
    "index": 39
  },
  {
    "name": "Require(32) node_modules/egg-security/app/extend/helper.js",
    "start": 1575690645309,
    "end": 1575690645334,
    "duration": 25,
    "pid": 6193,
    "index": 40
  },
  {
    "name": "Require(33) node_modules/egg/app/extend/helper.js",
    "start": 1575690645335,
    "end": 1575690645335,
    "duration": 0,
    "pid": 6193,
    "index": 41
  },
  {
    "name": "Load app.js",
    "start": 1575690645336,
    "end": 1575690645371,
    "duration": 35,
    "pid": 6193,
    "index": 42
  },
  {
    "name": "Require(34) node_modules/egg-session/app.js",
    "start": 1575690645337,
    "end": 1575690645337,
    "duration": 0,
    "pid": 6193,
    "index": 43
  },
  {
    "name": "Require(35) node_modules/egg-security/app.js",
    "start": 1575690645337,
    "end": 1575690645338,
    "duration": 1,
    "pid": 6193,
    "index": 44
  },
  {
    "name": "Require(36) node_modules/egg-onerror/app.js",
    "start": 1575690645339,
    "end": 1575690645344,
    "duration": 5,
    "pid": 6193,
    "index": 45
  },
  {
    "name": "Require(37) node_modules/egg-i18n/app.js",
    "start": 1575690645344,
    "end": 1575690645359,
    "duration": 15,
    "pid": 6193,
    "index": 46
  },
  {
    "name": "Require(38) node_modules/egg-watcher/app.js",
    "start": 1575690645359,
    "end": 1575690645363,
    "duration": 4,
    "pid": 6193,
    "index": 47
  },
  {
    "name": "Require(39) node_modules/egg-schedule/app.js",
    "start": 1575690645363,
    "end": 1575690645365,
    "duration": 2,
    "pid": 6193,
    "index": 48
  },
  {
    "name": "Require(40) node_modules/egg-multipart/app.js",
    "start": 1575690645366,
    "end": 1575690645369,
    "duration": 3,
    "pid": 6193,
    "index": 49
  },
  {
    "name": "Require(41) node_modules/egg-development/app.js",
    "start": 1575690645369,
    "end": 1575690645370,
    "duration": 1,
    "pid": 6193,
    "index": 50
  },
  {
    "name": "Require(42) node_modules/egg-logrotator/app.js",
    "start": 1575690645370,
    "end": 1575690645370,
    "duration": 0,
    "pid": 6193,
    "index": 51
  },
  {
    "name": "Require(43) node_modules/egg-static/app.js",
    "start": 1575690645370,
    "end": 1575690645370,
    "duration": 0,
    "pid": 6193,
    "index": 52
  },
  {
    "name": "Before Start in node_modules/egg-watcher/lib/init.js:15:14",
    "start": 1575690645383,
    "end": 1575690645511,
    "duration": 128,
    "pid": 6193,
    "index": 53
  },
  {
    "name": "Load Service",
    "start": 1575690645415,
    "end": 1575690645422,
    "duration": 7,
    "pid": 6193,
    "index": 54
  },
  {
    "name": "Load \"service\" to Context",
    "start": 1575690645416,
    "end": 1575690645422,
    "duration": 6,
    "pid": 6193,
    "index": 55
  },
  {
    "name": "Load Middleware",
    "start": 1575690645422,
    "end": 1575690645480,
    "duration": 58,
    "pid": 6193,
    "index": 56
  },
  {
    "name": "Load \"middlewares\" to Application",
    "start": 1575690645423,
    "end": 1575690645475,
    "duration": 52,
    "pid": 6193,
    "index": 57
  },
  {
    "name": "Load Controller",
    "start": 1575690645481,
    "end": 1575690645485,
    "duration": 4,
    "pid": 6193,
    "index": 58
  },
  {
    "name": "Load \"controller\" to Application",
    "start": 1575690645481,
    "end": 1575690645485,
    "duration": 4,
    "pid": 6193,
    "index": 59
  },
  {
    "name": "Load Router",
    "start": 1575690645485,
    "end": 1575690645489,
    "duration": 4,
    "pid": 6193,
    "index": 60
  },
  {
    "name": "Require(44) app/router.js",
    "start": 1575690645485,
    "end": 1575690645486,
    "duration": 1,
    "pid": 6193,
    "index": 61
  },
  {
    "name": "Before Start in node_modules/egg-core/lib/egg.js:303:10",
    "start": 1575690645486,
    "end": 1575690645500,
    "duration": 14,
    "pid": 6193,
    "index": 62
  }
]