[
  {
    "name": "Application Start",
    "start": 1575690986043,
    "end": 1575690986351,
    "duration": 308,
    "pid": 6743,
    "index": 0
  },
  {
    "name": "Load Plugin",
    "start": 1575690986046,
    "end": 1575690986052,
    "duration": 6,
    "pid": 6743,
    "index": 1
  },
  {
    "name": "Load Config",
    "start": 1575690986052,
    "end": 1575690986072,
    "duration": 20,
    "pid": 6743,
    "index": 2
  },
  {
    "name": "Require(0) config/config.default.js",
    "start": 1575690986053,
    "end": 1575690986053,
    "duration": 0,
    "pid": 6743,
    "index": 3
  },
  {
    "name": "Require(1) node_modules/egg-session/config/config.default.js",
    "start": 1575690986054,
    "end": 1575690986055,
    "duration": 1,
    "pid": 6743,
    "index": 4
  },
  {
    "name": "Require(2) node_modules/egg-security/config/config.default.js",
    "start": 1575690986055,
    "end": 1575690986057,
    "duration": 2,
    "pid": 6743,
    "index": 5
  },
  {
    "name": "Require(3) node_modules/egg-jsonp/config/config.default.js",
    "start": 1575690986058,
    "end": 1575690986058,
    "duration": 0,
    "pid": 6743,
    "index": 6
  },
  {
    "name": "Require(4) node_modules/egg-onerror/config/config.default.js",
    "start": 1575690986059,
    "end": 1575690986059,
    "duration": 0,
    "pid": 6743,
    "index": 7
  },
  {
    "name": "Require(5) node_modules/egg-i18n/config/config.default.js",
    "start": 1575690986059,
    "end": 1575690986059,
    "duration": 0,
    "pid": 6743,
    "index": 8
  },
  {
    "name": "Require(6) node_modules/egg-watcher/config/config.default.js",
    "start": 1575690986060,
    "end": 1575690986061,
    "duration": 1,
    "pid": 6743,
    "index": 9
  },
  {
    "name": "Require(7) node_modules/egg-schedule/config/config.default.js",
    "start": 1575690986062,
    "end": 1575690986062,
    "duration": 0,
    "pid": 6743,
    "index": 10
  },
  {
    "name": "Require(8) node_modules/egg-multipart/config/config.default.js",
    "start": 1575690986062,
    "end": 1575690986063,
    "duration": 1,
    "pid": 6743,
    "index": 11
  },
  {
    "name": "Require(9) node_modules/egg-development/config/config.default.js",
    "start": 1575690986063,
    "end": 1575690986065,
    "duration": 2,
    "pid": 6743,
    "index": 12
  },
  {
    "name": "Require(10) node_modules/egg-logrotator/config/config.default.js",
    "start": 1575690986065,
    "end": 1575690986066,
    "duration": 1,
    "pid": 6743,
    "index": 13
  },
  {
    "name": "Require(11) node_modules/egg-static/config/config.default.js",
    "start": 1575690986066,
    "end": 1575690986066,
    "duration": 0,
    "pid": 6743,
    "index": 14
  },
  {
    "name": "Require(12) node_modules/egg-view/config/config.default.js",
    "start": 1575690986067,
    "end": 1575690986067,
    "duration": 0,
    "pid": 6743,
    "index": 15
  },
  {
    "name": "Require(13) node_modules/egg/config/config.default.js",
    "start": 1575690986067,
    "end": 1575690986068,
    "duration": 1,
    "pid": 6743,
    "index": 16
  },
  {
    "name": "Require(14) config/config.default.js",
    "start": 1575690986069,
    "end": 1575690986069,
    "duration": 0,
    "pid": 6743,
    "index": 17
  },
  {
    "name": "Require(15) node_modules/egg-security/config/config.local.js",
    "start": 1575690986070,
    "end": 1575690986070,
    "duration": 0,
    "pid": 6743,
    "index": 18
  },
  {
    "name": "Require(16) node_modules/egg-watcher/config/config.local.js",
    "start": 1575690986070,
    "end": 1575690986071,
    "duration": 1,
    "pid": 6743,
    "index": 19
  },
  {
    "name": "Require(17) node_modules/egg-view/config/config.local.js",
    "start": 1575690986071,
    "end": 1575690986071,
    "duration": 0,
    "pid": 6743,
    "index": 20
  },
  {
    "name": "Require(18) node_modules/egg/config/config.local.js",
    "start": 1575690986071,
    "end": 1575690986072,
    "duration": 1,
    "pid": 6743,
    "index": 21
  },
  {
    "name": "Load extend/application.js",
    "start": 1575690986073,
    "end": 1575690986081,
    "duration": 8,
    "pid": 6743,
    "index": 22
  },
  {
    "name": "Require(19) node_modules/egg-session/app/extend/application.js",
    "start": 1575690986074,
    "end": 1575690986075,
    "duration": 1,
    "pid": 6743,
    "index": 23
  },
  {
    "name": "Require(20) node_modules/egg-security/app/extend/application.js",
    "start": 1575690986075,
    "end": 1575690986075,
    "duration": 0,
    "pid": 6743,
    "index": 24
  },
  {
    "name": "Require(21) node_modules/egg-jsonp/app/extend/application.js",
    "start": 1575690986076,
    "end": 1575690986077,
    "duration": 1,
    "pid": 6743,
    "index": 25
  },
  {
    "name": "Require(22) node_modules/egg-logrotator/app/extend/application.js",
    "start": 1575690986078,
    "end": 1575690986079,
    "duration": 1,
    "pid": 6743,
    "index": 26
  },
  {
    "name": "Require(23) node_modules/egg-view/app/extend/application.js",
    "start": 1575690986079,
    "end": 1575690986080,
    "duration": 1,
    "pid": 6743,
    "index": 27
  },
  {
    "name": "Load extend/request.js",
    "start": 1575690986081,
    "end": 1575690986083,
    "duration": 2,
    "pid": 6743,
    "index": 28
  },
  {
    "name": "Require(24) node_modules/egg/app/extend/request.js",
    "start": 1575690986081,
    "end": 1575690986082,
    "duration": 1,
    "pid": 6743,
    "index": 29
  },
  {
    "name": "Load extend/response.js",
    "start": 1575690986083,
    "end": 1575690986091,
    "duration": 8,
    "pid": 6743,
    "index": 30
  },
  {
    "name": "Require(25) node_modules/egg/app/extend/response.js",
    "start": 1575690986084,
    "end": 1575690986089,
    "duration": 5,
    "pid": 6743,
    "index": 31
  },
  {
    "name": "Load extend/context.js",
    "start": 1575690986091,
    "end": 1575690986167,
    "duration": 76,
    "pid": 6743,
    "index": 32
  },
  {
    "name": "Require(26) node_modules/egg-security/app/extend/context.js",
    "start": 1575690986091,
    "end": 1575690986104,
    "duration": 13,
    "pid": 6743,
    "index": 33
  },
  {
    "name": "Require(27) node_modules/egg-jsonp/app/extend/context.js",
    "start": 1575690986104,
    "end": 1575690986106,
    "duration": 2,
    "pid": 6743,
    "index": 34
  },
  {
    "name": "Require(28) node_modules/egg-i18n/app/extend/context.js",
    "start": 1575690986107,
    "end": 1575690986107,
    "duration": 0,
    "pid": 6743,
    "index": 35
  },
  {
    "name": "Require(29) node_modules/egg-multipart/app/extend/context.js",
    "start": 1575690986108,
    "end": 1575690986161,
    "duration": 53,
    "pid": 6743,
    "index": 36
  },
  {
    "name": "Require(30) node_modules/egg-view/app/extend/context.js",
    "start": 1575690986161,
    "end": 1575690986162,
    "duration": 1,
    "pid": 6743,
    "index": 37
  },
  {
    "name": "Require(31) node_modules/egg/app/extend/context.js",
    "start": 1575690986162,
    "end": 1575690986164,
    "duration": 2,
    "pid": 6743,
    "index": 38
  },
  {
    "name": "Load extend/helper.js",
    "start": 1575690986167,
    "end": 1575690986184,
    "duration": 17,
    "pid": 6743,
    "index": 39
  },
  {
    "name": "Require(32) node_modules/egg-security/app/extend/helper.js",
    "start": 1575690986167,
    "end": 1575690986182,
    "duration": 15,
    "pid": 6743,
    "index": 40
  },
  {
    "name": "Require(33) node_modules/egg/app/extend/helper.js",
    "start": 1575690986183,
    "end": 1575690986183,
    "duration": 0,
    "pid": 6743,
    "index": 41
  },
  {
    "name": "Load app.js",
    "start": 1575690986184,
    "end": 1575690986212,
    "duration": 28,
    "pid": 6743,
    "index": 42
  },
  {
    "name": "Require(34) node_modules/egg-session/app.js",
    "start": 1575690986184,
    "end": 1575690986184,
    "duration": 0,
    "pid": 6743,
    "index": 43
  },
  {
    "name": "Require(35) node_modules/egg-security/app.js",
    "start": 1575690986184,
    "end": 1575690986185,
    "duration": 1,
    "pid": 6743,
    "index": 44
  },
  {
    "name": "Require(36) node_modules/egg-onerror/app.js",
    "start": 1575690986185,
    "end": 1575690986195,
    "duration": 10,
    "pid": 6743,
    "index": 45
  },
  {
    "name": "Require(37) node_modules/egg-i18n/app.js",
    "start": 1575690986195,
    "end": 1575690986207,
    "duration": 12,
    "pid": 6743,
    "index": 46
  },
  {
    "name": "Require(38) node_modules/egg-watcher/app.js",
    "start": 1575690986207,
    "end": 1575690986208,
    "duration": 1,
    "pid": 6743,
    "index": 47
  },
  {
    "name": "Require(39) node_modules/egg-schedule/app.js",
    "start": 1575690986208,
    "end": 1575690986209,
    "duration": 1,
    "pid": 6743,
    "index": 48
  },
  {
    "name": "Require(40) node_modules/egg-multipart/app.js",
    "start": 1575690986209,
    "end": 1575690986211,
    "duration": 2,
    "pid": 6743,
    "index": 49
  },
  {
    "name": "Require(41) node_modules/egg-development/app.js",
    "start": 1575690986211,
    "end": 1575690986211,
    "duration": 0,
    "pid": 6743,
    "index": 50
  },
  {
    "name": "Require(42) node_modules/egg-logrotator/app.js",
    "start": 1575690986211,
    "end": 1575690986211,
    "duration": 0,
    "pid": 6743,
    "index": 51
  },
  {
    "name": "Require(43) node_modules/egg-static/app.js",
    "start": 1575690986211,
    "end": 1575690986212,
    "duration": 1,
    "pid": 6743,
    "index": 52
  },
  {
    "name": "Before Start in node_modules/egg-watcher/lib/init.js:15:14",
    "start": 1575690986227,
    "end": 1575690986350,
    "duration": 123,
    "pid": 6743,
    "index": 53
  },
  {
    "name": "Load Service",
    "start": 1575690986266,
    "end": 1575690986269,
    "duration": 3,
    "pid": 6743,
    "index": 54
  },
  {
    "name": "Load \"service\" to Context",
    "start": 1575690986266,
    "end": 1575690986269,
    "duration": 3,
    "pid": 6743,
    "index": 55
  },
  {
    "name": "Load Middleware",
    "start": 1575690986269,
    "end": 1575690986322,
    "duration": 53,
    "pid": 6743,
    "index": 56
  },
  {
    "name": "Load \"middlewares\" to Application",
    "start": 1575690986269,
    "end": 1575690986314,
    "duration": 45,
    "pid": 6743,
    "index": 57
  },
  {
    "name": "Load Controller",
    "start": 1575690986323,
    "end": 1575690986325,
    "duration": 2,
    "pid": 6743,
    "index": 58
  },
  {
    "name": "Load \"controller\" to Application",
    "start": 1575690986323,
    "end": 1575690986325,
    "duration": 2,
    "pid": 6743,
    "index": 59
  },
  {
    "name": "Load Router",
    "start": 1575690986325,
    "end": 1575690986329,
    "duration": 4,
    "pid": 6743,
    "index": 60
  },
  {
    "name": "Require(44) app/router.js",
    "start": 1575690986326,
    "end": 1575690986326,
    "duration": 0,
    "pid": 6743,
    "index": 61
  },
  {
    "name": "Before Start in node_modules/egg-core/lib/egg.js:303:10",
    "start": 1575690986326,
    "end": 1575690986339,
    "duration": 13,
    "pid": 6743,
    "index": 62
  }
]