[
  {
    "name": "Application Start",
    "start": 1575690339841,
    "end": 1575690340273,
    "duration": 432,
    "pid": 5624,
    "index": 0
  },
  {
    "name": "Load Plugin",
    "start": 1575690339845,
    "end": 1575690339854,
    "duration": 9,
    "pid": 5624,
    "index": 1
  },
  {
    "name": "Load Config",
    "start": 1575690339854,
    "end": 1575690339870,
    "duration": 16,
    "pid": 5624,
    "index": 2
  },
  {
    "name": "Require(0) config/config.default.js",
    "start": 1575690339855,
    "end": 1575690339856,
    "duration": 1,
    "pid": 5624,
    "index": 3
  },
  {
    "name": "Require(1) node_modules/egg-session/config/config.default.js",
    "start": 1575690339857,
    "end": 1575690339858,
    "duration": 1,
    "pid": 5624,
    "index": 4
  },
  {
    "name": "Require(2) node_modules/egg-security/config/config.default.js",
    "start": 1575690339858,
    "end": 1575690339860,
    "duration": 2,
    "pid": 5624,
    "index": 5
  },
  {
    "name": "Require(3) node_modules/egg-jsonp/config/config.default.js",
    "start": 1575690339861,
    "end": 1575690339861,
    "duration": 0,
    "pid": 5624,
    "index": 6
  },
  {
    "name": "Require(4) node_modules/egg-onerror/config/config.default.js",
    "start": 1575690339861,
    "end": 1575690339862,
    "duration": 1,
    "pid": 5624,
    "index": 7
  },
  {
    "name": "Require(5) node_modules/egg-i18n/config/config.default.js",
    "start": 1575690339862,
    "end": 1575690339862,
    "duration": 0,
    "pid": 5624,
    "index": 8
  },
  {
    "name": "Require(6) node_modules/egg-watcher/config/config.default.js",
    "start": 1575690339863,
    "end": 1575690339863,
    "duration": 0,
    "pid": 5624,
    "index": 9
  },
  {
    "name": "Require(7) node_modules/egg-schedule/config/config.default.js",
    "start": 1575690339864,
    "end": 1575690339864,
    "duration": 0,
    "pid": 5624,
    "index": 10
  },
  {
    "name": "Require(8) node_modules/egg-multipart/config/config.default.js",
    "start": 1575690339864,
    "end": 1575690339864,
    "duration": 0,
    "pid": 5624,
    "index": 11
  },
  {
    "name": "Require(9) node_modules/egg-development/config/config.default.js",
    "start": 1575690339865,
    "end": 1575690339865,
    "duration": 0,
    "pid": 5624,
    "index": 12
  },
  {
    "name": "Require(10) node_modules/egg-logrotator/config/config.default.js",
    "start": 1575690339865,
    "end": 1575690339865,
    "duration": 0,
    "pid": 5624,
    "index": 13
  },
  {
    "name": "Require(11) node_modules/egg-static/config/config.default.js",
    "start": 1575690339866,
    "end": 1575690339866,
    "duration": 0,
    "pid": 5624,
    "index": 14
  },
  {
    "name": "Require(12) node_modules/egg-view/config/config.default.js",
    "start": 1575690339866,
    "end": 1575690339866,
    "duration": 0,
    "pid": 5624,
    "index": 15
  },
  {
    "name": "Require(13) node_modules/egg/config/config.default.js",
    "start": 1575690339867,
    "end": 1575690339867,
    "duration": 0,
    "pid": 5624,
    "index": 16
  },
  {
    "name": "Require(14) config/config.default.js",
    "start": 1575690339868,
    "end": 1575690339868,
    "duration": 0,
    "pid": 5624,
    "index": 17
  },
  {
    "name": "Require(15) node_modules/egg-security/config/config.local.js",
    "start": 1575690339869,
    "end": 1575690339869,
    "duration": 0,
    "pid": 5624,
    "index": 18
  },
  {
    "name": "Require(16) node_modules/egg-watcher/config/config.local.js",
    "start": 1575690339869,
    "end": 1575690339869,
    "duration": 0,
    "pid": 5624,
    "index": 19
  },
  {
    "name": "Require(17) node_modules/egg-view/config/config.local.js",
    "start": 1575690339870,
    "end": 1575690339870,
    "duration": 0,
    "pid": 5624,
    "index": 20
  },
  {
    "name": "Require(18) node_modules/egg/config/config.local.js",
    "start": 1575690339870,
    "end": 1575690339870,
    "duration": 0,
    "pid": 5624,
    "index": 21
  },
  {
    "name": "Load extend/application.js",
    "start": 1575690339872,
    "end": 1575690339876,
    "duration": 4,
    "pid": 5624,
    "index": 22
  },
  {
    "name": "Require(19) node_modules/egg-session/app/extend/application.js",
    "start": 1575690339872,
    "end": 1575690339872,
    "duration": 0,
    "pid": 5624,
    "index": 23
  },
  {
    "name": "Require(20) node_modules/egg-security/app/extend/application.js",
    "start": 1575690339873,
    "end": 1575690339873,
    "duration": 0,
    "pid": 5624,
    "index": 24
  },
  {
    "name": "Require(21) node_modules/egg-jsonp/app/extend/application.js",
    "start": 1575690339873,
    "end": 1575690339874,
    "duration": 1,
    "pid": 5624,
    "index": 25
  },
  {
    "name": "Require(22) node_modules/egg-logrotator/app/extend/application.js",
    "start": 1575690339874,
    "end": 1575690339875,
    "duration": 1,
    "pid": 5624,
    "index": 26
  },
  {
    "name": "Require(23) node_modules/egg-view/app/extend/application.js",
    "start": 1575690339875,
    "end": 1575690339876,
    "duration": 1,
    "pid": 5624,
    "index": 27
  },
  {
    "name": "Load extend/request.js",
    "start": 1575690339876,
    "end": 1575690339878,
    "duration": 2,
    "pid": 5624,
    "index": 28
  },
  {
    "name": "Require(24) node_modules/egg/app/extend/request.js",
    "start": 1575690339877,
    "end": 1575690339878,
    "duration": 1,
    "pid": 5624,
    "index": 29
  },
  {
    "name": "Load extend/response.js",
    "start": 1575690339879,
    "end": 1575690339880,
    "duration": 1,
    "pid": 5624,
    "index": 30
  },
  {
    "name": "Require(25) node_modules/egg/app/extend/response.js",
    "start": 1575690339879,
    "end": 1575690339880,
    "duration": 1,
    "pid": 5624,
    "index": 31
  },
  {
    "name": "Load extend/context.js",
    "start": 1575690339880,
    "end": 1575690339962,
    "duration": 82,
    "pid": 5624,
    "index": 32
  },
  {
    "name": "Require(26) node_modules/egg-security/app/extend/context.js",
    "start": 1575690339880,
    "end": 1575690339890,
    "duration": 10,
    "pid": 5624,
    "index": 33
  },
  {
    "name": "Require(27) node_modules/egg-jsonp/app/extend/context.js",
    "start": 1575690339891,
    "end": 1575690339894,
    "duration": 3,
    "pid": 5624,
    "index": 34
  },
  {
    "name": "Require(28) node_modules/egg-i18n/app/extend/context.js",
    "start": 1575690339894,
    "end": 1575690339895,
    "duration": 1,
    "pid": 5624,
    "index": 35
  },
  {
    "name": "Require(29) node_modules/egg-multipart/app/extend/context.js",
    "start": 1575690339895,
    "end": 1575690339955,
    "duration": 60,
    "pid": 5624,
    "index": 36
  },
  {
    "name": "Require(30) node_modules/egg-view/app/extend/context.js",
    "start": 1575690339956,
    "end": 1575690339957,
    "duration": 1,
    "pid": 5624,
    "index": 37
  },
  {
    "name": "Require(31) node_modules/egg/app/extend/context.js",
    "start": 1575690339957,
    "end": 1575690339960,
    "duration": 3,
    "pid": 5624,
    "index": 38
  },
  {
    "name": "Load extend/helper.js",
    "start": 1575690339962,
    "end": 1575690339977,
    "duration": 15,
    "pid": 5624,
    "index": 39
  },
  {
    "name": "Require(32) node_modules/egg-security/app/extend/helper.js",
    "start": 1575690339963,
    "end": 1575690339975,
    "duration": 12,
    "pid": 5624,
    "index": 40
  },
  {
    "name": "Require(33) node_modules/egg/app/extend/helper.js",
    "start": 1575690339976,
    "end": 1575690339976,
    "duration": 0,
    "pid": 5624,
    "index": 41
  },
  {
    "name": "Load app.js",
    "start": 1575690339977,
    "end": 1575690340012,
    "duration": 35,
    "pid": 5624,
    "index": 42
  },
  {
    "name": "Require(34) node_modules/egg-session/app.js",
    "start": 1575690339977,
    "end": 1575690339978,
    "duration": 1,
    "pid": 5624,
    "index": 43
  },
  {
    "name": "Require(35) node_modules/egg-security/app.js",
    "start": 1575690339978,
    "end": 1575690339979,
    "duration": 1,
    "pid": 5624,
    "index": 44
  },
  {
    "name": "Require(36) node_modules/egg-onerror/app.js",
    "start": 1575690339979,
    "end": 1575690339994,
    "duration": 15,
    "pid": 5624,
    "index": 45
  },
  {
    "name": "Require(37) node_modules/egg-i18n/app.js",
    "start": 1575690339995,
    "end": 1575690340005,
    "duration": 10,
    "pid": 5624,
    "index": 46
  },
  {
    "name": "Require(38) node_modules/egg-watcher/app.js",
    "start": 1575690340005,
    "end": 1575690340007,
    "duration": 2,
    "pid": 5624,
    "index": 47
  },
  {
    "name": "Require(39) node_modules/egg-schedule/app.js",
    "start": 1575690340007,
    "end": 1575690340009,
    "duration": 2,
    "pid": 5624,
    "index": 48
  },
  {
    "name": "Require(40) node_modules/egg-multipart/app.js",
    "start": 1575690340009,
    "end": 1575690340010,
    "duration": 1,
    "pid": 5624,
    "index": 49
  },
  {
    "name": "Require(41) node_modules/egg-development/app.js",
    "start": 1575690340011,
    "end": 1575690340011,
    "duration": 0,
    "pid": 5624,
    "index": 50
  },
  {
    "name": "Require(42) node_modules/egg-logrotator/app.js",
    "start": 1575690340011,
    "end": 1575690340011,
    "duration": 0,
    "pid": 5624,
    "index": 51
  },
  {
    "name": "Require(43) node_modules/egg-static/app.js",
    "start": 1575690340011,
    "end": 1575690340011,
    "duration": 0,
    "pid": 5624,
    "index": 52
  },
  {
    "name": "Before Start in node_modules/egg-watcher/lib/init.js:15:14",
    "start": 1575690340043,
    "end": 1575690340272,
    "duration": 229,
    "pid": 5624,
    "index": 53
  },
  {
    "name": "Load Service",
    "start": 1575690340097,
    "end": 1575690340100,
    "duration": 3,
    "pid": 5624,
    "index": 54
  },
  {
    "name": "Load \"service\" to Context",
    "start": 1575690340097,
    "end": 1575690340100,
    "duration": 3,
    "pid": 5624,
    "index": 55
  },
  {
    "name": "Load Middleware",
    "start": 1575690340101,
    "end": 1575690340243,
    "duration": 142,
    "pid": 5624,
    "index": 56
  },
  {
    "name": "Load \"middlewares\" to Application",
    "start": 1575690340101,
    "end": 1575690340231,
    "duration": 130,
    "pid": 5624,
    "index": 57
  },
  {
    "name": "Load Controller",
    "start": 1575690340243,
    "end": 1575690340245,
    "duration": 2,
    "pid": 5624,
    "index": 58
  },
  {
    "name": "Load \"controller\" to Application",
    "start": 1575690340243,
    "end": 1575690340245,
    "duration": 2,
    "pid": 5624,
    "index": 59
  },
  {
    "name": "Load Router",
    "start": 1575690340245,
    "end": 1575690340247,
    "duration": 2,
    "pid": 5624,
    "index": 60
  },
  {
    "name": "Require(44) app/router.js",
    "start": 1575690340245,
    "end": 1575690340245,
    "duration": 0,
    "pid": 5624,
    "index": 61
  },
  {
    "name": "Before Start in node_modules/egg-core/lib/egg.js:303:10",
    "start": 1575690340246,
    "end": 1575690340261,
    "duration": 15,
    "pid": 5624,
    "index": 62
  }
]