[
  {
    "name": "Application Start",
    "start": 1575691361467,
    "end": 1575691361894,
    "duration": 427,
    "pid": 7304,
    "index": 0
  },
  {
    "name": "Load Plugin",
    "start": 1575691361471,
    "end": 1575691361484,
    "duration": 13,
    "pid": 7304,
    "index": 1
  },
  {
    "name": "Load Config",
    "start": 1575691361484,
    "end": 1575691361522,
    "duration": 38,
    "pid": 7304,
    "index": 2
  },
  {
    "name": "Require(0) config/config.default.js",
    "start": 1575691361485,
    "end": 1575691361486,
    "duration": 1,
    "pid": 7304,
    "index": 3
  },
  {
    "name": "Require(1) node_modules/egg-session/config/config.default.js",
    "start": 1575691361505,
    "end": 1575691361506,
    "duration": 1,
    "pid": 7304,
    "index": 4
  },
  {
    "name": "Require(2) node_modules/egg-security/config/config.default.js",
    "start": 1575691361506,
    "end": 1575691361507,
    "duration": 1,
    "pid": 7304,
    "index": 5
  },
  {
    "name": "Require(3) node_modules/egg-jsonp/config/config.default.js",
    "start": 1575691361508,
    "end": 1575691361509,
    "duration": 1,
    "pid": 7304,
    "index": 6
  },
  {
    "name": "Require(4) node_modules/egg-onerror/config/config.default.js",
    "start": 1575691361509,
    "end": 1575691361510,
    "duration": 1,
    "pid": 7304,
    "index": 7
  },
  {
    "name": "Require(5) node_modules/egg-i18n/config/config.default.js",
    "start": 1575691361510,
    "end": 1575691361510,
    "duration": 0,
    "pid": 7304,
    "index": 8
  },
  {
    "name": "Require(6) node_modules/egg-watcher/config/config.default.js",
    "start": 1575691361511,
    "end": 1575691361512,
    "duration": 1,
    "pid": 7304,
    "index": 9
  },
  {
    "name": "Require(7) node_modules/egg-schedule/config/config.default.js",
    "start": 1575691361512,
    "end": 1575691361512,
    "duration": 0,
    "pid": 7304,
    "index": 10
  },
  {
    "name": "Require(8) node_modules/egg-multipart/config/config.default.js",
    "start": 1575691361513,
    "end": 1575691361513,
    "duration": 0,
    "pid": 7304,
    "index": 11
  },
  {
    "name": "Require(9) node_modules/egg-development/config/config.default.js",
    "start": 1575691361514,
    "end": 1575691361514,
    "duration": 0,
    "pid": 7304,
    "index": 12
  },
  {
    "name": "Require(10) node_modules/egg-logrotator/config/config.default.js",
    "start": 1575691361515,
    "end": 1575691361515,
    "duration": 0,
    "pid": 7304,
    "index": 13
  },
  {
    "name": "Require(11) node_modules/egg-static/config/config.default.js",
    "start": 1575691361516,
    "end": 1575691361516,
    "duration": 0,
    "pid": 7304,
    "index": 14
  },
  {
    "name": "Require(12) node_modules/egg-view/config/config.default.js",
    "start": 1575691361516,
    "end": 1575691361517,
    "duration": 1,
    "pid": 7304,
    "index": 15
  },
  {
    "name": "Require(13) node_modules/egg/config/config.default.js",
    "start": 1575691361517,
    "end": 1575691361517,
    "duration": 0,
    "pid": 7304,
    "index": 16
  },
  {
    "name": "Require(14) config/config.default.js",
    "start": 1575691361519,
    "end": 1575691361519,
    "duration": 0,
    "pid": 7304,
    "index": 17
  },
  {
    "name": "Require(15) node_modules/egg-security/config/config.local.js",
    "start": 1575691361519,
    "end": 1575691361519,
    "duration": 0,
    "pid": 7304,
    "index": 18
  },
  {
    "name": "Require(16) node_modules/egg-watcher/config/config.local.js",
    "start": 1575691361519,
    "end": 1575691361520,
    "duration": 1,
    "pid": 7304,
    "index": 19
  },
  {
    "name": "Require(17) node_modules/egg-view/config/config.local.js",
    "start": 1575691361521,
    "end": 1575691361521,
    "duration": 0,
    "pid": 7304,
    "index": 20
  },
  {
    "name": "Require(18) node_modules/egg/config/config.local.js",
    "start": 1575691361521,
    "end": 1575691361521,
    "duration": 0,
    "pid": 7304,
    "index": 21
  },
  {
    "name": "Load extend/application.js",
    "start": 1575691361524,
    "end": 1575691361588,
    "duration": 64,
    "pid": 7304,
    "index": 22
  },
  {
    "name": "Require(19) node_modules/egg-session/app/extend/application.js",
    "start": 1575691361527,
    "end": 1575691361530,
    "duration": 3,
    "pid": 7304,
    "index": 23
  },
  {
    "name": "Require(20) node_modules/egg-security/app/extend/application.js",
    "start": 1575691361531,
    "end": 1575691361531,
    "duration": 0,
    "pid": 7304,
    "index": 24
  },
  {
    "name": "Require(21) node_modules/egg-jsonp/app/extend/application.js",
    "start": 1575691361535,
    "end": 1575691361537,
    "duration": 2,
    "pid": 7304,
    "index": 25
  },
  {
    "name": "Require(22) node_modules/egg-logrotator/app/extend/application.js",
    "start": 1575691361537,
    "end": 1575691361544,
    "duration": 7,
    "pid": 7304,
    "index": 26
  },
  {
    "name": "Require(23) node_modules/egg-view/app/extend/application.js",
    "start": 1575691361544,
    "end": 1575691361561,
    "duration": 17,
    "pid": 7304,
    "index": 27
  },
  {
    "name": "Load extend/request.js",
    "start": 1575691361588,
    "end": 1575691361606,
    "duration": 18,
    "pid": 7304,
    "index": 28
  },
  {
    "name": "Require(24) node_modules/egg/app/extend/request.js",
    "start": 1575691361592,
    "end": 1575691361593,
    "duration": 1,
    "pid": 7304,
    "index": 29
  },
  {
    "name": "Load extend/response.js",
    "start": 1575691361606,
    "end": 1575691361609,
    "duration": 3,
    "pid": 7304,
    "index": 30
  },
  {
    "name": "Require(25) node_modules/egg/app/extend/response.js",
    "start": 1575691361607,
    "end": 1575691361608,
    "duration": 1,
    "pid": 7304,
    "index": 31
  },
  {
    "name": "Load extend/context.js",
    "start": 1575691361609,
    "end": 1575691361700,
    "duration": 91,
    "pid": 7304,
    "index": 32
  },
  {
    "name": "Require(26) node_modules/egg-security/app/extend/context.js",
    "start": 1575691361610,
    "end": 1575691361623,
    "duration": 13,
    "pid": 7304,
    "index": 33
  },
  {
    "name": "Require(27) node_modules/egg-jsonp/app/extend/context.js",
    "start": 1575691361623,
    "end": 1575691361624,
    "duration": 1,
    "pid": 7304,
    "index": 34
  },
  {
    "name": "Require(28) node_modules/egg-i18n/app/extend/context.js",
    "start": 1575691361625,
    "end": 1575691361625,
    "duration": 0,
    "pid": 7304,
    "index": 35
  },
  {
    "name": "Require(29) node_modules/egg-multipart/app/extend/context.js",
    "start": 1575691361625,
    "end": 1575691361695,
    "duration": 70,
    "pid": 7304,
    "index": 36
  },
  {
    "name": "Require(30) node_modules/egg-view/app/extend/context.js",
    "start": 1575691361695,
    "end": 1575691361697,
    "duration": 2,
    "pid": 7304,
    "index": 37
  },
  {
    "name": "Require(31) node_modules/egg/app/extend/context.js",
    "start": 1575691361697,
    "end": 1575691361699,
    "duration": 2,
    "pid": 7304,
    "index": 38
  },
  {
    "name": "Load extend/helper.js",
    "start": 1575691361701,
    "end": 1575691361720,
    "duration": 19,
    "pid": 7304,
    "index": 39
  },
  {
    "name": "Require(32) node_modules/egg-security/app/extend/helper.js",
    "start": 1575691361702,
    "end": 1575691361719,
    "duration": 17,
    "pid": 7304,
    "index": 40
  },
  {
    "name": "Require(33) node_modules/egg/app/extend/helper.js",
    "start": 1575691361719,
    "end": 1575691361720,
    "duration": 1,
    "pid": 7304,
    "index": 41
  },
  {
    "name": "Load app.js",
    "start": 1575691361720,
    "end": 1575691361748,
    "duration": 28,
    "pid": 7304,
    "index": 42
  },
  {
    "name": "Require(34) node_modules/egg-session/app.js",
    "start": 1575691361721,
    "end": 1575691361721,
    "duration": 0,
    "pid": 7304,
    "index": 43
  },
  {
    "name": "Require(35) node_modules/egg-security/app.js",
    "start": 1575691361721,
    "end": 1575691361723,
    "duration": 2,
    "pid": 7304,
    "index": 44
  },
  {
    "name": "Require(36) node_modules/egg-onerror/app.js",
    "start": 1575691361723,
    "end": 1575691361730,
    "duration": 7,
    "pid": 7304,
    "index": 45
  },
  {
    "name": "Require(37) node_modules/egg-i18n/app.js",
    "start": 1575691361730,
    "end": 1575691361743,
    "duration": 13,
    "pid": 7304,
    "index": 46
  },
  {
    "name": "Require(38) node_modules/egg-watcher/app.js",
    "start": 1575691361743,
    "end": 1575691361744,
    "duration": 1,
    "pid": 7304,
    "index": 47
  },
  {
    "name": "Require(39) node_modules/egg-schedule/app.js",
    "start": 1575691361745,
    "end": 1575691361745,
    "duration": 0,
    "pid": 7304,
    "index": 48
  },
  {
    "name": "Require(40) node_modules/egg-multipart/app.js",
    "start": 1575691361745,
    "end": 1575691361746,
    "duration": 1,
    "pid": 7304,
    "index": 49
  },
  {
    "name": "Require(41) node_modules/egg-development/app.js",
    "start": 1575691361747,
    "end": 1575691361747,
    "duration": 0,
    "pid": 7304,
    "index": 50
  },
  {
    "name": "Require(42) node_modules/egg-logrotator/app.js",
    "start": 1575691361747,
    "end": 1575691361747,
    "duration": 0,
    "pid": 7304,
    "index": 51
  },
  {
    "name": "Require(43) node_modules/egg-static/app.js",
    "start": 1575691361747,
    "end": 1575691361747,
    "duration": 0,
    "pid": 7304,
    "index": 52
  },
  {
    "name": "Before Start in node_modules/egg-watcher/lib/init.js:15:14",
    "start": 1575691361762,
    "end": 1575691361891,
    "duration": 129,
    "pid": 7304,
    "index": 53
  },
  {
    "name": "Load Service",
    "start": 1575691361793,
    "end": 1575691361798,
    "duration": 5,
    "pid": 7304,
    "index": 54
  },
  {
    "name": "Load \"service\" to Context",
    "start": 1575691361794,
    "end": 1575691361798,
    "duration": 4,
    "pid": 7304,
    "index": 55
  },
  {
    "name": "Load Middleware",
    "start": 1575691361798,
    "end": 1575691361867,
    "duration": 69,
    "pid": 7304,
    "index": 56
  },
  {
    "name": "Load \"middlewares\" to Application",
    "start": 1575691361799,
    "end": 1575691361854,
    "duration": 55,
    "pid": 7304,
    "index": 57
  },
  {
    "name": "Load Controller",
    "start": 1575691361867,
    "end": 1575691361869,
    "duration": 2,
    "pid": 7304,
    "index": 58
  },
  {
    "name": "Load \"controller\" to Application",
    "start": 1575691361867,
    "end": 1575691361869,
    "duration": 2,
    "pid": 7304,
    "index": 59
  },
  {
    "name": "Load Router",
    "start": 1575691361869,
    "end": 1575691361871,
    "duration": 2,
    "pid": 7304,
    "index": 60
  },
  {
    "name": "Require(44) app/router.js",
    "start": 1575691361869,
    "end": 1575691361870,
    "duration": 1,
    "pid": 7304,
    "index": 61
  },
  {
    "name": "Before Start in node_modules/egg-core/lib/egg.js:303:10",
    "start": 1575691361870,
    "end": 1575691361879,
    "duration": 9,
    "pid": 7304,
    "index": 62
  }
]