[
  {
    "name": "Application Start",
    "start": 1575691359916,
    "end": 1575691360224,
    "duration": 308,
    "pid": 7303,
    "index": 0
  },
  {
    "name": "Load Plugin",
    "start": 1575691359919,
    "end": 1575691359929,
    "duration": 10,
    "pid": 7303,
    "index": 1
  },
  {
    "name": "Load Config",
    "start": 1575691359929,
    "end": 1575691359945,
    "duration": 16,
    "pid": 7303,
    "index": 2
  },
  {
    "name": "Require(0) config/config.default.js",
    "start": 1575691359930,
    "end": 1575691359930,
    "duration": 0,
    "pid": 7303,
    "index": 3
  },
  {
    "name": "Require(1) node_modules/egg-session/config/config.default.js",
    "start": 1575691359934,
    "end": 1575691359935,
    "duration": 1,
    "pid": 7303,
    "index": 4
  },
  {
    "name": "Require(2) node_modules/egg-security/config/config.default.js",
    "start": 1575691359935,
    "end": 1575691359935,
    "duration": 0,
    "pid": 7303,
    "index": 5
  },
  {
    "name": "Require(3) node_modules/egg-jsonp/config/config.default.js",
    "start": 1575691359936,
    "end": 1575691359936,
    "duration": 0,
    "pid": 7303,
    "index": 6
  },
  {
    "name": "Require(4) node_modules/egg-onerror/config/config.default.js",
    "start": 1575691359936,
    "end": 1575691359936,
    "duration": 0,
    "pid": 7303,
    "index": 7
  },
  {
    "name": "Require(5) node_modules/egg-i18n/config/config.default.js",
    "start": 1575691359936,
    "end": 1575691359937,
    "duration": 1,
    "pid": 7303,
    "index": 8
  },
  {
    "name": "Require(6) node_modules/egg-watcher/config/config.default.js",
    "start": 1575691359937,
    "end": 1575691359938,
    "duration": 1,
    "pid": 7303,
    "index": 9
  },
  {
    "name": "Require(7) node_modules/egg-schedule/config/config.default.js",
    "start": 1575691359938,
    "end": 1575691359938,
    "duration": 0,
    "pid": 7303,
    "index": 10
  },
  {
    "name": "Require(8) node_modules/egg-multipart/config/config.default.js",
    "start": 1575691359938,
    "end": 1575691359939,
    "duration": 1,
    "pid": 7303,
    "index": 11
  },
  {
    "name": "Require(9) node_modules/egg-development/config/config.default.js",
    "start": 1575691359939,
    "end": 1575691359939,
    "duration": 0,
    "pid": 7303,
    "index": 12
  },
  {
    "name": "Require(10) node_modules/egg-logrotator/config/config.default.js",
    "start": 1575691359939,
    "end": 1575691359939,
    "duration": 0,
    "pid": 7303,
    "index": 13
  },
  {
    "name": "Require(11) node_modules/egg-static/config/config.default.js",
    "start": 1575691359940,
    "end": 1575691359940,
    "duration": 0,
    "pid": 7303,
    "index": 14
  },
  {
    "name": "Require(12) node_modules/egg-view/config/config.default.js",
    "start": 1575691359940,
    "end": 1575691359940,
    "duration": 0,
    "pid": 7303,
    "index": 15
  },
  {
    "name": "Require(13) node_modules/egg/config/config.default.js",
    "start": 1575691359940,
    "end": 1575691359941,
    "duration": 1,
    "pid": 7303,
    "index": 16
  },
  {
    "name": "Require(14) config/config.default.js",
    "start": 1575691359942,
    "end": 1575691359942,
    "duration": 0,
    "pid": 7303,
    "index": 17
  },
  {
    "name": "Require(15) node_modules/egg-security/config/config.local.js",
    "start": 1575691359943,
    "end": 1575691359943,
    "duration": 0,
    "pid": 7303,
    "index": 18
  },
  {
    "name": "Require(16) node_modules/egg-watcher/config/config.local.js",
    "start": 1575691359943,
    "end": 1575691359944,
    "duration": 1,
    "pid": 7303,
    "index": 19
  },
  {
    "name": "Require(17) node_modules/egg-view/config/config.local.js",
    "start": 1575691359944,
    "end": 1575691359944,
    "duration": 0,
    "pid": 7303,
    "index": 20
  },
  {
    "name": "Require(18) node_modules/egg/config/config.local.js",
    "start": 1575691359944,
    "end": 1575691359945,
    "duration": 1,
    "pid": 7303,
    "index": 21
  },
  {
    "name": "Load extend/application.js",
    "start": 1575691359946,
    "end": 1575691359951,
    "duration": 5,
    "pid": 7303,
    "index": 22
  },
  {
    "name": "Require(19) node_modules/egg-session/app/extend/application.js",
    "start": 1575691359947,
    "end": 1575691359947,
    "duration": 0,
    "pid": 7303,
    "index": 23
  },
  {
    "name": "Require(20) node_modules/egg-security/app/extend/application.js",
    "start": 1575691359947,
    "end": 1575691359948,
    "duration": 1,
    "pid": 7303,
    "index": 24
  },
  {
    "name": "Require(21) node_modules/egg-jsonp/app/extend/application.js",
    "start": 1575691359948,
    "end": 1575691359949,
    "duration": 1,
    "pid": 7303,
    "index": 25
  },
  {
    "name": "Require(22) node_modules/egg-logrotator/app/extend/application.js",
    "start": 1575691359949,
    "end": 1575691359950,
    "duration": 1,
    "pid": 7303,
    "index": 26
  },
  {
    "name": "Require(23) node_modules/egg-view/app/extend/application.js",
    "start": 1575691359950,
    "end": 1575691359950,
    "duration": 0,
    "pid": 7303,
    "index": 27
  },
  {
    "name": "Load extend/request.js",
    "start": 1575691359951,
    "end": 1575691359953,
    "duration": 2,
    "pid": 7303,
    "index": 28
  },
  {
    "name": "Require(24) node_modules/egg/app/extend/request.js",
    "start": 1575691359952,
    "end": 1575691359952,
    "duration": 0,
    "pid": 7303,
    "index": 29
  },
  {
    "name": "Load extend/response.js",
    "start": 1575691359953,
    "end": 1575691359955,
    "duration": 2,
    "pid": 7303,
    "index": 30
  },
  {
    "name": "Require(25) node_modules/egg/app/extend/response.js",
    "start": 1575691359953,
    "end": 1575691359954,
    "duration": 1,
    "pid": 7303,
    "index": 31
  },
  {
    "name": "Load extend/context.js",
    "start": 1575691359955,
    "end": 1575691360022,
    "duration": 67,
    "pid": 7303,
    "index": 32
  },
  {
    "name": "Require(26) node_modules/egg-security/app/extend/context.js",
    "start": 1575691359955,
    "end": 1575691359967,
    "duration": 12,
    "pid": 7303,
    "index": 33
  },
  {
    "name": "Require(27) node_modules/egg-jsonp/app/extend/context.js",
    "start": 1575691359967,
    "end": 1575691359968,
    "duration": 1,
    "pid": 7303,
    "index": 34
  },
  {
    "name": "Require(28) node_modules/egg-i18n/app/extend/context.js",
    "start": 1575691359969,
    "end": 1575691359970,
    "duration": 1,
    "pid": 7303,
    "index": 35
  },
  {
    "name": "Require(29) node_modules/egg-multipart/app/extend/context.js",
    "start": 1575691359970,
    "end": 1575691360019,
    "duration": 49,
    "pid": 7303,
    "index": 36
  },
  {
    "name": "Require(30) node_modules/egg-view/app/extend/context.js",
    "start": 1575691360019,
    "end": 1575691360020,
    "duration": 1,
    "pid": 7303,
    "index": 37
  },
  {
    "name": "Require(31) node_modules/egg/app/extend/context.js",
    "start": 1575691360020,
    "end": 1575691360021,
    "duration": 1,
    "pid": 7303,
    "index": 38
  },
  {
    "name": "Load extend/helper.js",
    "start": 1575691360022,
    "end": 1575691360044,
    "duration": 22,
    "pid": 7303,
    "index": 39
  },
  {
    "name": "Require(32) node_modules/egg-security/app/extend/helper.js",
    "start": 1575691360022,
    "end": 1575691360043,
    "duration": 21,
    "pid": 7303,
    "index": 40
  },
  {
    "name": "Require(33) node_modules/egg/app/extend/helper.js",
    "start": 1575691360043,
    "end": 1575691360044,
    "duration": 1,
    "pid": 7303,
    "index": 41
  },
  {
    "name": "Load app.js",
    "start": 1575691360044,
    "end": 1575691360075,
    "duration": 31,
    "pid": 7303,
    "index": 42
  },
  {
    "name": "Require(34) node_modules/egg-session/app.js",
    "start": 1575691360044,
    "end": 1575691360045,
    "duration": 1,
    "pid": 7303,
    "index": 43
  },
  {
    "name": "Require(35) node_modules/egg-security/app.js",
    "start": 1575691360045,
    "end": 1575691360046,
    "duration": 1,
    "pid": 7303,
    "index": 44
  },
  {
    "name": "Require(36) node_modules/egg-onerror/app.js",
    "start": 1575691360046,
    "end": 1575691360051,
    "duration": 5,
    "pid": 7303,
    "index": 45
  },
  {
    "name": "Require(37) node_modules/egg-i18n/app.js",
    "start": 1575691360051,
    "end": 1575691360062,
    "duration": 11,
    "pid": 7303,
    "index": 46
  },
  {
    "name": "Require(38) node_modules/egg-watcher/app.js",
    "start": 1575691360062,
    "end": 1575691360065,
    "duration": 3,
    "pid": 7303,
    "index": 47
  },
  {
    "name": "Require(39) node_modules/egg-schedule/app.js",
    "start": 1575691360068,
    "end": 1575691360071,
    "duration": 3,
    "pid": 7303,
    "index": 48
  },
  {
    "name": "Require(40) node_modules/egg-multipart/app.js",
    "start": 1575691360071,
    "end": 1575691360072,
    "duration": 1,
    "pid": 7303,
    "index": 49
  },
  {
    "name": "Require(41) node_modules/egg-development/app.js",
    "start": 1575691360073,
    "end": 1575691360073,
    "duration": 0,
    "pid": 7303,
    "index": 50
  },
  {
    "name": "Require(42) node_modules/egg-logrotator/app.js",
    "start": 1575691360073,
    "end": 1575691360074,
    "duration": 1,
    "pid": 7303,
    "index": 51
  },
  {
    "name": "Require(43) node_modules/egg-static/app.js",
    "start": 1575691360074,
    "end": 1575691360074,
    "duration": 0,
    "pid": 7303,
    "index": 52
  },
  {
    "name": "Before Start in node_modules/egg-watcher/lib/init.js:15:14",
    "start": 1575691360096,
    "end": 1575691360223,
    "duration": 127,
    "pid": 7303,
    "index": 53
  },
  {
    "name": "Load Service",
    "start": 1575691360136,
    "end": 1575691360140,
    "duration": 4,
    "pid": 7303,
    "index": 54
  },
  {
    "name": "Load \"service\" to Context",
    "start": 1575691360136,
    "end": 1575691360140,
    "duration": 4,
    "pid": 7303,
    "index": 55
  },
  {
    "name": "Load Middleware",
    "start": 1575691360141,
    "end": 1575691360196,
    "duration": 55,
    "pid": 7303,
    "index": 56
  },
  {
    "name": "Load \"middlewares\" to Application",
    "start": 1575691360141,
    "end": 1575691360187,
    "duration": 46,
    "pid": 7303,
    "index": 57
  },
  {
    "name": "Load Controller",
    "start": 1575691360196,
    "end": 1575691360200,
    "duration": 4,
    "pid": 7303,
    "index": 58
  },
  {
    "name": "Load \"controller\" to Application",
    "start": 1575691360196,
    "end": 1575691360200,
    "duration": 4,
    "pid": 7303,
    "index": 59
  },
  {
    "name": "Load Router",
    "start": 1575691360200,
    "end": 1575691360204,
    "duration": 4,
    "pid": 7303,
    "index": 60
  },
  {
    "name": "Require(44) app/router.js",
    "start": 1575691360200,
    "end": 1575691360202,
    "duration": 2,
    "pid": 7303,
    "index": 61
  },
  {
    "name": "Before Start in node_modules/egg-core/lib/egg.js:303:10",
    "start": 1575691360202,
    "end": 1575691360212,
    "duration": 10,
    "pid": 7303,
    "index": 62
  }
]