[
  {
    "name": "Application Start",
    "start": 1575690589037,
    "end": 1575690589344,
    "duration": 307,
    "pid": 6066,
    "index": 0
  },
  {
    "name": "Load Plugin",
    "start": 1575690589041,
    "end": 1575690589047,
    "duration": 6,
    "pid": 6066,
    "index": 1
  },
  {
    "name": "Load Config",
    "start": 1575690589048,
    "end": 1575690589068,
    "duration": 20,
    "pid": 6066,
    "index": 2
  },
  {
    "name": "Require(0) config/config.default.js",
    "start": 1575690589048,
    "end": 1575690589049,
    "duration": 1,
    "pid": 6066,
    "index": 3
  },
  {
    "name": "Require(1) node_modules/egg-session/config/config.default.js",
    "start": 1575690589050,
    "end": 1575690589051,
    "duration": 1,
    "pid": 6066,
    "index": 4
  },
  {
    "name": "Require(2) node_modules/egg-security/config/config.default.js",
    "start": 1575690589051,
    "end": 1575690589051,
    "duration": 0,
    "pid": 6066,
    "index": 5
  },
  {
    "name": "Require(3) node_modules/egg-jsonp/config/config.default.js",
    "start": 1575690589052,
    "end": 1575690589052,
    "duration": 0,
    "pid": 6066,
    "index": 6
  },
  {
    "name": "Require(4) node_modules/egg-onerror/config/config.default.js",
    "start": 1575690589053,
    "end": 1575690589054,
    "duration": 1,
    "pid": 6066,
    "index": 7
  },
  {
    "name": "Require(5) node_modules/egg-i18n/config/config.default.js",
    "start": 1575690589055,
    "end": 1575690589055,
    "duration": 0,
    "pid": 6066,
    "index": 8
  },
  {
    "name": "Require(6) node_modules/egg-watcher/config/config.default.js",
    "start": 1575690589056,
    "end": 1575690589057,
    "duration": 1,
    "pid": 6066,
    "index": 9
  },
  {
    "name": "Require(7) node_modules/egg-schedule/config/config.default.js",
    "start": 1575690589057,
    "end": 1575690589057,
    "duration": 0,
    "pid": 6066,
    "index": 10
  },
  {
    "name": "Require(8) node_modules/egg-multipart/config/config.default.js",
    "start": 1575690589058,
    "end": 1575690589059,
    "duration": 1,
    "pid": 6066,
    "index": 11
  },
  {
    "name": "Require(9) node_modules/egg-development/config/config.default.js",
    "start": 1575690589059,
    "end": 1575690589060,
    "duration": 1,
    "pid": 6066,
    "index": 12
  },
  {
    "name": "Require(10) node_modules/egg-logrotator/config/config.default.js",
    "start": 1575690589060,
    "end": 1575690589061,
    "duration": 1,
    "pid": 6066,
    "index": 13
  },
  {
    "name": "Require(11) node_modules/egg-static/config/config.default.js",
    "start": 1575690589062,
    "end": 1575690589063,
    "duration": 1,
    "pid": 6066,
    "index": 14
  },
  {
    "name": "Require(12) node_modules/egg-view/config/config.default.js",
    "start": 1575690589063,
    "end": 1575690589063,
    "duration": 0,
    "pid": 6066,
    "index": 15
  },
  {
    "name": "Require(13) node_modules/egg/config/config.default.js",
    "start": 1575690589063,
    "end": 1575690589064,
    "duration": 1,
    "pid": 6066,
    "index": 16
  },
  {
    "name": "Require(14) config/config.default.js",
    "start": 1575690589065,
    "end": 1575690589065,
    "duration": 0,
    "pid": 6066,
    "index": 17
  },
  {
    "name": "Require(15) node_modules/egg-security/config/config.local.js",
    "start": 1575690589065,
    "end": 1575690589066,
    "duration": 1,
    "pid": 6066,
    "index": 18
  },
  {
    "name": "Require(16) node_modules/egg-watcher/config/config.local.js",
    "start": 1575690589066,
    "end": 1575690589066,
    "duration": 0,
    "pid": 6066,
    "index": 19
  },
  {
    "name": "Require(17) node_modules/egg-view/config/config.local.js",
    "start": 1575690589067,
    "end": 1575690589067,
    "duration": 0,
    "pid": 6066,
    "index": 20
  },
  {
    "name": "Require(18) node_modules/egg/config/config.local.js",
    "start": 1575690589067,
    "end": 1575690589068,
    "duration": 1,
    "pid": 6066,
    "index": 21
  },
  {
    "name": "Load extend/application.js",
    "start": 1575690589069,
    "end": 1575690589074,
    "duration": 5,
    "pid": 6066,
    "index": 22
  },
  {
    "name": "Require(19) node_modules/egg-session/app/extend/application.js",
    "start": 1575690589070,
    "end": 1575690589070,
    "duration": 0,
    "pid": 6066,
    "index": 23
  },
  {
    "name": "Require(20) node_modules/egg-security/app/extend/application.js",
    "start": 1575690589070,
    "end": 1575690589071,
    "duration": 1,
    "pid": 6066,
    "index": 24
  },
  {
    "name": "Require(21) node_modules/egg-jsonp/app/extend/application.js",
    "start": 1575690589071,
    "end": 1575690589072,
    "duration": 1,
    "pid": 6066,
    "index": 25
  },
  {
    "name": "Require(22) node_modules/egg-logrotator/app/extend/application.js",
    "start": 1575690589072,
    "end": 1575690589073,
    "duration": 1,
    "pid": 6066,
    "index": 26
  },
  {
    "name": "Require(23) node_modules/egg-view/app/extend/application.js",
    "start": 1575690589073,
    "end": 1575690589073,
    "duration": 0,
    "pid": 6066,
    "index": 27
  },
  {
    "name": "Load extend/request.js",
    "start": 1575690589074,
    "end": 1575690589076,
    "duration": 2,
    "pid": 6066,
    "index": 28
  },
  {
    "name": "Require(24) node_modules/egg/app/extend/request.js",
    "start": 1575690589074,
    "end": 1575690589075,
    "duration": 1,
    "pid": 6066,
    "index": 29
  },
  {
    "name": "Load extend/response.js",
    "start": 1575690589076,
    "end": 1575690589077,
    "duration": 1,
    "pid": 6066,
    "index": 30
  },
  {
    "name": "Require(25) node_modules/egg/app/extend/response.js",
    "start": 1575690589076,
    "end": 1575690589077,
    "duration": 1,
    "pid": 6066,
    "index": 31
  },
  {
    "name": "Load extend/context.js",
    "start": 1575690589077,
    "end": 1575690589147,
    "duration": 70,
    "pid": 6066,
    "index": 32
  },
  {
    "name": "Require(26) node_modules/egg-security/app/extend/context.js",
    "start": 1575690589078,
    "end": 1575690589084,
    "duration": 6,
    "pid": 6066,
    "index": 33
  },
  {
    "name": "Require(27) node_modules/egg-jsonp/app/extend/context.js",
    "start": 1575690589085,
    "end": 1575690589088,
    "duration": 3,
    "pid": 6066,
    "index": 34
  },
  {
    "name": "Require(28) node_modules/egg-i18n/app/extend/context.js",
    "start": 1575690589088,
    "end": 1575690589089,
    "duration": 1,
    "pid": 6066,
    "index": 35
  },
  {
    "name": "Require(29) node_modules/egg-multipart/app/extend/context.js",
    "start": 1575690589089,
    "end": 1575690589145,
    "duration": 56,
    "pid": 6066,
    "index": 36
  },
  {
    "name": "Require(30) node_modules/egg-view/app/extend/context.js",
    "start": 1575690589145,
    "end": 1575690589146,
    "duration": 1,
    "pid": 6066,
    "index": 37
  },
  {
    "name": "Require(31) node_modules/egg/app/extend/context.js",
    "start": 1575690589146,
    "end": 1575690589147,
    "duration": 1,
    "pid": 6066,
    "index": 38
  },
  {
    "name": "Load extend/helper.js",
    "start": 1575690589147,
    "end": 1575690589167,
    "duration": 20,
    "pid": 6066,
    "index": 39
  },
  {
    "name": "Require(32) node_modules/egg-security/app/extend/helper.js",
    "start": 1575690589148,
    "end": 1575690589166,
    "duration": 18,
    "pid": 6066,
    "index": 40
  },
  {
    "name": "Require(33) node_modules/egg/app/extend/helper.js",
    "start": 1575690589166,
    "end": 1575690589167,
    "duration": 1,
    "pid": 6066,
    "index": 41
  },
  {
    "name": "Load app.js",
    "start": 1575690589168,
    "end": 1575690589194,
    "duration": 26,
    "pid": 6066,
    "index": 42
  },
  {
    "name": "Require(34) node_modules/egg-session/app.js",
    "start": 1575690589168,
    "end": 1575690589168,
    "duration": 0,
    "pid": 6066,
    "index": 43
  },
  {
    "name": "Require(35) node_modules/egg-security/app.js",
    "start": 1575690589169,
    "end": 1575690589169,
    "duration": 0,
    "pid": 6066,
    "index": 44
  },
  {
    "name": "Require(36) node_modules/egg-onerror/app.js",
    "start": 1575690589170,
    "end": 1575690589174,
    "duration": 4,
    "pid": 6066,
    "index": 45
  },
  {
    "name": "Require(37) node_modules/egg-i18n/app.js",
    "start": 1575690589174,
    "end": 1575690589182,
    "duration": 8,
    "pid": 6066,
    "index": 46
  },
  {
    "name": "Require(38) node_modules/egg-watcher/app.js",
    "start": 1575690589183,
    "end": 1575690589187,
    "duration": 4,
    "pid": 6066,
    "index": 47
  },
  {
    "name": "Require(39) node_modules/egg-schedule/app.js",
    "start": 1575690589188,
    "end": 1575690589189,
    "duration": 1,
    "pid": 6066,
    "index": 48
  },
  {
    "name": "Require(40) node_modules/egg-multipart/app.js",
    "start": 1575690589189,
    "end": 1575690589193,
    "duration": 4,
    "pid": 6066,
    "index": 49
  },
  {
    "name": "Require(41) node_modules/egg-development/app.js",
    "start": 1575690589193,
    "end": 1575690589193,
    "duration": 0,
    "pid": 6066,
    "index": 50
  },
  {
    "name": "Require(42) node_modules/egg-logrotator/app.js",
    "start": 1575690589193,
    "end": 1575690589193,
    "duration": 0,
    "pid": 6066,
    "index": 51
  },
  {
    "name": "Require(43) node_modules/egg-static/app.js",
    "start": 1575690589193,
    "end": 1575690589194,
    "duration": 1,
    "pid": 6066,
    "index": 52
  },
  {
    "name": "Before Start in node_modules/egg-watcher/lib/init.js:15:14",
    "start": 1575690589206,
    "end": 1575690589344,
    "duration": 138,
    "pid": 6066,
    "index": 53
  },
  {
    "name": "Load Service",
    "start": 1575690589238,
    "end": 1575690589241,
    "duration": 3,
    "pid": 6066,
    "index": 54
  },
  {
    "name": "Load \"service\" to Context",
    "start": 1575690589238,
    "end": 1575690589241,
    "duration": 3,
    "pid": 6066,
    "index": 55
  },
  {
    "name": "Load Middleware",
    "start": 1575690589242,
    "end": 1575690589312,
    "duration": 70,
    "pid": 6066,
    "index": 56
  },
  {
    "name": "Load \"middlewares\" to Application",
    "start": 1575690589242,
    "end": 1575690589306,
    "duration": 64,
    "pid": 6066,
    "index": 57
  },
  {
    "name": "Load Controller",
    "start": 1575690589312,
    "end": 1575690589314,
    "duration": 2,
    "pid": 6066,
    "index": 58
  },
  {
    "name": "Load \"controller\" to Application",
    "start": 1575690589312,
    "end": 1575690589314,
    "duration": 2,
    "pid": 6066,
    "index": 59
  },
  {
    "name": "Load Router",
    "start": 1575690589314,
    "end": 1575690589319,
    "duration": 5,
    "pid": 6066,
    "index": 60
  },
  {
    "name": "Require(44) app/router.js",
    "start": 1575690589314,
    "end": 1575690589314,
    "duration": 0,
    "pid": 6066,
    "index": 61
  },
  {
    "name": "Before Start in node_modules/egg-core/lib/egg.js:303:10",
    "start": 1575690589314,
    "end": 1575690589332,
    "duration": 18,
    "pid": 6066,
    "index": 62
  }
]