[
  {
    "name": "Application Start",
    "start": 1575691187644,
    "end": 1575691187936,
    "duration": 292,
    "pid": 7028,
    "index": 0
  },
  {
    "name": "Load Plugin",
    "start": 1575691187646,
    "end": 1575691187653,
    "duration": 7,
    "pid": 7028,
    "index": 1
  },
  {
    "name": "Load Config",
    "start": 1575691187653,
    "end": 1575691187670,
    "duration": 17,
    "pid": 7028,
    "index": 2
  },
  {
    "name": "Require(0) config/config.default.js",
    "start": 1575691187654,
    "end": 1575691187654,
    "duration": 0,
    "pid": 7028,
    "index": 3
  },
  {
    "name": "Require(1) node_modules/egg-session/config/config.default.js",
    "start": 1575691187655,
    "end": 1575691187656,
    "duration": 1,
    "pid": 7028,
    "index": 4
  },
  {
    "name": "Require(2) node_modules/egg-security/config/config.default.js",
    "start": 1575691187656,
    "end": 1575691187656,
    "duration": 0,
    "pid": 7028,
    "index": 5
  },
  {
    "name": "Require(3) node_modules/egg-jsonp/config/config.default.js",
    "start": 1575691187658,
    "end": 1575691187659,
    "duration": 1,
    "pid": 7028,
    "index": 6
  },
  {
    "name": "Require(4) node_modules/egg-onerror/config/config.default.js",
    "start": 1575691187659,
    "end": 1575691187659,
    "duration": 0,
    "pid": 7028,
    "index": 7
  },
  {
    "name": "Require(5) node_modules/egg-i18n/config/config.default.js",
    "start": 1575691187659,
    "end": 1575691187660,
    "duration": 1,
    "pid": 7028,
    "index": 8
  },
  {
    "name": "Require(6) node_modules/egg-watcher/config/config.default.js",
    "start": 1575691187660,
    "end": 1575691187661,
    "duration": 1,
    "pid": 7028,
    "index": 9
  },
  {
    "name": "Require(7) node_modules/egg-schedule/config/config.default.js",
    "start": 1575691187661,
    "end": 1575691187662,
    "duration": 1,
    "pid": 7028,
    "index": 10
  },
  {
    "name": "Require(8) node_modules/egg-multipart/config/config.default.js",
    "start": 1575691187662,
    "end": 1575691187662,
    "duration": 0,
    "pid": 7028,
    "index": 11
  },
  {
    "name": "Require(9) node_modules/egg-development/config/config.default.js",
    "start": 1575691187663,
    "end": 1575691187663,
    "duration": 0,
    "pid": 7028,
    "index": 12
  },
  {
    "name": "Require(10) node_modules/egg-logrotator/config/config.default.js",
    "start": 1575691187663,
    "end": 1575691187664,
    "duration": 1,
    "pid": 7028,
    "index": 13
  },
  {
    "name": "Require(11) node_modules/egg-static/config/config.default.js",
    "start": 1575691187664,
    "end": 1575691187665,
    "duration": 1,
    "pid": 7028,
    "index": 14
  },
  {
    "name": "Require(12) node_modules/egg-view/config/config.default.js",
    "start": 1575691187666,
    "end": 1575691187666,
    "duration": 0,
    "pid": 7028,
    "index": 15
  },
  {
    "name": "Require(13) node_modules/egg/config/config.default.js",
    "start": 1575691187666,
    "end": 1575691187667,
    "duration": 1,
    "pid": 7028,
    "index": 16
  },
  {
    "name": "Require(14) config/config.default.js",
    "start": 1575691187668,
    "end": 1575691187668,
    "duration": 0,
    "pid": 7028,
    "index": 17
  },
  {
    "name": "Require(15) node_modules/egg-security/config/config.local.js",
    "start": 1575691187668,
    "end": 1575691187669,
    "duration": 1,
    "pid": 7028,
    "index": 18
  },
  {
    "name": "Require(16) node_modules/egg-watcher/config/config.local.js",
    "start": 1575691187669,
    "end": 1575691187669,
    "duration": 0,
    "pid": 7028,
    "index": 19
  },
  {
    "name": "Require(17) node_modules/egg-view/config/config.local.js",
    "start": 1575691187669,
    "end": 1575691187670,
    "duration": 1,
    "pid": 7028,
    "index": 20
  },
  {
    "name": "Require(18) node_modules/egg/config/config.local.js",
    "start": 1575691187670,
    "end": 1575691187670,
    "duration": 0,
    "pid": 7028,
    "index": 21
  },
  {
    "name": "Load extend/application.js",
    "start": 1575691187672,
    "end": 1575691187677,
    "duration": 5,
    "pid": 7028,
    "index": 22
  },
  {
    "name": "Require(19) node_modules/egg-session/app/extend/application.js",
    "start": 1575691187672,
    "end": 1575691187673,
    "duration": 1,
    "pid": 7028,
    "index": 23
  },
  {
    "name": "Require(20) node_modules/egg-security/app/extend/application.js",
    "start": 1575691187673,
    "end": 1575691187673,
    "duration": 0,
    "pid": 7028,
    "index": 24
  },
  {
    "name": "Require(21) node_modules/egg-jsonp/app/extend/application.js",
    "start": 1575691187673,
    "end": 1575691187674,
    "duration": 1,
    "pid": 7028,
    "index": 25
  },
  {
    "name": "Require(22) node_modules/egg-logrotator/app/extend/application.js",
    "start": 1575691187674,
    "end": 1575691187675,
    "duration": 1,
    "pid": 7028,
    "index": 26
  },
  {
    "name": "Require(23) node_modules/egg-view/app/extend/application.js",
    "start": 1575691187675,
    "end": 1575691187676,
    "duration": 1,
    "pid": 7028,
    "index": 27
  },
  {
    "name": "Load extend/request.js",
    "start": 1575691187677,
    "end": 1575691187678,
    "duration": 1,
    "pid": 7028,
    "index": 28
  },
  {
    "name": "Require(24) node_modules/egg/app/extend/request.js",
    "start": 1575691187677,
    "end": 1575691187678,
    "duration": 1,
    "pid": 7028,
    "index": 29
  },
  {
    "name": "Load extend/response.js",
    "start": 1575691187678,
    "end": 1575691187680,
    "duration": 2,
    "pid": 7028,
    "index": 30
  },
  {
    "name": "Require(25) node_modules/egg/app/extend/response.js",
    "start": 1575691187679,
    "end": 1575691187679,
    "duration": 0,
    "pid": 7028,
    "index": 31
  },
  {
    "name": "Load extend/context.js",
    "start": 1575691187680,
    "end": 1575691187745,
    "duration": 65,
    "pid": 7028,
    "index": 32
  },
  {
    "name": "Require(26) node_modules/egg-security/app/extend/context.js",
    "start": 1575691187680,
    "end": 1575691187687,
    "duration": 7,
    "pid": 7028,
    "index": 33
  },
  {
    "name": "Require(27) node_modules/egg-jsonp/app/extend/context.js",
    "start": 1575691187687,
    "end": 1575691187688,
    "duration": 1,
    "pid": 7028,
    "index": 34
  },
  {
    "name": "Require(28) node_modules/egg-i18n/app/extend/context.js",
    "start": 1575691187688,
    "end": 1575691187688,
    "duration": 0,
    "pid": 7028,
    "index": 35
  },
  {
    "name": "Require(29) node_modules/egg-multipart/app/extend/context.js",
    "start": 1575691187688,
    "end": 1575691187742,
    "duration": 54,
    "pid": 7028,
    "index": 36
  },
  {
    "name": "Require(30) node_modules/egg-view/app/extend/context.js",
    "start": 1575691187742,
    "end": 1575691187743,
    "duration": 1,
    "pid": 7028,
    "index": 37
  },
  {
    "name": "Require(31) node_modules/egg/app/extend/context.js",
    "start": 1575691187743,
    "end": 1575691187744,
    "duration": 1,
    "pid": 7028,
    "index": 38
  },
  {
    "name": "Load extend/helper.js",
    "start": 1575691187745,
    "end": 1575691187760,
    "duration": 15,
    "pid": 7028,
    "index": 39
  },
  {
    "name": "Require(32) node_modules/egg-security/app/extend/helper.js",
    "start": 1575691187745,
    "end": 1575691187759,
    "duration": 14,
    "pid": 7028,
    "index": 40
  },
  {
    "name": "Require(33) node_modules/egg/app/extend/helper.js",
    "start": 1575691187760,
    "end": 1575691187760,
    "duration": 0,
    "pid": 7028,
    "index": 41
  },
  {
    "name": "Load app.js",
    "start": 1575691187761,
    "end": 1575691187786,
    "duration": 25,
    "pid": 7028,
    "index": 42
  },
  {
    "name": "Require(34) node_modules/egg-session/app.js",
    "start": 1575691187761,
    "end": 1575691187762,
    "duration": 1,
    "pid": 7028,
    "index": 43
  },
  {
    "name": "Require(35) node_modules/egg-security/app.js",
    "start": 1575691187762,
    "end": 1575691187763,
    "duration": 1,
    "pid": 7028,
    "index": 44
  },
  {
    "name": "Require(36) node_modules/egg-onerror/app.js",
    "start": 1575691187763,
    "end": 1575691187772,
    "duration": 9,
    "pid": 7028,
    "index": 45
  },
  {
    "name": "Require(37) node_modules/egg-i18n/app.js",
    "start": 1575691187773,
    "end": 1575691187781,
    "duration": 8,
    "pid": 7028,
    "index": 46
  },
  {
    "name": "Require(38) node_modules/egg-watcher/app.js",
    "start": 1575691187781,
    "end": 1575691187782,
    "duration": 1,
    "pid": 7028,
    "index": 47
  },
  {
    "name": "Require(39) node_modules/egg-schedule/app.js",
    "start": 1575691187783,
    "end": 1575691187783,
    "duration": 0,
    "pid": 7028,
    "index": 48
  },
  {
    "name": "Require(40) node_modules/egg-multipart/app.js",
    "start": 1575691187783,
    "end": 1575691187785,
    "duration": 2,
    "pid": 7028,
    "index": 49
  },
  {
    "name": "Require(41) node_modules/egg-development/app.js",
    "start": 1575691187785,
    "end": 1575691187785,
    "duration": 0,
    "pid": 7028,
    "index": 50
  },
  {
    "name": "Require(42) node_modules/egg-logrotator/app.js",
    "start": 1575691187785,
    "end": 1575691187785,
    "duration": 0,
    "pid": 7028,
    "index": 51
  },
  {
    "name": "Require(43) node_modules/egg-static/app.js",
    "start": 1575691187785,
    "end": 1575691187785,
    "duration": 0,
    "pid": 7028,
    "index": 52
  },
  {
    "name": "Before Start in node_modules/egg-watcher/lib/init.js:15:14",
    "start": 1575691187807,
    "end": 1575691187935,
    "duration": 128,
    "pid": 7028,
    "index": 53
  },
  {
    "name": "Load Service",
    "start": 1575691187844,
    "end": 1575691187848,
    "duration": 4,
    "pid": 7028,
    "index": 54
  },
  {
    "name": "Load \"service\" to Context",
    "start": 1575691187845,
    "end": 1575691187848,
    "duration": 3,
    "pid": 7028,
    "index": 55
  },
  {
    "name": "Load Middleware",
    "start": 1575691187848,
    "end": 1575691187905,
    "duration": 57,
    "pid": 7028,
    "index": 56
  },
  {
    "name": "Load \"middlewares\" to Application",
    "start": 1575691187848,
    "end": 1575691187894,
    "duration": 46,
    "pid": 7028,
    "index": 57
  },
  {
    "name": "Load Controller",
    "start": 1575691187906,
    "end": 1575691187907,
    "duration": 1,
    "pid": 7028,
    "index": 58
  },
  {
    "name": "Load \"controller\" to Application",
    "start": 1575691187906,
    "end": 1575691187907,
    "duration": 1,
    "pid": 7028,
    "index": 59
  },
  {
    "name": "Load Router",
    "start": 1575691187907,
    "end": 1575691187909,
    "duration": 2,
    "pid": 7028,
    "index": 60
  },
  {
    "name": "Require(44) app/router.js",
    "start": 1575691187907,
    "end": 1575691187907,
    "duration": 0,
    "pid": 7028,
    "index": 61
  },
  {
    "name": "Before Start in node_modules/egg-core/lib/egg.js:303:10",
    "start": 1575691187908,
    "end": 1575691187917,
    "duration": 9,
    "pid": 7028,
    "index": 62
  }
]