[
  {
    "name": "Application Start",
    "start": 1575690380138,
    "end": 1575690380534,
    "duration": 396,
    "pid": 5697,
    "index": 0
  },
  {
    "name": "Load Plugin",
    "start": 1575690380141,
    "end": 1575690380148,
    "duration": 7,
    "pid": 5697,
    "index": 1
  },
  {
    "name": "Load Config",
    "start": 1575690380148,
    "end": 1575690380170,
    "duration": 22,
    "pid": 5697,
    "index": 2
  },
  {
    "name": "Require(0) config/config.default.js",
    "start": 1575690380149,
    "end": 1575690380149,
    "duration": 0,
    "pid": 5697,
    "index": 3
  },
  {
    "name": "Require(1) node_modules/egg-session/config/config.default.js",
    "start": 1575690380151,
    "end": 1575690380151,
    "duration": 0,
    "pid": 5697,
    "index": 4
  },
  {
    "name": "Require(2) node_modules/egg-security/config/config.default.js",
    "start": 1575690380151,
    "end": 1575690380152,
    "duration": 1,
    "pid": 5697,
    "index": 5
  },
  {
    "name": "Require(3) node_modules/egg-jsonp/config/config.default.js",
    "start": 1575690380154,
    "end": 1575690380154,
    "duration": 0,
    "pid": 5697,
    "index": 6
  },
  {
    "name": "Require(4) node_modules/egg-onerror/config/config.default.js",
    "start": 1575690380155,
    "end": 1575690380155,
    "duration": 0,
    "pid": 5697,
    "index": 7
  },
  {
    "name": "Require(5) node_modules/egg-i18n/config/config.default.js",
    "start": 1575690380155,
    "end": 1575690380155,
    "duration": 0,
    "pid": 5697,
    "index": 8
  },
  {
    "name": "Require(6) node_modules/egg-watcher/config/config.default.js",
    "start": 1575690380156,
    "end": 1575690380157,
    "duration": 1,
    "pid": 5697,
    "index": 9
  },
  {
    "name": "Require(7) node_modules/egg-schedule/config/config.default.js",
    "start": 1575690380158,
    "end": 1575690380159,
    "duration": 1,
    "pid": 5697,
    "index": 10
  },
  {
    "name": "Require(8) node_modules/egg-multipart/config/config.default.js",
    "start": 1575690380159,
    "end": 1575690380160,
    "duration": 1,
    "pid": 5697,
    "index": 11
  },
  {
    "name": "Require(9) node_modules/egg-development/config/config.default.js",
    "start": 1575690380163,
    "end": 1575690380163,
    "duration": 0,
    "pid": 5697,
    "index": 12
  },
  {
    "name": "Require(10) node_modules/egg-logrotator/config/config.default.js",
    "start": 1575690380163,
    "end": 1575690380164,
    "duration": 1,
    "pid": 5697,
    "index": 13
  },
  {
    "name": "Require(11) node_modules/egg-static/config/config.default.js",
    "start": 1575690380164,
    "end": 1575690380164,
    "duration": 0,
    "pid": 5697,
    "index": 14
  },
  {
    "name": "Require(12) node_modules/egg-view/config/config.default.js",
    "start": 1575690380164,
    "end": 1575690380164,
    "duration": 0,
    "pid": 5697,
    "index": 15
  },
  {
    "name": "Require(13) node_modules/egg/config/config.default.js",
    "start": 1575690380165,
    "end": 1575690380166,
    "duration": 1,
    "pid": 5697,
    "index": 16
  },
  {
    "name": "Require(14) config/config.default.js",
    "start": 1575690380168,
    "end": 1575690380168,
    "duration": 0,
    "pid": 5697,
    "index": 17
  },
  {
    "name": "Require(15) node_modules/egg-security/config/config.local.js",
    "start": 1575690380168,
    "end": 1575690380168,
    "duration": 0,
    "pid": 5697,
    "index": 18
  },
  {
    "name": "Require(16) node_modules/egg-watcher/config/config.local.js",
    "start": 1575690380168,
    "end": 1575690380168,
    "duration": 0,
    "pid": 5697,
    "index": 19
  },
  {
    "name": "Require(17) node_modules/egg-view/config/config.local.js",
    "start": 1575690380169,
    "end": 1575690380169,
    "duration": 0,
    "pid": 5697,
    "index": 20
  },
  {
    "name": "Require(18) node_modules/egg/config/config.local.js",
    "start": 1575690380169,
    "end": 1575690380169,
    "duration": 0,
    "pid": 5697,
    "index": 21
  },
  {
    "name": "Load extend/application.js",
    "start": 1575690380171,
    "end": 1575690380176,
    "duration": 5,
    "pid": 5697,
    "index": 22
  },
  {
    "name": "Require(19) node_modules/egg-session/app/extend/application.js",
    "start": 1575690380171,
    "end": 1575690380172,
    "duration": 1,
    "pid": 5697,
    "index": 23
  },
  {
    "name": "Require(20) node_modules/egg-security/app/extend/application.js",
    "start": 1575690380172,
    "end": 1575690380172,
    "duration": 0,
    "pid": 5697,
    "index": 24
  },
  {
    "name": "Require(21) node_modules/egg-jsonp/app/extend/application.js",
    "start": 1575690380172,
    "end": 1575690380173,
    "duration": 1,
    "pid": 5697,
    "index": 25
  },
  {
    "name": "Require(22) node_modules/egg-logrotator/app/extend/application.js",
    "start": 1575690380173,
    "end": 1575690380175,
    "duration": 2,
    "pid": 5697,
    "index": 26
  },
  {
    "name": "Require(23) node_modules/egg-view/app/extend/application.js",
    "start": 1575690380175,
    "end": 1575690380176,
    "duration": 1,
    "pid": 5697,
    "index": 27
  },
  {
    "name": "Load extend/request.js",
    "start": 1575690380176,
    "end": 1575690380178,
    "duration": 2,
    "pid": 5697,
    "index": 28
  },
  {
    "name": "Require(24) node_modules/egg/app/extend/request.js",
    "start": 1575690380177,
    "end": 1575690380177,
    "duration": 0,
    "pid": 5697,
    "index": 29
  },
  {
    "name": "Load extend/response.js",
    "start": 1575690380178,
    "end": 1575690380180,
    "duration": 2,
    "pid": 5697,
    "index": 30
  },
  {
    "name": "Require(25) node_modules/egg/app/extend/response.js",
    "start": 1575690380179,
    "end": 1575690380180,
    "duration": 1,
    "pid": 5697,
    "index": 31
  },
  {
    "name": "Load extend/context.js",
    "start": 1575690380180,
    "end": 1575690380251,
    "duration": 71,
    "pid": 5697,
    "index": 32
  },
  {
    "name": "Require(26) node_modules/egg-security/app/extend/context.js",
    "start": 1575690380180,
    "end": 1575690380190,
    "duration": 10,
    "pid": 5697,
    "index": 33
  },
  {
    "name": "Require(27) node_modules/egg-jsonp/app/extend/context.js",
    "start": 1575690380191,
    "end": 1575690380193,
    "duration": 2,
    "pid": 5697,
    "index": 34
  },
  {
    "name": "Require(28) node_modules/egg-i18n/app/extend/context.js",
    "start": 1575690380194,
    "end": 1575690380194,
    "duration": 0,
    "pid": 5697,
    "index": 35
  },
  {
    "name": "Require(29) node_modules/egg-multipart/app/extend/context.js",
    "start": 1575690380194,
    "end": 1575690380246,
    "duration": 52,
    "pid": 5697,
    "index": 36
  },
  {
    "name": "Require(30) node_modules/egg-view/app/extend/context.js",
    "start": 1575690380246,
    "end": 1575690380247,
    "duration": 1,
    "pid": 5697,
    "index": 37
  },
  {
    "name": "Require(31) node_modules/egg/app/extend/context.js",
    "start": 1575690380247,
    "end": 1575690380251,
    "duration": 4,
    "pid": 5697,
    "index": 38
  },
  {
    "name": "Load extend/helper.js",
    "start": 1575690380252,
    "end": 1575690380273,
    "duration": 21,
    "pid": 5697,
    "index": 39
  },
  {
    "name": "Require(32) node_modules/egg-security/app/extend/helper.js",
    "start": 1575690380252,
    "end": 1575690380271,
    "duration": 19,
    "pid": 5697,
    "index": 40
  },
  {
    "name": "Require(33) node_modules/egg/app/extend/helper.js",
    "start": 1575690380272,
    "end": 1575690380272,
    "duration": 0,
    "pid": 5697,
    "index": 41
  },
  {
    "name": "Load app.js",
    "start": 1575690380273,
    "end": 1575690380302,
    "duration": 29,
    "pid": 5697,
    "index": 42
  },
  {
    "name": "Require(34) node_modules/egg-session/app.js",
    "start": 1575690380273,
    "end": 1575690380273,
    "duration": 0,
    "pid": 5697,
    "index": 43
  },
  {
    "name": "Require(35) node_modules/egg-security/app.js",
    "start": 1575690380274,
    "end": 1575690380274,
    "duration": 0,
    "pid": 5697,
    "index": 44
  },
  {
    "name": "Require(36) node_modules/egg-onerror/app.js",
    "start": 1575690380275,
    "end": 1575690380279,
    "duration": 4,
    "pid": 5697,
    "index": 45
  },
  {
    "name": "Require(37) node_modules/egg-i18n/app.js",
    "start": 1575690380279,
    "end": 1575690380295,
    "duration": 16,
    "pid": 5697,
    "index": 46
  },
  {
    "name": "Require(38) node_modules/egg-watcher/app.js",
    "start": 1575690380295,
    "end": 1575690380298,
    "duration": 3,
    "pid": 5697,
    "index": 47
  },
  {
    "name": "Require(39) node_modules/egg-schedule/app.js",
    "start": 1575690380298,
    "end": 1575690380299,
    "duration": 1,
    "pid": 5697,
    "index": 48
  },
  {
    "name": "Require(40) node_modules/egg-multipart/app.js",
    "start": 1575690380299,
    "end": 1575690380300,
    "duration": 1,
    "pid": 5697,
    "index": 49
  },
  {
    "name": "Require(41) node_modules/egg-development/app.js",
    "start": 1575690380300,
    "end": 1575690380301,
    "duration": 1,
    "pid": 5697,
    "index": 50
  },
  {
    "name": "Require(42) node_modules/egg-logrotator/app.js",
    "start": 1575690380301,
    "end": 1575690380301,
    "duration": 0,
    "pid": 5697,
    "index": 51
  },
  {
    "name": "Require(43) node_modules/egg-static/app.js",
    "start": 1575690380301,
    "end": 1575690380301,
    "duration": 0,
    "pid": 5697,
    "index": 52
  },
  {
    "name": "Before Start in node_modules/egg-watcher/lib/init.js:15:14",
    "start": 1575690380332,
    "end": 1575690380533,
    "duration": 201,
    "pid": 5697,
    "index": 53
  },
  {
    "name": "Load Service",
    "start": 1575690380404,
    "end": 1575690380406,
    "duration": 2,
    "pid": 5697,
    "index": 54
  },
  {
    "name": "Load \"service\" to Context",
    "start": 1575690380404,
    "end": 1575690380406,
    "duration": 2,
    "pid": 5697,
    "index": 55
  },
  {
    "name": "Load Middleware",
    "start": 1575690380406,
    "end": 1575690380500,
    "duration": 94,
    "pid": 5697,
    "index": 56
  },
  {
    "name": "Load \"middlewares\" to Application",
    "start": 1575690380407,
    "end": 1575690380487,
    "duration": 80,
    "pid": 5697,
    "index": 57
  },
  {
    "name": "Load Controller",
    "start": 1575690380500,
    "end": 1575690380503,
    "duration": 3,
    "pid": 5697,
    "index": 58
  },
  {
    "name": "Load \"controller\" to Application",
    "start": 1575690380500,
    "end": 1575690380503,
    "duration": 3,
    "pid": 5697,
    "index": 59
  },
  {
    "name": "Load Router",
    "start": 1575690380503,
    "end": 1575690380506,
    "duration": 3,
    "pid": 5697,
    "index": 60
  },
  {
    "name": "Require(44) app/router.js",
    "start": 1575690380503,
    "end": 1575690380504,
    "duration": 1,
    "pid": 5697,
    "index": 61
  },
  {
    "name": "Before Start in node_modules/egg-core/lib/egg.js:303:10",
    "start": 1575690380504,
    "end": 1575690380515,
    "duration": 11,
    "pid": 5697,
    "index": 62
  }
]