[
  {
    "name": "Application Start",
    "start": 1575690826404,
    "end": 1575690826712,
    "duration": 308,
    "pid": 6473,
    "index": 0
  },
  {
    "name": "Load Plugin",
    "start": 1575690826407,
    "end": 1575690826414,
    "duration": 7,
    "pid": 6473,
    "index": 1
  },
  {
    "name": "Load Config",
    "start": 1575690826414,
    "end": 1575690826433,
    "duration": 19,
    "pid": 6473,
    "index": 2
  },
  {
    "name": "Require(0) config/config.default.js",
    "start": 1575690826415,
    "end": 1575690826415,
    "duration": 0,
    "pid": 6473,
    "index": 3
  },
  {
    "name": "Require(1) node_modules/egg-session/config/config.default.js",
    "start": 1575690826417,
    "end": 1575690826417,
    "duration": 0,
    "pid": 6473,
    "index": 4
  },
  {
    "name": "Require(2) node_modules/egg-security/config/config.default.js",
    "start": 1575690826417,
    "end": 1575690826418,
    "duration": 1,
    "pid": 6473,
    "index": 5
  },
  {
    "name": "Require(3) node_modules/egg-jsonp/config/config.default.js",
    "start": 1575690826418,
    "end": 1575690826418,
    "duration": 0,
    "pid": 6473,
    "index": 6
  },
  {
    "name": "Require(4) node_modules/egg-onerror/config/config.default.js",
    "start": 1575690826418,
    "end": 1575690826419,
    "duration": 1,
    "pid": 6473,
    "index": 7
  },
  {
    "name": "Require(5) node_modules/egg-i18n/config/config.default.js",
    "start": 1575690826419,
    "end": 1575690826419,
    "duration": 0,
    "pid": 6473,
    "index": 8
  },
  {
    "name": "Require(6) node_modules/egg-watcher/config/config.default.js",
    "start": 1575690826419,
    "end": 1575690826420,
    "duration": 1,
    "pid": 6473,
    "index": 9
  },
  {
    "name": "Require(7) node_modules/egg-schedule/config/config.default.js",
    "start": 1575690826420,
    "end": 1575690826421,
    "duration": 1,
    "pid": 6473,
    "index": 10
  },
  {
    "name": "Require(8) node_modules/egg-multipart/config/config.default.js",
    "start": 1575690826422,
    "end": 1575690826423,
    "duration": 1,
    "pid": 6473,
    "index": 11
  },
  {
    "name": "Require(9) node_modules/egg-development/config/config.default.js",
    "start": 1575690826423,
    "end": 1575690826424,
    "duration": 1,
    "pid": 6473,
    "index": 12
  },
  {
    "name": "Require(10) node_modules/egg-logrotator/config/config.default.js",
    "start": 1575690826424,
    "end": 1575690826424,
    "duration": 0,
    "pid": 6473,
    "index": 13
  },
  {
    "name": "Require(11) node_modules/egg-static/config/config.default.js",
    "start": 1575690826425,
    "end": 1575690826425,
    "duration": 0,
    "pid": 6473,
    "index": 14
  },
  {
    "name": "Require(12) node_modules/egg-view/config/config.default.js",
    "start": 1575690826426,
    "end": 1575690826427,
    "duration": 1,
    "pid": 6473,
    "index": 15
  },
  {
    "name": "Require(13) node_modules/egg/config/config.default.js",
    "start": 1575690826427,
    "end": 1575690826428,
    "duration": 1,
    "pid": 6473,
    "index": 16
  },
  {
    "name": "Require(14) config/config.default.js",
    "start": 1575690826431,
    "end": 1575690826431,
    "duration": 0,
    "pid": 6473,
    "index": 17
  },
  {
    "name": "Require(15) node_modules/egg-security/config/config.local.js",
    "start": 1575690826431,
    "end": 1575690826432,
    "duration": 1,
    "pid": 6473,
    "index": 18
  },
  {
    "name": "Require(16) node_modules/egg-watcher/config/config.local.js",
    "start": 1575690826432,
    "end": 1575690826432,
    "duration": 0,
    "pid": 6473,
    "index": 19
  },
  {
    "name": "Require(17) node_modules/egg-view/config/config.local.js",
    "start": 1575690826432,
    "end": 1575690826433,
    "duration": 1,
    "pid": 6473,
    "index": 20
  },
  {
    "name": "Require(18) node_modules/egg/config/config.local.js",
    "start": 1575690826433,
    "end": 1575690826433,
    "duration": 0,
    "pid": 6473,
    "index": 21
  },
  {
    "name": "Load extend/application.js",
    "start": 1575690826435,
    "end": 1575690826439,
    "duration": 4,
    "pid": 6473,
    "index": 22
  },
  {
    "name": "Require(19) node_modules/egg-session/app/extend/application.js",
    "start": 1575690826435,
    "end": 1575690826436,
    "duration": 1,
    "pid": 6473,
    "index": 23
  },
  {
    "name": "Require(20) node_modules/egg-security/app/extend/application.js",
    "start": 1575690826436,
    "end": 1575690826436,
    "duration": 0,
    "pid": 6473,
    "index": 24
  },
  {
    "name": "Require(21) node_modules/egg-jsonp/app/extend/application.js",
    "start": 1575690826436,
    "end": 1575690826437,
    "duration": 1,
    "pid": 6473,
    "index": 25
  },
  {
    "name": "Require(22) node_modules/egg-logrotator/app/extend/application.js",
    "start": 1575690826437,
    "end": 1575690826438,
    "duration": 1,
    "pid": 6473,
    "index": 26
  },
  {
    "name": "Require(23) node_modules/egg-view/app/extend/application.js",
    "start": 1575690826438,
    "end": 1575690826439,
    "duration": 1,
    "pid": 6473,
    "index": 27
  },
  {
    "name": "Load extend/request.js",
    "start": 1575690826439,
    "end": 1575690826441,
    "duration": 2,
    "pid": 6473,
    "index": 28
  },
  {
    "name": "Require(24) node_modules/egg/app/extend/request.js",
    "start": 1575690826440,
    "end": 1575690826440,
    "duration": 0,
    "pid": 6473,
    "index": 29
  },
  {
    "name": "Load extend/response.js",
    "start": 1575690826441,
    "end": 1575690826443,
    "duration": 2,
    "pid": 6473,
    "index": 30
  },
  {
    "name": "Require(25) node_modules/egg/app/extend/response.js",
    "start": 1575690826442,
    "end": 1575690826443,
    "duration": 1,
    "pid": 6473,
    "index": 31
  },
  {
    "name": "Load extend/context.js",
    "start": 1575690826443,
    "end": 1575690826515,
    "duration": 72,
    "pid": 6473,
    "index": 32
  },
  {
    "name": "Require(26) node_modules/egg-security/app/extend/context.js",
    "start": 1575690826443,
    "end": 1575690826449,
    "duration": 6,
    "pid": 6473,
    "index": 33
  },
  {
    "name": "Require(27) node_modules/egg-jsonp/app/extend/context.js",
    "start": 1575690826450,
    "end": 1575690826450,
    "duration": 0,
    "pid": 6473,
    "index": 34
  },
  {
    "name": "Require(28) node_modules/egg-i18n/app/extend/context.js",
    "start": 1575690826451,
    "end": 1575690826451,
    "duration": 0,
    "pid": 6473,
    "index": 35
  },
  {
    "name": "Require(29) node_modules/egg-multipart/app/extend/context.js",
    "start": 1575690826451,
    "end": 1575690826512,
    "duration": 61,
    "pid": 6473,
    "index": 36
  },
  {
    "name": "Require(30) node_modules/egg-view/app/extend/context.js",
    "start": 1575690826512,
    "end": 1575690826513,
    "duration": 1,
    "pid": 6473,
    "index": 37
  },
  {
    "name": "Require(31) node_modules/egg/app/extend/context.js",
    "start": 1575690826513,
    "end": 1575690826514,
    "duration": 1,
    "pid": 6473,
    "index": 38
  },
  {
    "name": "Load extend/helper.js",
    "start": 1575690826515,
    "end": 1575690826540,
    "duration": 25,
    "pid": 6473,
    "index": 39
  },
  {
    "name": "Require(32) node_modules/egg-security/app/extend/helper.js",
    "start": 1575690826516,
    "end": 1575690826539,
    "duration": 23,
    "pid": 6473,
    "index": 40
  },
  {
    "name": "Require(33) node_modules/egg/app/extend/helper.js",
    "start": 1575690826539,
    "end": 1575690826540,
    "duration": 1,
    "pid": 6473,
    "index": 41
  },
  {
    "name": "Load app.js",
    "start": 1575690826540,
    "end": 1575690826562,
    "duration": 22,
    "pid": 6473,
    "index": 42
  },
  {
    "name": "Require(34) node_modules/egg-session/app.js",
    "start": 1575690826540,
    "end": 1575690826541,
    "duration": 1,
    "pid": 6473,
    "index": 43
  },
  {
    "name": "Require(35) node_modules/egg-security/app.js",
    "start": 1575690826541,
    "end": 1575690826542,
    "duration": 1,
    "pid": 6473,
    "index": 44
  },
  {
    "name": "Require(36) node_modules/egg-onerror/app.js",
    "start": 1575690826542,
    "end": 1575690826547,
    "duration": 5,
    "pid": 6473,
    "index": 45
  },
  {
    "name": "Require(37) node_modules/egg-i18n/app.js",
    "start": 1575690826547,
    "end": 1575690826554,
    "duration": 7,
    "pid": 6473,
    "index": 46
  },
  {
    "name": "Require(38) node_modules/egg-watcher/app.js",
    "start": 1575690826554,
    "end": 1575690826557,
    "duration": 3,
    "pid": 6473,
    "index": 47
  },
  {
    "name": "Require(39) node_modules/egg-schedule/app.js",
    "start": 1575690826558,
    "end": 1575690826559,
    "duration": 1,
    "pid": 6473,
    "index": 48
  },
  {
    "name": "Require(40) node_modules/egg-multipart/app.js",
    "start": 1575690826559,
    "end": 1575690826561,
    "duration": 2,
    "pid": 6473,
    "index": 49
  },
  {
    "name": "Require(41) node_modules/egg-development/app.js",
    "start": 1575690826561,
    "end": 1575690826561,
    "duration": 0,
    "pid": 6473,
    "index": 50
  },
  {
    "name": "Require(42) node_modules/egg-logrotator/app.js",
    "start": 1575690826561,
    "end": 1575690826562,
    "duration": 1,
    "pid": 6473,
    "index": 51
  },
  {
    "name": "Require(43) node_modules/egg-static/app.js",
    "start": 1575690826562,
    "end": 1575690826562,
    "duration": 0,
    "pid": 6473,
    "index": 52
  },
  {
    "name": "Before Start in node_modules/egg-watcher/lib/init.js:15:14",
    "start": 1575690826577,
    "end": 1575690826711,
    "duration": 134,
    "pid": 6473,
    "index": 53
  },
  {
    "name": "Load Service",
    "start": 1575690826608,
    "end": 1575690826613,
    "duration": 5,
    "pid": 6473,
    "index": 54
  },
  {
    "name": "Load \"service\" to Context",
    "start": 1575690826609,
    "end": 1575690826613,
    "duration": 4,
    "pid": 6473,
    "index": 55
  },
  {
    "name": "Load Middleware",
    "start": 1575690826613,
    "end": 1575690826683,
    "duration": 70,
    "pid": 6473,
    "index": 56
  },
  {
    "name": "Load \"middlewares\" to Application",
    "start": 1575690826613,
    "end": 1575690826677,
    "duration": 64,
    "pid": 6473,
    "index": 57
  },
  {
    "name": "Load Controller",
    "start": 1575690826683,
    "end": 1575690826687,
    "duration": 4,
    "pid": 6473,
    "index": 58
  },
  {
    "name": "Load \"controller\" to Application",
    "start": 1575690826683,
    "end": 1575690826687,
    "duration": 4,
    "pid": 6473,
    "index": 59
  },
  {
    "name": "Load Router",
    "start": 1575690826687,
    "end": 1575690826690,
    "duration": 3,
    "pid": 6473,
    "index": 60
  },
  {
    "name": "Require(44) app/router.js",
    "start": 1575690826687,
    "end": 1575690826688,
    "duration": 1,
    "pid": 6473,
    "index": 61
  },
  {
    "name": "Before Start in node_modules/egg-core/lib/egg.js:303:10",
    "start": 1575690826688,
    "end": 1575690826701,
    "duration": 13,
    "pid": 6473,
    "index": 62
  }
]