[
  {
    "name": "Application Start",
    "start": 1575690967553,
    "end": 1575690967952,
    "duration": 399,
    "pid": 6691,
    "index": 0
  },
  {
    "name": "Load Plugin",
    "start": 1575690967560,
    "end": 1575690967609,
    "duration": 49,
    "pid": 6691,
    "index": 1
  },
  {
    "name": "Load Config",
    "start": 1575690967609,
    "end": 1575690967635,
    "duration": 26,
    "pid": 6691,
    "index": 2
  },
  {
    "name": "Require(0) config/config.default.js",
    "start": 1575690967610,
    "end": 1575690967610,
    "duration": 0,
    "pid": 6691,
    "index": 3
  },
  {
    "name": "Require(1) node_modules/egg-session/config/config.default.js",
    "start": 1575690967613,
    "end": 1575690967613,
    "duration": 0,
    "pid": 6691,
    "index": 4
  },
  {
    "name": "Require(2) node_modules/egg-security/config/config.default.js",
    "start": 1575690967614,
    "end": 1575690967614,
    "duration": 0,
    "pid": 6691,
    "index": 5
  },
  {
    "name": "Require(3) node_modules/egg-jsonp/config/config.default.js",
    "start": 1575690967615,
    "end": 1575690967615,
    "duration": 0,
    "pid": 6691,
    "index": 6
  },
  {
    "name": "Require(4) node_modules/egg-onerror/config/config.default.js",
    "start": 1575690967615,
    "end": 1575690967615,
    "duration": 0,
    "pid": 6691,
    "index": 7
  },
  {
    "name": "Require(5) node_modules/egg-i18n/config/config.default.js",
    "start": 1575690967616,
    "end": 1575690967616,
    "duration": 0,
    "pid": 6691,
    "index": 8
  },
  {
    "name": "Require(6) node_modules/egg-watcher/config/config.default.js",
    "start": 1575690967617,
    "end": 1575690967620,
    "duration": 3,
    "pid": 6691,
    "index": 9
  },
  {
    "name": "Require(7) node_modules/egg-schedule/config/config.default.js",
    "start": 1575690967621,
    "end": 1575690967621,
    "duration": 0,
    "pid": 6691,
    "index": 10
  },
  {
    "name": "Require(8) node_modules/egg-multipart/config/config.default.js",
    "start": 1575690967622,
    "end": 1575690967623,
    "duration": 1,
    "pid": 6691,
    "index": 11
  },
  {
    "name": "Require(9) node_modules/egg-development/config/config.default.js",
    "start": 1575690967624,
    "end": 1575690967624,
    "duration": 0,
    "pid": 6691,
    "index": 12
  },
  {
    "name": "Require(10) node_modules/egg-logrotator/config/config.default.js",
    "start": 1575690967625,
    "end": 1575690967625,
    "duration": 0,
    "pid": 6691,
    "index": 13
  },
  {
    "name": "Require(11) node_modules/egg-static/config/config.default.js",
    "start": 1575690967625,
    "end": 1575690967625,
    "duration": 0,
    "pid": 6691,
    "index": 14
  },
  {
    "name": "Require(12) node_modules/egg-view/config/config.default.js",
    "start": 1575690967626,
    "end": 1575690967626,
    "duration": 0,
    "pid": 6691,
    "index": 15
  },
  {
    "name": "Require(13) node_modules/egg/config/config.default.js",
    "start": 1575690967627,
    "end": 1575690967628,
    "duration": 1,
    "pid": 6691,
    "index": 16
  },
  {
    "name": "Require(14) config/config.default.js",
    "start": 1575690967631,
    "end": 1575690967632,
    "duration": 1,
    "pid": 6691,
    "index": 17
  },
  {
    "name": "Require(15) node_modules/egg-security/config/config.local.js",
    "start": 1575690967632,
    "end": 1575690967632,
    "duration": 0,
    "pid": 6691,
    "index": 18
  },
  {
    "name": "Require(16) node_modules/egg-watcher/config/config.local.js",
    "start": 1575690967633,
    "end": 1575690967633,
    "duration": 0,
    "pid": 6691,
    "index": 19
  },
  {
    "name": "Require(17) node_modules/egg-view/config/config.local.js",
    "start": 1575690967634,
    "end": 1575690967634,
    "duration": 0,
    "pid": 6691,
    "index": 20
  },
  {
    "name": "Require(18) node_modules/egg/config/config.local.js",
    "start": 1575690967634,
    "end": 1575690967635,
    "duration": 1,
    "pid": 6691,
    "index": 21
  },
  {
    "name": "Load extend/application.js",
    "start": 1575690967638,
    "end": 1575690967642,
    "duration": 4,
    "pid": 6691,
    "index": 22
  },
  {
    "name": "Require(19) node_modules/egg-session/app/extend/application.js",
    "start": 1575690967638,
    "end": 1575690967638,
    "duration": 0,
    "pid": 6691,
    "index": 23
  },
  {
    "name": "Require(20) node_modules/egg-security/app/extend/application.js",
    "start": 1575690967638,
    "end": 1575690967639,
    "duration": 1,
    "pid": 6691,
    "index": 24
  },
  {
    "name": "Require(21) node_modules/egg-jsonp/app/extend/application.js",
    "start": 1575690967639,
    "end": 1575690967640,
    "duration": 1,
    "pid": 6691,
    "index": 25
  },
  {
    "name": "Require(22) node_modules/egg-logrotator/app/extend/application.js",
    "start": 1575690967640,
    "end": 1575690967641,
    "duration": 1,
    "pid": 6691,
    "index": 26
  },
  {
    "name": "Require(23) node_modules/egg-view/app/extend/application.js",
    "start": 1575690967641,
    "end": 1575690967642,
    "duration": 1,
    "pid": 6691,
    "index": 27
  },
  {
    "name": "Load extend/request.js",
    "start": 1575690967642,
    "end": 1575690967644,
    "duration": 2,
    "pid": 6691,
    "index": 28
  },
  {
    "name": "Require(24) node_modules/egg/app/extend/request.js",
    "start": 1575690967643,
    "end": 1575690967644,
    "duration": 1,
    "pid": 6691,
    "index": 29
  },
  {
    "name": "Load extend/response.js",
    "start": 1575690967644,
    "end": 1575690967646,
    "duration": 2,
    "pid": 6691,
    "index": 30
  },
  {
    "name": "Require(25) node_modules/egg/app/extend/response.js",
    "start": 1575690967645,
    "end": 1575690967646,
    "duration": 1,
    "pid": 6691,
    "index": 31
  },
  {
    "name": "Load extend/context.js",
    "start": 1575690967646,
    "end": 1575690967728,
    "duration": 82,
    "pid": 6691,
    "index": 32
  },
  {
    "name": "Require(26) node_modules/egg-security/app/extend/context.js",
    "start": 1575690967646,
    "end": 1575690967656,
    "duration": 10,
    "pid": 6691,
    "index": 33
  },
  {
    "name": "Require(27) node_modules/egg-jsonp/app/extend/context.js",
    "start": 1575690967656,
    "end": 1575690967658,
    "duration": 2,
    "pid": 6691,
    "index": 34
  },
  {
    "name": "Require(28) node_modules/egg-i18n/app/extend/context.js",
    "start": 1575690967658,
    "end": 1575690967659,
    "duration": 1,
    "pid": 6691,
    "index": 35
  },
  {
    "name": "Require(29) node_modules/egg-multipart/app/extend/context.js",
    "start": 1575690967659,
    "end": 1575690967724,
    "duration": 65,
    "pid": 6691,
    "index": 36
  },
  {
    "name": "Require(30) node_modules/egg-view/app/extend/context.js",
    "start": 1575690967724,
    "end": 1575690967725,
    "duration": 1,
    "pid": 6691,
    "index": 37
  },
  {
    "name": "Require(31) node_modules/egg/app/extend/context.js",
    "start": 1575690967726,
    "end": 1575690967728,
    "duration": 2,
    "pid": 6691,
    "index": 38
  },
  {
    "name": "Load extend/helper.js",
    "start": 1575690967728,
    "end": 1575690967747,
    "duration": 19,
    "pid": 6691,
    "index": 39
  },
  {
    "name": "Require(32) node_modules/egg-security/app/extend/helper.js",
    "start": 1575690967728,
    "end": 1575690967746,
    "duration": 18,
    "pid": 6691,
    "index": 40
  },
  {
    "name": "Require(33) node_modules/egg/app/extend/helper.js",
    "start": 1575690967747,
    "end": 1575690967747,
    "duration": 0,
    "pid": 6691,
    "index": 41
  },
  {
    "name": "Load app.js",
    "start": 1575690967747,
    "end": 1575690967784,
    "duration": 37,
    "pid": 6691,
    "index": 42
  },
  {
    "name": "Require(34) node_modules/egg-session/app.js",
    "start": 1575690967748,
    "end": 1575690967748,
    "duration": 0,
    "pid": 6691,
    "index": 43
  },
  {
    "name": "Require(35) node_modules/egg-security/app.js",
    "start": 1575690967748,
    "end": 1575690967749,
    "duration": 1,
    "pid": 6691,
    "index": 44
  },
  {
    "name": "Require(36) node_modules/egg-onerror/app.js",
    "start": 1575690967749,
    "end": 1575690967757,
    "duration": 8,
    "pid": 6691,
    "index": 45
  },
  {
    "name": "Require(37) node_modules/egg-i18n/app.js",
    "start": 1575690967758,
    "end": 1575690967778,
    "duration": 20,
    "pid": 6691,
    "index": 46
  },
  {
    "name": "Require(38) node_modules/egg-watcher/app.js",
    "start": 1575690967779,
    "end": 1575690967780,
    "duration": 1,
    "pid": 6691,
    "index": 47
  },
  {
    "name": "Require(39) node_modules/egg-schedule/app.js",
    "start": 1575690967780,
    "end": 1575690967781,
    "duration": 1,
    "pid": 6691,
    "index": 48
  },
  {
    "name": "Require(40) node_modules/egg-multipart/app.js",
    "start": 1575690967781,
    "end": 1575690967783,
    "duration": 2,
    "pid": 6691,
    "index": 49
  },
  {
    "name": "Require(41) node_modules/egg-development/app.js",
    "start": 1575690967783,
    "end": 1575690967783,
    "duration": 0,
    "pid": 6691,
    "index": 50
  },
  {
    "name": "Require(42) node_modules/egg-logrotator/app.js",
    "start": 1575690967783,
    "end": 1575690967784,
    "duration": 1,
    "pid": 6691,
    "index": 51
  },
  {
    "name": "Require(43) node_modules/egg-static/app.js",
    "start": 1575690967784,
    "end": 1575690967784,
    "duration": 0,
    "pid": 6691,
    "index": 52
  },
  {
    "name": "Before Start in node_modules/egg-watcher/lib/init.js:15:14",
    "start": 1575690967804,
    "end": 1575690967952,
    "duration": 148,
    "pid": 6691,
    "index": 53
  },
  {
    "name": "Load Service",
    "start": 1575690967857,
    "end": 1575690967861,
    "duration": 4,
    "pid": 6691,
    "index": 54
  },
  {
    "name": "Load \"service\" to Context",
    "start": 1575690967857,
    "end": 1575690967861,
    "duration": 4,
    "pid": 6691,
    "index": 55
  },
  {
    "name": "Load Middleware",
    "start": 1575690967861,
    "end": 1575690967920,
    "duration": 59,
    "pid": 6691,
    "index": 56
  },
  {
    "name": "Load \"middlewares\" to Application",
    "start": 1575690967861,
    "end": 1575690967914,
    "duration": 53,
    "pid": 6691,
    "index": 57
  },
  {
    "name": "Load Controller",
    "start": 1575690967920,
    "end": 1575690967922,
    "duration": 2,
    "pid": 6691,
    "index": 58
  },
  {
    "name": "Load \"controller\" to Application",
    "start": 1575690967920,
    "end": 1575690967922,
    "duration": 2,
    "pid": 6691,
    "index": 59
  },
  {
    "name": "Load Router",
    "start": 1575690967923,
    "end": 1575690967928,
    "duration": 5,
    "pid": 6691,
    "index": 60
  },
  {
    "name": "Require(44) app/router.js",
    "start": 1575690967923,
    "end": 1575690967925,
    "duration": 2,
    "pid": 6691,
    "index": 61
  },
  {
    "name": "Before Start in node_modules/egg-core/lib/egg.js:303:10",
    "start": 1575690967925,
    "end": 1575690967939,
    "duration": 14,
    "pid": 6691,
    "index": 62
  }
]