[
  {
    "name": "Application Start",
    "start": 1575689557361,
    "end": 1575689557936,
    "duration": 575,
    "pid": 4413,
    "index": 0
  },
  {
    "name": "Load Plugin",
    "start": 1575689557366,
    "end": 1575689557377,
    "duration": 11,
    "pid": 4413,
    "index": 1
  },
  {
    "name": "Load Config",
    "start": 1575689557377,
    "end": 1575689557401,
    "duration": 24,
    "pid": 4413,
    "index": 2
  },
  {
    "name": "Require(0) config/config.default.js",
    "start": 1575689557380,
    "end": 1575689557381,
    "duration": 1,
    "pid": 4413,
    "index": 3
  },
  {
    "name": "Require(1) node_modules/egg-session/config/config.default.js",
    "start": 1575689557383,
    "end": 1575689557384,
    "duration": 1,
    "pid": 4413,
    "index": 4
  },
  {
    "name": "Require(2) node_modules/egg-security/config/config.default.js",
    "start": 1575689557384,
    "end": 1575689557385,
    "duration": 1,
    "pid": 4413,
    "index": 5
  },
  {
    "name": "Require(3) node_modules/egg-jsonp/config/config.default.js",
    "start": 1575689557386,
    "end": 1575689557387,
    "duration": 1,
    "pid": 4413,
    "index": 6
  },
  {
    "name": "Require(4) node_modules/egg-onerror/config/config.default.js",
    "start": 1575689557388,
    "end": 1575689557388,
    "duration": 0,
    "pid": 4413,
    "index": 7
  },
  {
    "name": "Require(5) node_modules/egg-i18n/config/config.default.js",
    "start": 1575689557389,
    "end": 1575689557389,
    "duration": 0,
    "pid": 4413,
    "index": 8
  },
  {
    "name": "Require(6) node_modules/egg-watcher/config/config.default.js",
    "start": 1575689557390,
    "end": 1575689557391,
    "duration": 1,
    "pid": 4413,
    "index": 9
  },
  {
    "name": "Require(7) node_modules/egg-schedule/config/config.default.js",
    "start": 1575689557391,
    "end": 1575689557391,
    "duration": 0,
    "pid": 4413,
    "index": 10
  },
  {
    "name": "Require(8) node_modules/egg-multipart/config/config.default.js",
    "start": 1575689557392,
    "end": 1575689557392,
    "duration": 0,
    "pid": 4413,
    "index": 11
  },
  {
    "name": "Require(9) node_modules/egg-development/config/config.default.js",
    "start": 1575689557393,
    "end": 1575689557393,
    "duration": 0,
    "pid": 4413,
    "index": 12
  },
  {
    "name": "Require(10) node_modules/egg-logrotator/config/config.default.js",
    "start": 1575689557393,
    "end": 1575689557394,
    "duration": 1,
    "pid": 4413,
    "index": 13
  },
  {
    "name": "Require(11) node_modules/egg-static/config/config.default.js",
    "start": 1575689557394,
    "end": 1575689557395,
    "duration": 1,
    "pid": 4413,
    "index": 14
  },
  {
    "name": "Require(12) node_modules/egg-view/config/config.default.js",
    "start": 1575689557395,
    "end": 1575689557395,
    "duration": 0,
    "pid": 4413,
    "index": 15
  },
  {
    "name": "Require(13) node_modules/egg/config/config.default.js",
    "start": 1575689557396,
    "end": 1575689557396,
    "duration": 0,
    "pid": 4413,
    "index": 16
  },
  {
    "name": "Require(14) config/config.default.js",
    "start": 1575689557398,
    "end": 1575689557398,
    "duration": 0,
    "pid": 4413,
    "index": 17
  },
  {
    "name": "Require(15) node_modules/egg-security/config/config.local.js",
    "start": 1575689557398,
    "end": 1575689557399,
    "duration": 1,
    "pid": 4413,
    "index": 18
  },
  {
    "name": "Require(16) node_modules/egg-watcher/config/config.local.js",
    "start": 1575689557399,
    "end": 1575689557400,
    "duration": 1,
    "pid": 4413,
    "index": 19
  },
  {
    "name": "Require(17) node_modules/egg-view/config/config.local.js",
    "start": 1575689557400,
    "end": 1575689557400,
    "duration": 0,
    "pid": 4413,
    "index": 20
  },
  {
    "name": "Require(18) node_modules/egg/config/config.local.js",
    "start": 1575689557400,
    "end": 1575689557401,
    "duration": 1,
    "pid": 4413,
    "index": 21
  },
  {
    "name": "Load extend/application.js",
    "start": 1575689557403,
    "end": 1575689557413,
    "duration": 10,
    "pid": 4413,
    "index": 22
  },
  {
    "name": "Require(19) node_modules/egg-session/app/extend/application.js",
    "start": 1575689557403,
    "end": 1575689557404,
    "duration": 1,
    "pid": 4413,
    "index": 23
  },
  {
    "name": "Require(20) node_modules/egg-security/app/extend/application.js",
    "start": 1575689557404,
    "end": 1575689557405,
    "duration": 1,
    "pid": 4413,
    "index": 24
  },
  {
    "name": "Require(21) node_modules/egg-jsonp/app/extend/application.js",
    "start": 1575689557405,
    "end": 1575689557407,
    "duration": 2,
    "pid": 4413,
    "index": 25
  },
  {
    "name": "Require(22) node_modules/egg-logrotator/app/extend/application.js",
    "start": 1575689557407,
    "end": 1575689557409,
    "duration": 2,
    "pid": 4413,
    "index": 26
  },
  {
    "name": "Require(23) node_modules/egg-view/app/extend/application.js",
    "start": 1575689557409,
    "end": 1575689557413,
    "duration": 4,
    "pid": 4413,
    "index": 27
  },
  {
    "name": "Load extend/request.js",
    "start": 1575689557413,
    "end": 1575689557417,
    "duration": 4,
    "pid": 4413,
    "index": 28
  },
  {
    "name": "Require(24) node_modules/egg/app/extend/request.js",
    "start": 1575689557414,
    "end": 1575689557416,
    "duration": 2,
    "pid": 4413,
    "index": 29
  },
  {
    "name": "Load extend/response.js",
    "start": 1575689557417,
    "end": 1575689557422,
    "duration": 5,
    "pid": 4413,
    "index": 30
  },
  {
    "name": "Require(25) node_modules/egg/app/extend/response.js",
    "start": 1575689557418,
    "end": 1575689557421,
    "duration": 3,
    "pid": 4413,
    "index": 31
  },
  {
    "name": "Load extend/context.js",
    "start": 1575689557422,
    "end": 1575689557529,
    "duration": 107,
    "pid": 4413,
    "index": 32
  },
  {
    "name": "Require(26) node_modules/egg-security/app/extend/context.js",
    "start": 1575689557423,
    "end": 1575689557436,
    "duration": 13,
    "pid": 4413,
    "index": 33
  },
  {
    "name": "Require(27) node_modules/egg-jsonp/app/extend/context.js",
    "start": 1575689557436,
    "end": 1575689557438,
    "duration": 2,
    "pid": 4413,
    "index": 34
  },
  {
    "name": "Require(28) node_modules/egg-i18n/app/extend/context.js",
    "start": 1575689557438,
    "end": 1575689557439,
    "duration": 1,
    "pid": 4413,
    "index": 35
  },
  {
    "name": "Require(29) node_modules/egg-multipart/app/extend/context.js",
    "start": 1575689557439,
    "end": 1575689557525,
    "duration": 86,
    "pid": 4413,
    "index": 36
  },
  {
    "name": "Require(30) node_modules/egg-view/app/extend/context.js",
    "start": 1575689557526,
    "end": 1575689557527,
    "duration": 1,
    "pid": 4413,
    "index": 37
  },
  {
    "name": "Require(31) node_modules/egg/app/extend/context.js",
    "start": 1575689557527,
    "end": 1575689557529,
    "duration": 2,
    "pid": 4413,
    "index": 38
  },
  {
    "name": "Load extend/helper.js",
    "start": 1575689557530,
    "end": 1575689557581,
    "duration": 51,
    "pid": 4413,
    "index": 39
  },
  {
    "name": "Require(32) node_modules/egg-security/app/extend/helper.js",
    "start": 1575689557530,
    "end": 1575689557576,
    "duration": 46,
    "pid": 4413,
    "index": 40
  },
  {
    "name": "Require(33) node_modules/egg/app/extend/helper.js",
    "start": 1575689557577,
    "end": 1575689557580,
    "duration": 3,
    "pid": 4413,
    "index": 41
  },
  {
    "name": "Load app.js",
    "start": 1575689557581,
    "end": 1575689557671,
    "duration": 90,
    "pid": 4413,
    "index": 42
  },
  {
    "name": "Require(34) node_modules/egg-session/app.js",
    "start": 1575689557581,
    "end": 1575689557583,
    "duration": 2,
    "pid": 4413,
    "index": 43
  },
  {
    "name": "Require(35) node_modules/egg-security/app.js",
    "start": 1575689557584,
    "end": 1575689557586,
    "duration": 2,
    "pid": 4413,
    "index": 44
  },
  {
    "name": "Require(36) node_modules/egg-onerror/app.js",
    "start": 1575689557587,
    "end": 1575689557599,
    "duration": 12,
    "pid": 4413,
    "index": 45
  },
  {
    "name": "Require(37) node_modules/egg-i18n/app.js",
    "start": 1575689557600,
    "end": 1575689557630,
    "duration": 30,
    "pid": 4413,
    "index": 46
  },
  {
    "name": "Require(38) node_modules/egg-watcher/app.js",
    "start": 1575689557631,
    "end": 1575689557659,
    "duration": 28,
    "pid": 4413,
    "index": 47
  },
  {
    "name": "Require(39) node_modules/egg-schedule/app.js",
    "start": 1575689557659,
    "end": 1575689557664,
    "duration": 5,
    "pid": 4413,
    "index": 48
  },
  {
    "name": "Require(40) node_modules/egg-multipart/app.js",
    "start": 1575689557665,
    "end": 1575689557668,
    "duration": 3,
    "pid": 4413,
    "index": 49
  },
  {
    "name": "Require(41) node_modules/egg-development/app.js",
    "start": 1575689557668,
    "end": 1575689557669,
    "duration": 1,
    "pid": 4413,
    "index": 50
  },
  {
    "name": "Require(42) node_modules/egg-logrotator/app.js",
    "start": 1575689557669,
    "end": 1575689557670,
    "duration": 1,
    "pid": 4413,
    "index": 51
  },
  {
    "name": "Require(43) node_modules/egg-static/app.js",
    "start": 1575689557670,
    "end": 1575689557670,
    "duration": 0,
    "pid": 4413,
    "index": 52
  },
  {
    "name": "Before Start in node_modules/egg-watcher/lib/init.js:15:14",
    "start": 1575689557736,
    "end": 1575689557936,
    "duration": 200,
    "pid": 4413,
    "index": 53
  },
  {
    "name": "Load Service",
    "start": 1575689557798,
    "end": 1575689557804,
    "duration": 6,
    "pid": 4413,
    "index": 54
  },
  {
    "name": "Load \"service\" to Context",
    "start": 1575689557798,
    "end": 1575689557804,
    "duration": 6,
    "pid": 4413,
    "index": 55
  },
  {
    "name": "Load Middleware",
    "start": 1575689557805,
    "end": 1575689557904,
    "duration": 99,
    "pid": 4413,
    "index": 56
  },
  {
    "name": "Load \"middlewares\" to Application",
    "start": 1575689557805,
    "end": 1575689557895,
    "duration": 90,
    "pid": 4413,
    "index": 57
  },
  {
    "name": "Load Controller",
    "start": 1575689557904,
    "end": 1575689557906,
    "duration": 2,
    "pid": 4413,
    "index": 58
  },
  {
    "name": "Load \"controller\" to Application",
    "start": 1575689557904,
    "end": 1575689557906,
    "duration": 2,
    "pid": 4413,
    "index": 59
  },
  {
    "name": "Load Router",
    "start": 1575689557906,
    "end": 1575689557911,
    "duration": 5,
    "pid": 4413,
    "index": 60
  },
  {
    "name": "Require(44) app/router.js",
    "start": 1575689557906,
    "end": 1575689557907,
    "duration": 1,
    "pid": 4413,
    "index": 61
  },
  {
    "name": "Before Start in node_modules/egg-core/lib/egg.js:303:10",
    "start": 1575689557907,
    "end": 1575689557924,
    "duration": 17,
    "pid": 4413,
    "index": 62
  }
]