[
  {
    "name": "Application Start",
    "start": 1575690117788,
    "end": 1575690118142,
    "duration": 354,
    "pid": 5289,
    "index": 0
  },
  {
    "name": "Load Plugin",
    "start": 1575690117794,
    "end": 1575690117804,
    "duration": 10,
    "pid": 5289,
    "index": 1
  },
  {
    "name": "Load Config",
    "start": 1575690117805,
    "end": 1575690117826,
    "duration": 21,
    "pid": 5289,
    "index": 2
  },
  {
    "name": "Require(0) config/config.default.js",
    "start": 1575690117805,
    "end": 1575690117806,
    "duration": 1,
    "pid": 5289,
    "index": 3
  },
  {
    "name": "Require(1) node_modules/egg-session/config/config.default.js",
    "start": 1575690117807,
    "end": 1575690117807,
    "duration": 0,
    "pid": 5289,
    "index": 4
  },
  {
    "name": "Require(2) node_modules/egg-security/config/config.default.js",
    "start": 1575690117808,
    "end": 1575690117808,
    "duration": 0,
    "pid": 5289,
    "index": 5
  },
  {
    "name": "Require(3) node_modules/egg-jsonp/config/config.default.js",
    "start": 1575690117808,
    "end": 1575690117809,
    "duration": 1,
    "pid": 5289,
    "index": 6
  },
  {
    "name": "Require(4) node_modules/egg-onerror/config/config.default.js",
    "start": 1575690117809,
    "end": 1575690117809,
    "duration": 0,
    "pid": 5289,
    "index": 7
  },
  {
    "name": "Require(5) node_modules/egg-i18n/config/config.default.js",
    "start": 1575690117810,
    "end": 1575690117810,
    "duration": 0,
    "pid": 5289,
    "index": 8
  },
  {
    "name": "Require(6) node_modules/egg-watcher/config/config.default.js",
    "start": 1575690117810,
    "end": 1575690117811,
    "duration": 1,
    "pid": 5289,
    "index": 9
  },
  {
    "name": "Require(7) node_modules/egg-schedule/config/config.default.js",
    "start": 1575690117811,
    "end": 1575690117811,
    "duration": 0,
    "pid": 5289,
    "index": 10
  },
  {
    "name": "Require(8) node_modules/egg-multipart/config/config.default.js",
    "start": 1575690117812,
    "end": 1575690117812,
    "duration": 0,
    "pid": 5289,
    "index": 11
  },
  {
    "name": "Require(9) node_modules/egg-development/config/config.default.js",
    "start": 1575690117812,
    "end": 1575690117813,
    "duration": 1,
    "pid": 5289,
    "index": 12
  },
  {
    "name": "Require(10) node_modules/egg-logrotator/config/config.default.js",
    "start": 1575690117813,
    "end": 1575690117813,
    "duration": 0,
    "pid": 5289,
    "index": 13
  },
  {
    "name": "Require(11) node_modules/egg-static/config/config.default.js",
    "start": 1575690117813,
    "end": 1575690117813,
    "duration": 0,
    "pid": 5289,
    "index": 14
  },
  {
    "name": "Require(12) node_modules/egg-view/config/config.default.js",
    "start": 1575690117814,
    "end": 1575690117814,
    "duration": 0,
    "pid": 5289,
    "index": 15
  },
  {
    "name": "Require(13) node_modules/egg/config/config.default.js",
    "start": 1575690117814,
    "end": 1575690117815,
    "duration": 1,
    "pid": 5289,
    "index": 16
  },
  {
    "name": "Require(14) config/config.default.js",
    "start": 1575690117818,
    "end": 1575690117818,
    "duration": 0,
    "pid": 5289,
    "index": 17
  },
  {
    "name": "Require(15) node_modules/egg-security/config/config.local.js",
    "start": 1575690117819,
    "end": 1575690117820,
    "duration": 1,
    "pid": 5289,
    "index": 18
  },
  {
    "name": "Require(16) node_modules/egg-watcher/config/config.local.js",
    "start": 1575690117821,
    "end": 1575690117822,
    "duration": 1,
    "pid": 5289,
    "index": 19
  },
  {
    "name": "Require(17) node_modules/egg-view/config/config.local.js",
    "start": 1575690117822,
    "end": 1575690117822,
    "duration": 0,
    "pid": 5289,
    "index": 20
  },
  {
    "name": "Require(18) node_modules/egg/config/config.local.js",
    "start": 1575690117823,
    "end": 1575690117825,
    "duration": 2,
    "pid": 5289,
    "index": 21
  },
  {
    "name": "Load extend/application.js",
    "start": 1575690117829,
    "end": 1575690117837,
    "duration": 8,
    "pid": 5289,
    "index": 22
  },
  {
    "name": "Require(19) node_modules/egg-session/app/extend/application.js",
    "start": 1575690117830,
    "end": 1575690117831,
    "duration": 1,
    "pid": 5289,
    "index": 23
  },
  {
    "name": "Require(20) node_modules/egg-security/app/extend/application.js",
    "start": 1575690117831,
    "end": 1575690117832,
    "duration": 1,
    "pid": 5289,
    "index": 24
  },
  {
    "name": "Require(21) node_modules/egg-jsonp/app/extend/application.js",
    "start": 1575690117832,
    "end": 1575690117833,
    "duration": 1,
    "pid": 5289,
    "index": 25
  },
  {
    "name": "Require(22) node_modules/egg-logrotator/app/extend/application.js",
    "start": 1575690117834,
    "end": 1575690117835,
    "duration": 1,
    "pid": 5289,
    "index": 26
  },
  {
    "name": "Require(23) node_modules/egg-view/app/extend/application.js",
    "start": 1575690117835,
    "end": 1575690117836,
    "duration": 1,
    "pid": 5289,
    "index": 27
  },
  {
    "name": "Load extend/request.js",
    "start": 1575690117837,
    "end": 1575690117839,
    "duration": 2,
    "pid": 5289,
    "index": 28
  },
  {
    "name": "Require(24) node_modules/egg/app/extend/request.js",
    "start": 1575690117837,
    "end": 1575690117838,
    "duration": 1,
    "pid": 5289,
    "index": 29
  },
  {
    "name": "Load extend/response.js",
    "start": 1575690117839,
    "end": 1575690117840,
    "duration": 1,
    "pid": 5289,
    "index": 30
  },
  {
    "name": "Require(25) node_modules/egg/app/extend/response.js",
    "start": 1575690117839,
    "end": 1575690117840,
    "duration": 1,
    "pid": 5289,
    "index": 31
  },
  {
    "name": "Load extend/context.js",
    "start": 1575690117840,
    "end": 1575690117941,
    "duration": 101,
    "pid": 5289,
    "index": 32
  },
  {
    "name": "Require(26) node_modules/egg-security/app/extend/context.js",
    "start": 1575690117841,
    "end": 1575690117854,
    "duration": 13,
    "pid": 5289,
    "index": 33
  },
  {
    "name": "Require(27) node_modules/egg-jsonp/app/extend/context.js",
    "start": 1575690117855,
    "end": 1575690117860,
    "duration": 5,
    "pid": 5289,
    "index": 34
  },
  {
    "name": "Require(28) node_modules/egg-i18n/app/extend/context.js",
    "start": 1575690117861,
    "end": 1575690117862,
    "duration": 1,
    "pid": 5289,
    "index": 35
  },
  {
    "name": "Require(29) node_modules/egg-multipart/app/extend/context.js",
    "start": 1575690117862,
    "end": 1575690117938,
    "duration": 76,
    "pid": 5289,
    "index": 36
  },
  {
    "name": "Require(30) node_modules/egg-view/app/extend/context.js",
    "start": 1575690117939,
    "end": 1575690117939,
    "duration": 0,
    "pid": 5289,
    "index": 37
  },
  {
    "name": "Require(31) node_modules/egg/app/extend/context.js",
    "start": 1575690117940,
    "end": 1575690117940,
    "duration": 0,
    "pid": 5289,
    "index": 38
  },
  {
    "name": "Load extend/helper.js",
    "start": 1575690117941,
    "end": 1575690117967,
    "duration": 26,
    "pid": 5289,
    "index": 39
  },
  {
    "name": "Require(32) node_modules/egg-security/app/extend/helper.js",
    "start": 1575690117941,
    "end": 1575690117965,
    "duration": 24,
    "pid": 5289,
    "index": 40
  },
  {
    "name": "Require(33) node_modules/egg/app/extend/helper.js",
    "start": 1575690117966,
    "end": 1575690117966,
    "duration": 0,
    "pid": 5289,
    "index": 41
  },
  {
    "name": "Load app.js",
    "start": 1575690117967,
    "end": 1575690117995,
    "duration": 28,
    "pid": 5289,
    "index": 42
  },
  {
    "name": "Require(34) node_modules/egg-session/app.js",
    "start": 1575690117967,
    "end": 1575690117967,
    "duration": 0,
    "pid": 5289,
    "index": 43
  },
  {
    "name": "Require(35) node_modules/egg-security/app.js",
    "start": 1575690117967,
    "end": 1575690117968,
    "duration": 1,
    "pid": 5289,
    "index": 44
  },
  {
    "name": "Require(36) node_modules/egg-onerror/app.js",
    "start": 1575690117968,
    "end": 1575690117973,
    "duration": 5,
    "pid": 5289,
    "index": 45
  },
  {
    "name": "Require(37) node_modules/egg-i18n/app.js",
    "start": 1575690117973,
    "end": 1575690117985,
    "duration": 12,
    "pid": 5289,
    "index": 46
  },
  {
    "name": "Require(38) node_modules/egg-watcher/app.js",
    "start": 1575690117985,
    "end": 1575690117989,
    "duration": 4,
    "pid": 5289,
    "index": 47
  },
  {
    "name": "Require(39) node_modules/egg-schedule/app.js",
    "start": 1575690117989,
    "end": 1575690117992,
    "duration": 3,
    "pid": 5289,
    "index": 48
  },
  {
    "name": "Require(40) node_modules/egg-multipart/app.js",
    "start": 1575690117992,
    "end": 1575690117994,
    "duration": 2,
    "pid": 5289,
    "index": 49
  },
  {
    "name": "Require(41) node_modules/egg-development/app.js",
    "start": 1575690117994,
    "end": 1575690117994,
    "duration": 0,
    "pid": 5289,
    "index": 50
  },
  {
    "name": "Require(42) node_modules/egg-logrotator/app.js",
    "start": 1575690117994,
    "end": 1575690117995,
    "duration": 1,
    "pid": 5289,
    "index": 51
  },
  {
    "name": "Require(43) node_modules/egg-static/app.js",
    "start": 1575690117995,
    "end": 1575690117995,
    "duration": 0,
    "pid": 5289,
    "index": 52
  },
  {
    "name": "Before Start in node_modules/egg-watcher/lib/init.js:15:14",
    "start": 1575690118008,
    "end": 1575690118141,
    "duration": 133,
    "pid": 5289,
    "index": 53
  },
  {
    "name": "Load Service",
    "start": 1575690118044,
    "end": 1575690118047,
    "duration": 3,
    "pid": 5289,
    "index": 54
  },
  {
    "name": "Load \"service\" to Context",
    "start": 1575690118044,
    "end": 1575690118047,
    "duration": 3,
    "pid": 5289,
    "index": 55
  },
  {
    "name": "Load Middleware",
    "start": 1575690118047,
    "end": 1575690118108,
    "duration": 61,
    "pid": 5289,
    "index": 56
  },
  {
    "name": "Load \"middlewares\" to Application",
    "start": 1575690118047,
    "end": 1575690118101,
    "duration": 54,
    "pid": 5289,
    "index": 57
  },
  {
    "name": "Load Controller",
    "start": 1575690118108,
    "end": 1575690118110,
    "duration": 2,
    "pid": 5289,
    "index": 58
  },
  {
    "name": "Load \"controller\" to Application",
    "start": 1575690118108,
    "end": 1575690118110,
    "duration": 2,
    "pid": 5289,
    "index": 59
  },
  {
    "name": "Load Router",
    "start": 1575690118110,
    "end": 1575690118112,
    "duration": 2,
    "pid": 5289,
    "index": 60
  },
  {
    "name": "Require(44) app/router.js",
    "start": 1575690118110,
    "end": 1575690118110,
    "duration": 0,
    "pid": 5289,
    "index": 61
  },
  {
    "name": "Before Start in node_modules/egg-core/lib/egg.js:303:10",
    "start": 1575690118110,
    "end": 1575690118127,
    "duration": 17,
    "pid": 5289,
    "index": 62
  }
]