[
  {
    "name": "Application Start",
    "start": 1575690267231,
    "end": 1575690267549,
    "duration": 318,
    "pid": 5517,
    "index": 0
  },
  {
    "name": "Load Plugin",
    "start": 1575690267234,
    "end": 1575690267242,
    "duration": 8,
    "pid": 5517,
    "index": 1
  },
  {
    "name": "Load Config",
    "start": 1575690267242,
    "end": 1575690267261,
    "duration": 19,
    "pid": 5517,
    "index": 2
  },
  {
    "name": "Require(0) config/config.default.js",
    "start": 1575690267242,
    "end": 1575690267243,
    "duration": 1,
    "pid": 5517,
    "index": 3
  },
  {
    "name": "Require(1) node_modules/egg-session/config/config.default.js",
    "start": 1575690267244,
    "end": 1575690267244,
    "duration": 0,
    "pid": 5517,
    "index": 4
  },
  {
    "name": "Require(2) node_modules/egg-security/config/config.default.js",
    "start": 1575690267244,
    "end": 1575690267245,
    "duration": 1,
    "pid": 5517,
    "index": 5
  },
  {
    "name": "Require(3) node_modules/egg-jsonp/config/config.default.js",
    "start": 1575690267245,
    "end": 1575690267246,
    "duration": 1,
    "pid": 5517,
    "index": 6
  },
  {
    "name": "Require(4) node_modules/egg-onerror/config/config.default.js",
    "start": 1575690267246,
    "end": 1575690267246,
    "duration": 0,
    "pid": 5517,
    "index": 7
  },
  {
    "name": "Require(5) node_modules/egg-i18n/config/config.default.js",
    "start": 1575690267246,
    "end": 1575690267246,
    "duration": 0,
    "pid": 5517,
    "index": 8
  },
  {
    "name": "Require(6) node_modules/egg-watcher/config/config.default.js",
    "start": 1575690267247,
    "end": 1575690267247,
    "duration": 0,
    "pid": 5517,
    "index": 9
  },
  {
    "name": "Require(7) node_modules/egg-schedule/config/config.default.js",
    "start": 1575690267247,
    "end": 1575690267248,
    "duration": 1,
    "pid": 5517,
    "index": 10
  },
  {
    "name": "Require(8) node_modules/egg-multipart/config/config.default.js",
    "start": 1575690267251,
    "end": 1575690267251,
    "duration": 0,
    "pid": 5517,
    "index": 11
  },
  {
    "name": "Require(9) node_modules/egg-development/config/config.default.js",
    "start": 1575690267252,
    "end": 1575690267252,
    "duration": 0,
    "pid": 5517,
    "index": 12
  },
  {
    "name": "Require(10) node_modules/egg-logrotator/config/config.default.js",
    "start": 1575690267252,
    "end": 1575690267253,
    "duration": 1,
    "pid": 5517,
    "index": 13
  },
  {
    "name": "Require(11) node_modules/egg-static/config/config.default.js",
    "start": 1575690267253,
    "end": 1575690267253,
    "duration": 0,
    "pid": 5517,
    "index": 14
  },
  {
    "name": "Require(12) node_modules/egg-view/config/config.default.js",
    "start": 1575690267254,
    "end": 1575690267255,
    "duration": 1,
    "pid": 5517,
    "index": 15
  },
  {
    "name": "Require(13) node_modules/egg/config/config.default.js",
    "start": 1575690267255,
    "end": 1575690267256,
    "duration": 1,
    "pid": 5517,
    "index": 16
  },
  {
    "name": "Require(14) config/config.default.js",
    "start": 1575690267259,
    "end": 1575690267259,
    "duration": 0,
    "pid": 5517,
    "index": 17
  },
  {
    "name": "Require(15) node_modules/egg-security/config/config.local.js",
    "start": 1575690267260,
    "end": 1575690267260,
    "duration": 0,
    "pid": 5517,
    "index": 18
  },
  {
    "name": "Require(16) node_modules/egg-watcher/config/config.local.js",
    "start": 1575690267260,
    "end": 1575690267260,
    "duration": 0,
    "pid": 5517,
    "index": 19
  },
  {
    "name": "Require(17) node_modules/egg-view/config/config.local.js",
    "start": 1575690267261,
    "end": 1575690267261,
    "duration": 0,
    "pid": 5517,
    "index": 20
  },
  {
    "name": "Require(18) node_modules/egg/config/config.local.js",
    "start": 1575690267261,
    "end": 1575690267261,
    "duration": 0,
    "pid": 5517,
    "index": 21
  },
  {
    "name": "Load extend/application.js",
    "start": 1575690267263,
    "end": 1575690267268,
    "duration": 5,
    "pid": 5517,
    "index": 22
  },
  {
    "name": "Require(19) node_modules/egg-session/app/extend/application.js",
    "start": 1575690267264,
    "end": 1575690267264,
    "duration": 0,
    "pid": 5517,
    "index": 23
  },
  {
    "name": "Require(20) node_modules/egg-security/app/extend/application.js",
    "start": 1575690267264,
    "end": 1575690267265,
    "duration": 1,
    "pid": 5517,
    "index": 24
  },
  {
    "name": "Require(21) node_modules/egg-jsonp/app/extend/application.js",
    "start": 1575690267265,
    "end": 1575690267265,
    "duration": 0,
    "pid": 5517,
    "index": 25
  },
  {
    "name": "Require(22) node_modules/egg-logrotator/app/extend/application.js",
    "start": 1575690267266,
    "end": 1575690267266,
    "duration": 0,
    "pid": 5517,
    "index": 26
  },
  {
    "name": "Require(23) node_modules/egg-view/app/extend/application.js",
    "start": 1575690267267,
    "end": 1575690267267,
    "duration": 0,
    "pid": 5517,
    "index": 27
  },
  {
    "name": "Load extend/request.js",
    "start": 1575690267268,
    "end": 1575690267269,
    "duration": 1,
    "pid": 5517,
    "index": 28
  },
  {
    "name": "Require(24) node_modules/egg/app/extend/request.js",
    "start": 1575690267268,
    "end": 1575690267269,
    "duration": 1,
    "pid": 5517,
    "index": 29
  },
  {
    "name": "Load extend/response.js",
    "start": 1575690267269,
    "end": 1575690267271,
    "duration": 2,
    "pid": 5517,
    "index": 30
  },
  {
    "name": "Require(25) node_modules/egg/app/extend/response.js",
    "start": 1575690267270,
    "end": 1575690267271,
    "duration": 1,
    "pid": 5517,
    "index": 31
  },
  {
    "name": "Load extend/context.js",
    "start": 1575690267271,
    "end": 1575690267362,
    "duration": 91,
    "pid": 5517,
    "index": 32
  },
  {
    "name": "Require(26) node_modules/egg-security/app/extend/context.js",
    "start": 1575690267271,
    "end": 1575690267278,
    "duration": 7,
    "pid": 5517,
    "index": 33
  },
  {
    "name": "Require(27) node_modules/egg-jsonp/app/extend/context.js",
    "start": 1575690267278,
    "end": 1575690267279,
    "duration": 1,
    "pid": 5517,
    "index": 34
  },
  {
    "name": "Require(28) node_modules/egg-i18n/app/extend/context.js",
    "start": 1575690267279,
    "end": 1575690267279,
    "duration": 0,
    "pid": 5517,
    "index": 35
  },
  {
    "name": "Require(29) node_modules/egg-multipart/app/extend/context.js",
    "start": 1575690267279,
    "end": 1575690267355,
    "duration": 76,
    "pid": 5517,
    "index": 36
  },
  {
    "name": "Require(30) node_modules/egg-view/app/extend/context.js",
    "start": 1575690267356,
    "end": 1575690267357,
    "duration": 1,
    "pid": 5517,
    "index": 37
  },
  {
    "name": "Require(31) node_modules/egg/app/extend/context.js",
    "start": 1575690267357,
    "end": 1575690267361,
    "duration": 4,
    "pid": 5517,
    "index": 38
  },
  {
    "name": "Load extend/helper.js",
    "start": 1575690267363,
    "end": 1575690267377,
    "duration": 14,
    "pid": 5517,
    "index": 39
  },
  {
    "name": "Require(32) node_modules/egg-security/app/extend/helper.js",
    "start": 1575690267363,
    "end": 1575690267376,
    "duration": 13,
    "pid": 5517,
    "index": 40
  },
  {
    "name": "Require(33) node_modules/egg/app/extend/helper.js",
    "start": 1575690267377,
    "end": 1575690267377,
    "duration": 0,
    "pid": 5517,
    "index": 41
  },
  {
    "name": "Load app.js",
    "start": 1575690267378,
    "end": 1575690267403,
    "duration": 25,
    "pid": 5517,
    "index": 42
  },
  {
    "name": "Require(34) node_modules/egg-session/app.js",
    "start": 1575690267378,
    "end": 1575690267378,
    "duration": 0,
    "pid": 5517,
    "index": 43
  },
  {
    "name": "Require(35) node_modules/egg-security/app.js",
    "start": 1575690267378,
    "end": 1575690267379,
    "duration": 1,
    "pid": 5517,
    "index": 44
  },
  {
    "name": "Require(36) node_modules/egg-onerror/app.js",
    "start": 1575690267379,
    "end": 1575690267387,
    "duration": 8,
    "pid": 5517,
    "index": 45
  },
  {
    "name": "Require(37) node_modules/egg-i18n/app.js",
    "start": 1575690267387,
    "end": 1575690267398,
    "duration": 11,
    "pid": 5517,
    "index": 46
  },
  {
    "name": "Require(38) node_modules/egg-watcher/app.js",
    "start": 1575690267398,
    "end": 1575690267399,
    "duration": 1,
    "pid": 5517,
    "index": 47
  },
  {
    "name": "Require(39) node_modules/egg-schedule/app.js",
    "start": 1575690267400,
    "end": 1575690267401,
    "duration": 1,
    "pid": 5517,
    "index": 48
  },
  {
    "name": "Require(40) node_modules/egg-multipart/app.js",
    "start": 1575690267401,
    "end": 1575690267402,
    "duration": 1,
    "pid": 5517,
    "index": 49
  },
  {
    "name": "Require(41) node_modules/egg-development/app.js",
    "start": 1575690267402,
    "end": 1575690267402,
    "duration": 0,
    "pid": 5517,
    "index": 50
  },
  {
    "name": "Require(42) node_modules/egg-logrotator/app.js",
    "start": 1575690267402,
    "end": 1575690267402,
    "duration": 0,
    "pid": 5517,
    "index": 51
  },
  {
    "name": "Require(43) node_modules/egg-static/app.js",
    "start": 1575690267402,
    "end": 1575690267402,
    "duration": 0,
    "pid": 5517,
    "index": 52
  },
  {
    "name": "Before Start in node_modules/egg-watcher/lib/init.js:15:14",
    "start": 1575690267416,
    "end": 1575690267549,
    "duration": 133,
    "pid": 5517,
    "index": 53
  },
  {
    "name": "Load Service",
    "start": 1575690267456,
    "end": 1575690267461,
    "duration": 5,
    "pid": 5517,
    "index": 54
  },
  {
    "name": "Load \"service\" to Context",
    "start": 1575690267456,
    "end": 1575690267461,
    "duration": 5,
    "pid": 5517,
    "index": 55
  },
  {
    "name": "Load Middleware",
    "start": 1575690267461,
    "end": 1575690267519,
    "duration": 58,
    "pid": 5517,
    "index": 56
  },
  {
    "name": "Load \"middlewares\" to Application",
    "start": 1575690267461,
    "end": 1575690267509,
    "duration": 48,
    "pid": 5517,
    "index": 57
  },
  {
    "name": "Load Controller",
    "start": 1575690267520,
    "end": 1575690267524,
    "duration": 4,
    "pid": 5517,
    "index": 58
  },
  {
    "name": "Load \"controller\" to Application",
    "start": 1575690267520,
    "end": 1575690267524,
    "duration": 4,
    "pid": 5517,
    "index": 59
  },
  {
    "name": "Load Router",
    "start": 1575690267524,
    "end": 1575690267527,
    "duration": 3,
    "pid": 5517,
    "index": 60
  },
  {
    "name": "Require(44) app/router.js",
    "start": 1575690267524,
    "end": 1575690267525,
    "duration": 1,
    "pid": 5517,
    "index": 61
  },
  {
    "name": "Before Start in node_modules/egg-core/lib/egg.js:303:10",
    "start": 1575690267525,
    "end": 1575690267535,
    "duration": 10,
    "pid": 5517,
    "index": 62
  }
]