[
  {
    "name": "Application Start",
    "start": 1575691458701,
    "end": 1575691459050,
    "duration": 349,
    "pid": 7495,
    "index": 0
  },
  {
    "name": "Load Plugin",
    "start": 1575691458706,
    "end": 1575691458712,
    "duration": 6,
    "pid": 7495,
    "index": 1
  },
  {
    "name": "Load Config",
    "start": 1575691458713,
    "end": 1575691458728,
    "duration": 15,
    "pid": 7495,
    "index": 2
  },
  {
    "name": "Require(0) config/config.default.js",
    "start": 1575691458713,
    "end": 1575691458713,
    "duration": 0,
    "pid": 7495,
    "index": 3
  },
  {
    "name": "Require(1) node_modules/egg-session/config/config.default.js",
    "start": 1575691458715,
    "end": 1575691458715,
    "duration": 0,
    "pid": 7495,
    "index": 4
  },
  {
    "name": "Require(2) node_modules/egg-security/config/config.default.js",
    "start": 1575691458715,
    "end": 1575691458716,
    "duration": 1,
    "pid": 7495,
    "index": 5
  },
  {
    "name": "Require(3) node_modules/egg-jsonp/config/config.default.js",
    "start": 1575691458716,
    "end": 1575691458716,
    "duration": 0,
    "pid": 7495,
    "index": 6
  },
  {
    "name": "Require(4) node_modules/egg-onerror/config/config.default.js",
    "start": 1575691458716,
    "end": 1575691458717,
    "duration": 1,
    "pid": 7495,
    "index": 7
  },
  {
    "name": "Require(5) node_modules/egg-i18n/config/config.default.js",
    "start": 1575691458717,
    "end": 1575691458717,
    "duration": 0,
    "pid": 7495,
    "index": 8
  },
  {
    "name": "Require(6) node_modules/egg-watcher/config/config.default.js",
    "start": 1575691458718,
    "end": 1575691458718,
    "duration": 0,
    "pid": 7495,
    "index": 9
  },
  {
    "name": "Require(7) node_modules/egg-schedule/config/config.default.js",
    "start": 1575691458718,
    "end": 1575691458718,
    "duration": 0,
    "pid": 7495,
    "index": 10
  },
  {
    "name": "Require(8) node_modules/egg-multipart/config/config.default.js",
    "start": 1575691458718,
    "end": 1575691458719,
    "duration": 1,
    "pid": 7495,
    "index": 11
  },
  {
    "name": "Require(9) node_modules/egg-development/config/config.default.js",
    "start": 1575691458719,
    "end": 1575691458719,
    "duration": 0,
    "pid": 7495,
    "index": 12
  },
  {
    "name": "Require(10) node_modules/egg-logrotator/config/config.default.js",
    "start": 1575691458719,
    "end": 1575691458720,
    "duration": 1,
    "pid": 7495,
    "index": 13
  },
  {
    "name": "Require(11) node_modules/egg-static/config/config.default.js",
    "start": 1575691458720,
    "end": 1575691458720,
    "duration": 0,
    "pid": 7495,
    "index": 14
  },
  {
    "name": "Require(12) node_modules/egg-view/config/config.default.js",
    "start": 1575691458720,
    "end": 1575691458721,
    "duration": 1,
    "pid": 7495,
    "index": 15
  },
  {
    "name": "Require(13) node_modules/egg/config/config.default.js",
    "start": 1575691458721,
    "end": 1575691458721,
    "duration": 0,
    "pid": 7495,
    "index": 16
  },
  {
    "name": "Require(14) config/config.default.js",
    "start": 1575691458722,
    "end": 1575691458722,
    "duration": 0,
    "pid": 7495,
    "index": 17
  },
  {
    "name": "Require(15) node_modules/egg-security/config/config.local.js",
    "start": 1575691458723,
    "end": 1575691458723,
    "duration": 0,
    "pid": 7495,
    "index": 18
  },
  {
    "name": "Require(16) node_modules/egg-watcher/config/config.local.js",
    "start": 1575691458723,
    "end": 1575691458723,
    "duration": 0,
    "pid": 7495,
    "index": 19
  },
  {
    "name": "Require(17) node_modules/egg-view/config/config.local.js",
    "start": 1575691458727,
    "end": 1575691458727,
    "duration": 0,
    "pid": 7495,
    "index": 20
  },
  {
    "name": "Require(18) node_modules/egg/config/config.local.js",
    "start": 1575691458727,
    "end": 1575691458727,
    "duration": 0,
    "pid": 7495,
    "index": 21
  },
  {
    "name": "Load extend/application.js",
    "start": 1575691458731,
    "end": 1575691458740,
    "duration": 9,
    "pid": 7495,
    "index": 22
  },
  {
    "name": "Require(19) node_modules/egg-session/app/extend/application.js",
    "start": 1575691458731,
    "end": 1575691458732,
    "duration": 1,
    "pid": 7495,
    "index": 23
  },
  {
    "name": "Require(20) node_modules/egg-security/app/extend/application.js",
    "start": 1575691458732,
    "end": 1575691458735,
    "duration": 3,
    "pid": 7495,
    "index": 24
  },
  {
    "name": "Require(21) node_modules/egg-jsonp/app/extend/application.js",
    "start": 1575691458735,
    "end": 1575691458737,
    "duration": 2,
    "pid": 7495,
    "index": 25
  },
  {
    "name": "Require(22) node_modules/egg-logrotator/app/extend/application.js",
    "start": 1575691458738,
    "end": 1575691458739,
    "duration": 1,
    "pid": 7495,
    "index": 26
  },
  {
    "name": "Require(23) node_modules/egg-view/app/extend/application.js",
    "start": 1575691458739,
    "end": 1575691458740,
    "duration": 1,
    "pid": 7495,
    "index": 27
  },
  {
    "name": "Load extend/request.js",
    "start": 1575691458740,
    "end": 1575691458742,
    "duration": 2,
    "pid": 7495,
    "index": 28
  },
  {
    "name": "Require(24) node_modules/egg/app/extend/request.js",
    "start": 1575691458741,
    "end": 1575691458741,
    "duration": 0,
    "pid": 7495,
    "index": 29
  },
  {
    "name": "Load extend/response.js",
    "start": 1575691458742,
    "end": 1575691458744,
    "duration": 2,
    "pid": 7495,
    "index": 30
  },
  {
    "name": "Require(25) node_modules/egg/app/extend/response.js",
    "start": 1575691458742,
    "end": 1575691458744,
    "duration": 2,
    "pid": 7495,
    "index": 31
  },
  {
    "name": "Load extend/context.js",
    "start": 1575691458744,
    "end": 1575691458816,
    "duration": 72,
    "pid": 7495,
    "index": 32
  },
  {
    "name": "Require(26) node_modules/egg-security/app/extend/context.js",
    "start": 1575691458744,
    "end": 1575691458750,
    "duration": 6,
    "pid": 7495,
    "index": 33
  },
  {
    "name": "Require(27) node_modules/egg-jsonp/app/extend/context.js",
    "start": 1575691458751,
    "end": 1575691458751,
    "duration": 0,
    "pid": 7495,
    "index": 34
  },
  {
    "name": "Require(28) node_modules/egg-i18n/app/extend/context.js",
    "start": 1575691458752,
    "end": 1575691458752,
    "duration": 0,
    "pid": 7495,
    "index": 35
  },
  {
    "name": "Require(29) node_modules/egg-multipart/app/extend/context.js",
    "start": 1575691458752,
    "end": 1575691458813,
    "duration": 61,
    "pid": 7495,
    "index": 36
  },
  {
    "name": "Require(30) node_modules/egg-view/app/extend/context.js",
    "start": 1575691458813,
    "end": 1575691458814,
    "duration": 1,
    "pid": 7495,
    "index": 37
  },
  {
    "name": "Require(31) node_modules/egg/app/extend/context.js",
    "start": 1575691458814,
    "end": 1575691458815,
    "duration": 1,
    "pid": 7495,
    "index": 38
  },
  {
    "name": "Load extend/helper.js",
    "start": 1575691458816,
    "end": 1575691458837,
    "duration": 21,
    "pid": 7495,
    "index": 39
  },
  {
    "name": "Require(32) node_modules/egg-security/app/extend/helper.js",
    "start": 1575691458816,
    "end": 1575691458836,
    "duration": 20,
    "pid": 7495,
    "index": 40
  },
  {
    "name": "Require(33) node_modules/egg/app/extend/helper.js",
    "start": 1575691458837,
    "end": 1575691458837,
    "duration": 0,
    "pid": 7495,
    "index": 41
  },
  {
    "name": "Load app.js",
    "start": 1575691458838,
    "end": 1575691458857,
    "duration": 19,
    "pid": 7495,
    "index": 42
  },
  {
    "name": "Require(34) node_modules/egg-session/app.js",
    "start": 1575691458838,
    "end": 1575691458838,
    "duration": 0,
    "pid": 7495,
    "index": 43
  },
  {
    "name": "Require(35) node_modules/egg-security/app.js",
    "start": 1575691458839,
    "end": 1575691458839,
    "duration": 0,
    "pid": 7495,
    "index": 44
  },
  {
    "name": "Require(36) node_modules/egg-onerror/app.js",
    "start": 1575691458840,
    "end": 1575691458844,
    "duration": 4,
    "pid": 7495,
    "index": 45
  },
  {
    "name": "Require(37) node_modules/egg-i18n/app.js",
    "start": 1575691458844,
    "end": 1575691458852,
    "duration": 8,
    "pid": 7495,
    "index": 46
  },
  {
    "name": "Require(38) node_modules/egg-watcher/app.js",
    "start": 1575691458852,
    "end": 1575691458854,
    "duration": 2,
    "pid": 7495,
    "index": 47
  },
  {
    "name": "Require(39) node_modules/egg-schedule/app.js",
    "start": 1575691458854,
    "end": 1575691458854,
    "duration": 0,
    "pid": 7495,
    "index": 48
  },
  {
    "name": "Require(40) node_modules/egg-multipart/app.js",
    "start": 1575691458855,
    "end": 1575691458856,
    "duration": 1,
    "pid": 7495,
    "index": 49
  },
  {
    "name": "Require(41) node_modules/egg-development/app.js",
    "start": 1575691458856,
    "end": 1575691458856,
    "duration": 0,
    "pid": 7495,
    "index": 50
  },
  {
    "name": "Require(42) node_modules/egg-logrotator/app.js",
    "start": 1575691458856,
    "end": 1575691458856,
    "duration": 0,
    "pid": 7495,
    "index": 51
  },
  {
    "name": "Require(43) node_modules/egg-static/app.js",
    "start": 1575691458856,
    "end": 1575691458856,
    "duration": 0,
    "pid": 7495,
    "index": 52
  },
  {
    "name": "Before Start in node_modules/egg-watcher/lib/init.js:15:14",
    "start": 1575691458876,
    "end": 1575691459049,
    "duration": 173,
    "pid": 7495,
    "index": 53
  },
  {
    "name": "Load Service",
    "start": 1575691458909,
    "end": 1575691458914,
    "duration": 5,
    "pid": 7495,
    "index": 54
  },
  {
    "name": "Load \"service\" to Context",
    "start": 1575691458910,
    "end": 1575691458914,
    "duration": 4,
    "pid": 7495,
    "index": 55
  },
  {
    "name": "Load Middleware",
    "start": 1575691458915,
    "end": 1575691459019,
    "duration": 104,
    "pid": 7495,
    "index": 56
  },
  {
    "name": "Load \"middlewares\" to Application",
    "start": 1575691458915,
    "end": 1575691459011,
    "duration": 96,
    "pid": 7495,
    "index": 57
  },
  {
    "name": "Load Controller",
    "start": 1575691459019,
    "end": 1575691459020,
    "duration": 1,
    "pid": 7495,
    "index": 58
  },
  {
    "name": "Load \"controller\" to Application",
    "start": 1575691459019,
    "end": 1575691459020,
    "duration": 1,
    "pid": 7495,
    "index": 59
  },
  {
    "name": "Load Router",
    "start": 1575691459020,
    "end": 1575691459025,
    "duration": 5,
    "pid": 7495,
    "index": 60
  },
  {
    "name": "Require(44) app/router.js",
    "start": 1575691459020,
    "end": 1575691459021,
    "duration": 1,
    "pid": 7495,
    "index": 61
  },
  {
    "name": "Before Start in node_modules/egg-core/lib/egg.js:303:10",
    "start": 1575691459021,
    "end": 1575691459038,
    "duration": 17,
    "pid": 7495,
    "index": 62
  }
]