[
  {
    "name": "Application Start",
    "start": 1575691374219,
    "end": 1575691374553,
    "duration": 334,
    "pid": 7340,
    "index": 0
  },
  {
    "name": "Load Plugin",
    "start": 1575691374224,
    "end": 1575691374242,
    "duration": 18,
    "pid": 7340,
    "index": 1
  },
  {
    "name": "Load Config",
    "start": 1575691374243,
    "end": 1575691374256,
    "duration": 13,
    "pid": 7340,
    "index": 2
  },
  {
    "name": "Require(0) config/config.default.js",
    "start": 1575691374243,
    "end": 1575691374244,
    "duration": 1,
    "pid": 7340,
    "index": 3
  },
  {
    "name": "Require(1) node_modules/egg-session/config/config.default.js",
    "start": 1575691374245,
    "end": 1575691374245,
    "duration": 0,
    "pid": 7340,
    "index": 4
  },
  {
    "name": "Require(2) node_modules/egg-security/config/config.default.js",
    "start": 1575691374245,
    "end": 1575691374246,
    "duration": 1,
    "pid": 7340,
    "index": 5
  },
  {
    "name": "Require(3) node_modules/egg-jsonp/config/config.default.js",
    "start": 1575691374246,
    "end": 1575691374247,
    "duration": 1,
    "pid": 7340,
    "index": 6
  },
  {
    "name": "Require(4) node_modules/egg-onerror/config/config.default.js",
    "start": 1575691374247,
    "end": 1575691374247,
    "duration": 0,
    "pid": 7340,
    "index": 7
  },
  {
    "name": "Require(5) node_modules/egg-i18n/config/config.default.js",
    "start": 1575691374247,
    "end": 1575691374248,
    "duration": 1,
    "pid": 7340,
    "index": 8
  },
  {
    "name": "Require(6) node_modules/egg-watcher/config/config.default.js",
    "start": 1575691374248,
    "end": 1575691374249,
    "duration": 1,
    "pid": 7340,
    "index": 9
  },
  {
    "name": "Require(7) node_modules/egg-schedule/config/config.default.js",
    "start": 1575691374249,
    "end": 1575691374249,
    "duration": 0,
    "pid": 7340,
    "index": 10
  },
  {
    "name": "Require(8) node_modules/egg-multipart/config/config.default.js",
    "start": 1575691374249,
    "end": 1575691374250,
    "duration": 1,
    "pid": 7340,
    "index": 11
  },
  {
    "name": "Require(9) node_modules/egg-development/config/config.default.js",
    "start": 1575691374250,
    "end": 1575691374250,
    "duration": 0,
    "pid": 7340,
    "index": 12
  },
  {
    "name": "Require(10) node_modules/egg-logrotator/config/config.default.js",
    "start": 1575691374250,
    "end": 1575691374251,
    "duration": 1,
    "pid": 7340,
    "index": 13
  },
  {
    "name": "Require(11) node_modules/egg-static/config/config.default.js",
    "start": 1575691374251,
    "end": 1575691374251,
    "duration": 0,
    "pid": 7340,
    "index": 14
  },
  {
    "name": "Require(12) node_modules/egg-view/config/config.default.js",
    "start": 1575691374251,
    "end": 1575691374252,
    "duration": 1,
    "pid": 7340,
    "index": 15
  },
  {
    "name": "Require(13) node_modules/egg/config/config.default.js",
    "start": 1575691374252,
    "end": 1575691374252,
    "duration": 0,
    "pid": 7340,
    "index": 16
  },
  {
    "name": "Require(14) config/config.default.js",
    "start": 1575691374254,
    "end": 1575691374254,
    "duration": 0,
    "pid": 7340,
    "index": 17
  },
  {
    "name": "Require(15) node_modules/egg-security/config/config.local.js",
    "start": 1575691374254,
    "end": 1575691374254,
    "duration": 0,
    "pid": 7340,
    "index": 18
  },
  {
    "name": "Require(16) node_modules/egg-watcher/config/config.local.js",
    "start": 1575691374254,
    "end": 1575691374255,
    "duration": 1,
    "pid": 7340,
    "index": 19
  },
  {
    "name": "Require(17) node_modules/egg-view/config/config.local.js",
    "start": 1575691374255,
    "end": 1575691374255,
    "duration": 0,
    "pid": 7340,
    "index": 20
  },
  {
    "name": "Require(18) node_modules/egg/config/config.local.js",
    "start": 1575691374255,
    "end": 1575691374255,
    "duration": 0,
    "pid": 7340,
    "index": 21
  },
  {
    "name": "Load extend/application.js",
    "start": 1575691374260,
    "end": 1575691374269,
    "duration": 9,
    "pid": 7340,
    "index": 22
  },
  {
    "name": "Require(19) node_modules/egg-session/app/extend/application.js",
    "start": 1575691374260,
    "end": 1575691374261,
    "duration": 1,
    "pid": 7340,
    "index": 23
  },
  {
    "name": "Require(20) node_modules/egg-security/app/extend/application.js",
    "start": 1575691374261,
    "end": 1575691374262,
    "duration": 1,
    "pid": 7340,
    "index": 24
  },
  {
    "name": "Require(21) node_modules/egg-jsonp/app/extend/application.js",
    "start": 1575691374262,
    "end": 1575691374264,
    "duration": 2,
    "pid": 7340,
    "index": 25
  },
  {
    "name": "Require(22) node_modules/egg-logrotator/app/extend/application.js",
    "start": 1575691374264,
    "end": 1575691374267,
    "duration": 3,
    "pid": 7340,
    "index": 26
  },
  {
    "name": "Require(23) node_modules/egg-view/app/extend/application.js",
    "start": 1575691374268,
    "end": 1575691374269,
    "duration": 1,
    "pid": 7340,
    "index": 27
  },
  {
    "name": "Load extend/request.js",
    "start": 1575691374269,
    "end": 1575691374271,
    "duration": 2,
    "pid": 7340,
    "index": 28
  },
  {
    "name": "Require(24) node_modules/egg/app/extend/request.js",
    "start": 1575691374270,
    "end": 1575691374271,
    "duration": 1,
    "pid": 7340,
    "index": 29
  },
  {
    "name": "Load extend/response.js",
    "start": 1575691374271,
    "end": 1575691374273,
    "duration": 2,
    "pid": 7340,
    "index": 30
  },
  {
    "name": "Require(25) node_modules/egg/app/extend/response.js",
    "start": 1575691374272,
    "end": 1575691374273,
    "duration": 1,
    "pid": 7340,
    "index": 31
  },
  {
    "name": "Load extend/context.js",
    "start": 1575691374273,
    "end": 1575691374338,
    "duration": 65,
    "pid": 7340,
    "index": 32
  },
  {
    "name": "Require(26) node_modules/egg-security/app/extend/context.js",
    "start": 1575691374273,
    "end": 1575691374280,
    "duration": 7,
    "pid": 7340,
    "index": 33
  },
  {
    "name": "Require(27) node_modules/egg-jsonp/app/extend/context.js",
    "start": 1575691374280,
    "end": 1575691374281,
    "duration": 1,
    "pid": 7340,
    "index": 34
  },
  {
    "name": "Require(28) node_modules/egg-i18n/app/extend/context.js",
    "start": 1575691374281,
    "end": 1575691374281,
    "duration": 0,
    "pid": 7340,
    "index": 35
  },
  {
    "name": "Require(29) node_modules/egg-multipart/app/extend/context.js",
    "start": 1575691374281,
    "end": 1575691374335,
    "duration": 54,
    "pid": 7340,
    "index": 36
  },
  {
    "name": "Require(30) node_modules/egg-view/app/extend/context.js",
    "start": 1575691374336,
    "end": 1575691374337,
    "duration": 1,
    "pid": 7340,
    "index": 37
  },
  {
    "name": "Require(31) node_modules/egg/app/extend/context.js",
    "start": 1575691374337,
    "end": 1575691374337,
    "duration": 0,
    "pid": 7340,
    "index": 38
  },
  {
    "name": "Load extend/helper.js",
    "start": 1575691374338,
    "end": 1575691374354,
    "duration": 16,
    "pid": 7340,
    "index": 39
  },
  {
    "name": "Require(32) node_modules/egg-security/app/extend/helper.js",
    "start": 1575691374338,
    "end": 1575691374353,
    "duration": 15,
    "pid": 7340,
    "index": 40
  },
  {
    "name": "Require(33) node_modules/egg/app/extend/helper.js",
    "start": 1575691374353,
    "end": 1575691374353,
    "duration": 0,
    "pid": 7340,
    "index": 41
  },
  {
    "name": "Load app.js",
    "start": 1575691374354,
    "end": 1575691374396,
    "duration": 42,
    "pid": 7340,
    "index": 42
  },
  {
    "name": "Require(34) node_modules/egg-session/app.js",
    "start": 1575691374354,
    "end": 1575691374354,
    "duration": 0,
    "pid": 7340,
    "index": 43
  },
  {
    "name": "Require(35) node_modules/egg-security/app.js",
    "start": 1575691374355,
    "end": 1575691374355,
    "duration": 0,
    "pid": 7340,
    "index": 44
  },
  {
    "name": "Require(36) node_modules/egg-onerror/app.js",
    "start": 1575691374355,
    "end": 1575691374372,
    "duration": 17,
    "pid": 7340,
    "index": 45
  },
  {
    "name": "Require(37) node_modules/egg-i18n/app.js",
    "start": 1575691374372,
    "end": 1575691374383,
    "duration": 11,
    "pid": 7340,
    "index": 46
  },
  {
    "name": "Require(38) node_modules/egg-watcher/app.js",
    "start": 1575691374383,
    "end": 1575691374385,
    "duration": 2,
    "pid": 7340,
    "index": 47
  },
  {
    "name": "Require(39) node_modules/egg-schedule/app.js",
    "start": 1575691374385,
    "end": 1575691374386,
    "duration": 1,
    "pid": 7340,
    "index": 48
  },
  {
    "name": "Require(40) node_modules/egg-multipart/app.js",
    "start": 1575691374386,
    "end": 1575691374388,
    "duration": 2,
    "pid": 7340,
    "index": 49
  },
  {
    "name": "Require(41) node_modules/egg-development/app.js",
    "start": 1575691374390,
    "end": 1575691374391,
    "duration": 1,
    "pid": 7340,
    "index": 50
  },
  {
    "name": "Require(42) node_modules/egg-logrotator/app.js",
    "start": 1575691374391,
    "end": 1575691374394,
    "duration": 3,
    "pid": 7340,
    "index": 51
  },
  {
    "name": "Require(43) node_modules/egg-static/app.js",
    "start": 1575691374395,
    "end": 1575691374395,
    "duration": 0,
    "pid": 7340,
    "index": 52
  },
  {
    "name": "Before Start in node_modules/egg-watcher/lib/init.js:15:14",
    "start": 1575691374413,
    "end": 1575691374553,
    "duration": 140,
    "pid": 7340,
    "index": 53
  },
  {
    "name": "Load Service",
    "start": 1575691374451,
    "end": 1575691374454,
    "duration": 3,
    "pid": 7340,
    "index": 54
  },
  {
    "name": "Load \"service\" to Context",
    "start": 1575691374451,
    "end": 1575691374454,
    "duration": 3,
    "pid": 7340,
    "index": 55
  },
  {
    "name": "Load Middleware",
    "start": 1575691374454,
    "end": 1575691374522,
    "duration": 68,
    "pid": 7340,
    "index": 56
  },
  {
    "name": "Load \"middlewares\" to Application",
    "start": 1575691374455,
    "end": 1575691374516,
    "duration": 61,
    "pid": 7340,
    "index": 57
  },
  {
    "name": "Load Controller",
    "start": 1575691374522,
    "end": 1575691374527,
    "duration": 5,
    "pid": 7340,
    "index": 58
  },
  {
    "name": "Load \"controller\" to Application",
    "start": 1575691374522,
    "end": 1575691374527,
    "duration": 5,
    "pid": 7340,
    "index": 59
  },
  {
    "name": "Load Router",
    "start": 1575691374527,
    "end": 1575691374531,
    "duration": 4,
    "pid": 7340,
    "index": 60
  },
  {
    "name": "Require(44) app/router.js",
    "start": 1575691374527,
    "end": 1575691374528,
    "duration": 1,
    "pid": 7340,
    "index": 61
  },
  {
    "name": "Before Start in node_modules/egg-core/lib/egg.js:303:10",
    "start": 1575691374529,
    "end": 1575691374542,
    "duration": 13,
    "pid": 7340,
    "index": 62
  }
]