[
  {
    "name": "Application Start",
    "start": 1575690595544,
    "end": 1575690595839,
    "duration": 295,
    "pid": 6093,
    "index": 0
  },
  {
    "name": "Load Plugin",
    "start": 1575690595548,
    "end": 1575690595558,
    "duration": 10,
    "pid": 6093,
    "index": 1
  },
  {
    "name": "Load Config",
    "start": 1575690595558,
    "end": 1575690595576,
    "duration": 18,
    "pid": 6093,
    "index": 2
  },
  {
    "name": "Require(0) config/config.default.js",
    "start": 1575690595560,
    "end": 1575690595561,
    "duration": 1,
    "pid": 6093,
    "index": 3
  },
  {
    "name": "Require(1) node_modules/egg-session/config/config.default.js",
    "start": 1575690595564,
    "end": 1575690595565,
    "duration": 1,
    "pid": 6093,
    "index": 4
  },
  {
    "name": "Require(2) node_modules/egg-security/config/config.default.js",
    "start": 1575690595565,
    "end": 1575690595565,
    "duration": 0,
    "pid": 6093,
    "index": 5
  },
  {
    "name": "Require(3) node_modules/egg-jsonp/config/config.default.js",
    "start": 1575690595566,
    "end": 1575690595567,
    "duration": 1,
    "pid": 6093,
    "index": 6
  },
  {
    "name": "Require(4) node_modules/egg-onerror/config/config.default.js",
    "start": 1575690595567,
    "end": 1575690595567,
    "duration": 0,
    "pid": 6093,
    "index": 7
  },
  {
    "name": "Require(5) node_modules/egg-i18n/config/config.default.js",
    "start": 1575690595567,
    "end": 1575690595568,
    "duration": 1,
    "pid": 6093,
    "index": 8
  },
  {
    "name": "Require(6) node_modules/egg-watcher/config/config.default.js",
    "start": 1575690595569,
    "end": 1575690595570,
    "duration": 1,
    "pid": 6093,
    "index": 9
  },
  {
    "name": "Require(7) node_modules/egg-schedule/config/config.default.js",
    "start": 1575690595570,
    "end": 1575690595570,
    "duration": 0,
    "pid": 6093,
    "index": 10
  },
  {
    "name": "Require(8) node_modules/egg-multipart/config/config.default.js",
    "start": 1575690595570,
    "end": 1575690595571,
    "duration": 1,
    "pid": 6093,
    "index": 11
  },
  {
    "name": "Require(9) node_modules/egg-development/config/config.default.js",
    "start": 1575690595571,
    "end": 1575690595571,
    "duration": 0,
    "pid": 6093,
    "index": 12
  },
  {
    "name": "Require(10) node_modules/egg-logrotator/config/config.default.js",
    "start": 1575690595571,
    "end": 1575690595571,
    "duration": 0,
    "pid": 6093,
    "index": 13
  },
  {
    "name": "Require(11) node_modules/egg-static/config/config.default.js",
    "start": 1575690595572,
    "end": 1575690595572,
    "duration": 0,
    "pid": 6093,
    "index": 14
  },
  {
    "name": "Require(12) node_modules/egg-view/config/config.default.js",
    "start": 1575690595572,
    "end": 1575690595572,
    "duration": 0,
    "pid": 6093,
    "index": 15
  },
  {
    "name": "Require(13) node_modules/egg/config/config.default.js",
    "start": 1575690595572,
    "end": 1575690595573,
    "duration": 1,
    "pid": 6093,
    "index": 16
  },
  {
    "name": "Require(14) config/config.default.js",
    "start": 1575690595574,
    "end": 1575690595574,
    "duration": 0,
    "pid": 6093,
    "index": 17
  },
  {
    "name": "Require(15) node_modules/egg-security/config/config.local.js",
    "start": 1575690595575,
    "end": 1575690595575,
    "duration": 0,
    "pid": 6093,
    "index": 18
  },
  {
    "name": "Require(16) node_modules/egg-watcher/config/config.local.js",
    "start": 1575690595575,
    "end": 1575690595575,
    "duration": 0,
    "pid": 6093,
    "index": 19
  },
  {
    "name": "Require(17) node_modules/egg-view/config/config.local.js",
    "start": 1575690595576,
    "end": 1575690595576,
    "duration": 0,
    "pid": 6093,
    "index": 20
  },
  {
    "name": "Require(18) node_modules/egg/config/config.local.js",
    "start": 1575690595576,
    "end": 1575690595576,
    "duration": 0,
    "pid": 6093,
    "index": 21
  },
  {
    "name": "Load extend/application.js",
    "start": 1575690595578,
    "end": 1575690595585,
    "duration": 7,
    "pid": 6093,
    "index": 22
  },
  {
    "name": "Require(19) node_modules/egg-session/app/extend/application.js",
    "start": 1575690595578,
    "end": 1575690595579,
    "duration": 1,
    "pid": 6093,
    "index": 23
  },
  {
    "name": "Require(20) node_modules/egg-security/app/extend/application.js",
    "start": 1575690595579,
    "end": 1575690595579,
    "duration": 0,
    "pid": 6093,
    "index": 24
  },
  {
    "name": "Require(21) node_modules/egg-jsonp/app/extend/application.js",
    "start": 1575690595580,
    "end": 1575690595580,
    "duration": 0,
    "pid": 6093,
    "index": 25
  },
  {
    "name": "Require(22) node_modules/egg-logrotator/app/extend/application.js",
    "start": 1575690595581,
    "end": 1575690595581,
    "duration": 0,
    "pid": 6093,
    "index": 26
  },
  {
    "name": "Require(23) node_modules/egg-view/app/extend/application.js",
    "start": 1575690595581,
    "end": 1575690595583,
    "duration": 2,
    "pid": 6093,
    "index": 27
  },
  {
    "name": "Load extend/request.js",
    "start": 1575690595585,
    "end": 1575690595587,
    "duration": 2,
    "pid": 6093,
    "index": 28
  },
  {
    "name": "Require(24) node_modules/egg/app/extend/request.js",
    "start": 1575690595586,
    "end": 1575690595587,
    "duration": 1,
    "pid": 6093,
    "index": 29
  },
  {
    "name": "Load extend/response.js",
    "start": 1575690595587,
    "end": 1575690595590,
    "duration": 3,
    "pid": 6093,
    "index": 30
  },
  {
    "name": "Require(25) node_modules/egg/app/extend/response.js",
    "start": 1575690595588,
    "end": 1575690595589,
    "duration": 1,
    "pid": 6093,
    "index": 31
  },
  {
    "name": "Load extend/context.js",
    "start": 1575690595590,
    "end": 1575690595652,
    "duration": 62,
    "pid": 6093,
    "index": 32
  },
  {
    "name": "Require(26) node_modules/egg-security/app/extend/context.js",
    "start": 1575690595590,
    "end": 1575690595599,
    "duration": 9,
    "pid": 6093,
    "index": 33
  },
  {
    "name": "Require(27) node_modules/egg-jsonp/app/extend/context.js",
    "start": 1575690595599,
    "end": 1575690595600,
    "duration": 1,
    "pid": 6093,
    "index": 34
  },
  {
    "name": "Require(28) node_modules/egg-i18n/app/extend/context.js",
    "start": 1575690595600,
    "end": 1575690595600,
    "duration": 0,
    "pid": 6093,
    "index": 35
  },
  {
    "name": "Require(29) node_modules/egg-multipart/app/extend/context.js",
    "start": 1575690595600,
    "end": 1575690595646,
    "duration": 46,
    "pid": 6093,
    "index": 36
  },
  {
    "name": "Require(30) node_modules/egg-view/app/extend/context.js",
    "start": 1575690595647,
    "end": 1575690595648,
    "duration": 1,
    "pid": 6093,
    "index": 37
  },
  {
    "name": "Require(31) node_modules/egg/app/extend/context.js",
    "start": 1575690595648,
    "end": 1575690595651,
    "duration": 3,
    "pid": 6093,
    "index": 38
  },
  {
    "name": "Load extend/helper.js",
    "start": 1575690595652,
    "end": 1575690595671,
    "duration": 19,
    "pid": 6093,
    "index": 39
  },
  {
    "name": "Require(32) node_modules/egg-security/app/extend/helper.js",
    "start": 1575690595653,
    "end": 1575690595670,
    "duration": 17,
    "pid": 6093,
    "index": 40
  },
  {
    "name": "Require(33) node_modules/egg/app/extend/helper.js",
    "start": 1575690595670,
    "end": 1575690595670,
    "duration": 0,
    "pid": 6093,
    "index": 41
  },
  {
    "name": "Load app.js",
    "start": 1575690595671,
    "end": 1575690595703,
    "duration": 32,
    "pid": 6093,
    "index": 42
  },
  {
    "name": "Require(34) node_modules/egg-session/app.js",
    "start": 1575690595671,
    "end": 1575690595671,
    "duration": 0,
    "pid": 6093,
    "index": 43
  },
  {
    "name": "Require(35) node_modules/egg-security/app.js",
    "start": 1575690595672,
    "end": 1575690595672,
    "duration": 0,
    "pid": 6093,
    "index": 44
  },
  {
    "name": "Require(36) node_modules/egg-onerror/app.js",
    "start": 1575690595672,
    "end": 1575690595678,
    "duration": 6,
    "pid": 6093,
    "index": 45
  },
  {
    "name": "Require(37) node_modules/egg-i18n/app.js",
    "start": 1575690595678,
    "end": 1575690595694,
    "duration": 16,
    "pid": 6093,
    "index": 46
  },
  {
    "name": "Require(38) node_modules/egg-watcher/app.js",
    "start": 1575690595695,
    "end": 1575690595698,
    "duration": 3,
    "pid": 6093,
    "index": 47
  },
  {
    "name": "Require(39) node_modules/egg-schedule/app.js",
    "start": 1575690595698,
    "end": 1575690595699,
    "duration": 1,
    "pid": 6093,
    "index": 48
  },
  {
    "name": "Require(40) node_modules/egg-multipart/app.js",
    "start": 1575690595700,
    "end": 1575690595701,
    "duration": 1,
    "pid": 6093,
    "index": 49
  },
  {
    "name": "Require(41) node_modules/egg-development/app.js",
    "start": 1575690595702,
    "end": 1575690595702,
    "duration": 0,
    "pid": 6093,
    "index": 50
  },
  {
    "name": "Require(42) node_modules/egg-logrotator/app.js",
    "start": 1575690595702,
    "end": 1575690595702,
    "duration": 0,
    "pid": 6093,
    "index": 51
  },
  {
    "name": "Require(43) node_modules/egg-static/app.js",
    "start": 1575690595702,
    "end": 1575690595703,
    "duration": 1,
    "pid": 6093,
    "index": 52
  },
  {
    "name": "Before Start in node_modules/egg-watcher/lib/init.js:15:14",
    "start": 1575690595719,
    "end": 1575690595838,
    "duration": 119,
    "pid": 6093,
    "index": 53
  },
  {
    "name": "Load Service",
    "start": 1575690595748,
    "end": 1575690595753,
    "duration": 5,
    "pid": 6093,
    "index": 54
  },
  {
    "name": "Load \"service\" to Context",
    "start": 1575690595748,
    "end": 1575690595753,
    "duration": 5,
    "pid": 6093,
    "index": 55
  },
  {
    "name": "Load Middleware",
    "start": 1575690595754,
    "end": 1575690595806,
    "duration": 52,
    "pid": 6093,
    "index": 56
  },
  {
    "name": "Load \"middlewares\" to Application",
    "start": 1575690595754,
    "end": 1575690595800,
    "duration": 46,
    "pid": 6093,
    "index": 57
  },
  {
    "name": "Load Controller",
    "start": 1575690595806,
    "end": 1575690595808,
    "duration": 2,
    "pid": 6093,
    "index": 58
  },
  {
    "name": "Load \"controller\" to Application",
    "start": 1575690595806,
    "end": 1575690595808,
    "duration": 2,
    "pid": 6093,
    "index": 59
  },
  {
    "name": "Load Router",
    "start": 1575690595808,
    "end": 1575690595810,
    "duration": 2,
    "pid": 6093,
    "index": 60
  },
  {
    "name": "Require(44) app/router.js",
    "start": 1575690595808,
    "end": 1575690595808,
    "duration": 0,
    "pid": 6093,
    "index": 61
  },
  {
    "name": "Before Start in node_modules/egg-core/lib/egg.js:303:10",
    "start": 1575690595808,
    "end": 1575690595818,
    "duration": 10,
    "pid": 6093,
    "index": 62
  }
]