[
  {
    "name": "Application Start",
    "start": 1575690341510,
    "end": 1575690342084,
    "duration": 574,
    "pid": 5634,
    "index": 0
  },
  {
    "name": "Load Plugin",
    "start": 1575690341512,
    "end": 1575690341522,
    "duration": 10,
    "pid": 5634,
    "index": 1
  },
  {
    "name": "Load Config",
    "start": 1575690341522,
    "end": 1575690341539,
    "duration": 17,
    "pid": 5634,
    "index": 2
  },
  {
    "name": "Require(0) config/config.default.js",
    "start": 1575690341523,
    "end": 1575690341524,
    "duration": 1,
    "pid": 5634,
    "index": 3
  },
  {
    "name": "Require(1) node_modules/egg-session/config/config.default.js",
    "start": 1575690341527,
    "end": 1575690341528,
    "duration": 1,
    "pid": 5634,
    "index": 4
  },
  {
    "name": "Require(2) node_modules/egg-security/config/config.default.js",
    "start": 1575690341529,
    "end": 1575690341529,
    "duration": 0,
    "pid": 5634,
    "index": 5
  },
  {
    "name": "Require(3) node_modules/egg-jsonp/config/config.default.js",
    "start": 1575690341530,
    "end": 1575690341530,
    "duration": 0,
    "pid": 5634,
    "index": 6
  },
  {
    "name": "Require(4) node_modules/egg-onerror/config/config.default.js",
    "start": 1575690341530,
    "end": 1575690341531,
    "duration": 1,
    "pid": 5634,
    "index": 7
  },
  {
    "name": "Require(5) node_modules/egg-i18n/config/config.default.js",
    "start": 1575690341531,
    "end": 1575690341531,
    "duration": 0,
    "pid": 5634,
    "index": 8
  },
  {
    "name": "Require(6) node_modules/egg-watcher/config/config.default.js",
    "start": 1575690341532,
    "end": 1575690341532,
    "duration": 0,
    "pid": 5634,
    "index": 9
  },
  {
    "name": "Require(7) node_modules/egg-schedule/config/config.default.js",
    "start": 1575690341532,
    "end": 1575690341532,
    "duration": 0,
    "pid": 5634,
    "index": 10
  },
  {
    "name": "Require(8) node_modules/egg-multipart/config/config.default.js",
    "start": 1575690341533,
    "end": 1575690341533,
    "duration": 0,
    "pid": 5634,
    "index": 11
  },
  {
    "name": "Require(9) node_modules/egg-development/config/config.default.js",
    "start": 1575690341533,
    "end": 1575690341534,
    "duration": 1,
    "pid": 5634,
    "index": 12
  },
  {
    "name": "Require(10) node_modules/egg-logrotator/config/config.default.js",
    "start": 1575690341534,
    "end": 1575690341534,
    "duration": 0,
    "pid": 5634,
    "index": 13
  },
  {
    "name": "Require(11) node_modules/egg-static/config/config.default.js",
    "start": 1575690341534,
    "end": 1575690341535,
    "duration": 1,
    "pid": 5634,
    "index": 14
  },
  {
    "name": "Require(12) node_modules/egg-view/config/config.default.js",
    "start": 1575690341535,
    "end": 1575690341535,
    "duration": 0,
    "pid": 5634,
    "index": 15
  },
  {
    "name": "Require(13) node_modules/egg/config/config.default.js",
    "start": 1575690341535,
    "end": 1575690341536,
    "duration": 1,
    "pid": 5634,
    "index": 16
  },
  {
    "name": "Require(14) config/config.default.js",
    "start": 1575690341537,
    "end": 1575690341537,
    "duration": 0,
    "pid": 5634,
    "index": 17
  },
  {
    "name": "Require(15) node_modules/egg-security/config/config.local.js",
    "start": 1575690341537,
    "end": 1575690341537,
    "duration": 0,
    "pid": 5634,
    "index": 18
  },
  {
    "name": "Require(16) node_modules/egg-watcher/config/config.local.js",
    "start": 1575690341538,
    "end": 1575690341538,
    "duration": 0,
    "pid": 5634,
    "index": 19
  },
  {
    "name": "Require(17) node_modules/egg-view/config/config.local.js",
    "start": 1575690341538,
    "end": 1575690341538,
    "duration": 0,
    "pid": 5634,
    "index": 20
  },
  {
    "name": "Require(18) node_modules/egg/config/config.local.js",
    "start": 1575690341538,
    "end": 1575690341539,
    "duration": 1,
    "pid": 5634,
    "index": 21
  },
  {
    "name": "Load extend/application.js",
    "start": 1575690341540,
    "end": 1575690341545,
    "duration": 5,
    "pid": 5634,
    "index": 22
  },
  {
    "name": "Require(19) node_modules/egg-session/app/extend/application.js",
    "start": 1575690341541,
    "end": 1575690341542,
    "duration": 1,
    "pid": 5634,
    "index": 23
  },
  {
    "name": "Require(20) node_modules/egg-security/app/extend/application.js",
    "start": 1575690341542,
    "end": 1575690341542,
    "duration": 0,
    "pid": 5634,
    "index": 24
  },
  {
    "name": "Require(21) node_modules/egg-jsonp/app/extend/application.js",
    "start": 1575690341542,
    "end": 1575690341543,
    "duration": 1,
    "pid": 5634,
    "index": 25
  },
  {
    "name": "Require(22) node_modules/egg-logrotator/app/extend/application.js",
    "start": 1575690341543,
    "end": 1575690341544,
    "duration": 1,
    "pid": 5634,
    "index": 26
  },
  {
    "name": "Require(23) node_modules/egg-view/app/extend/application.js",
    "start": 1575690341544,
    "end": 1575690341545,
    "duration": 1,
    "pid": 5634,
    "index": 27
  },
  {
    "name": "Load extend/request.js",
    "start": 1575690341545,
    "end": 1575690341549,
    "duration": 4,
    "pid": 5634,
    "index": 28
  },
  {
    "name": "Require(24) node_modules/egg/app/extend/request.js",
    "start": 1575690341546,
    "end": 1575690341549,
    "duration": 3,
    "pid": 5634,
    "index": 29
  },
  {
    "name": "Load extend/response.js",
    "start": 1575690341549,
    "end": 1575690341553,
    "duration": 4,
    "pid": 5634,
    "index": 30
  },
  {
    "name": "Require(25) node_modules/egg/app/extend/response.js",
    "start": 1575690341550,
    "end": 1575690341552,
    "duration": 2,
    "pid": 5634,
    "index": 31
  },
  {
    "name": "Load extend/context.js",
    "start": 1575690341553,
    "end": 1575690341613,
    "duration": 60,
    "pid": 5634,
    "index": 32
  },
  {
    "name": "Require(26) node_modules/egg-security/app/extend/context.js",
    "start": 1575690341553,
    "end": 1575690341562,
    "duration": 9,
    "pid": 5634,
    "index": 33
  },
  {
    "name": "Require(27) node_modules/egg-jsonp/app/extend/context.js",
    "start": 1575690341563,
    "end": 1575690341563,
    "duration": 0,
    "pid": 5634,
    "index": 34
  },
  {
    "name": "Require(28) node_modules/egg-i18n/app/extend/context.js",
    "start": 1575690341563,
    "end": 1575690341564,
    "duration": 1,
    "pid": 5634,
    "index": 35
  },
  {
    "name": "Require(29) node_modules/egg-multipart/app/extend/context.js",
    "start": 1575690341564,
    "end": 1575690341611,
    "duration": 47,
    "pid": 5634,
    "index": 36
  },
  {
    "name": "Require(30) node_modules/egg-view/app/extend/context.js",
    "start": 1575690341611,
    "end": 1575690341612,
    "duration": 1,
    "pid": 5634,
    "index": 37
  },
  {
    "name": "Require(31) node_modules/egg/app/extend/context.js",
    "start": 1575690341612,
    "end": 1575690341613,
    "duration": 1,
    "pid": 5634,
    "index": 38
  },
  {
    "name": "Load extend/helper.js",
    "start": 1575690341614,
    "end": 1575690341638,
    "duration": 24,
    "pid": 5634,
    "index": 39
  },
  {
    "name": "Require(32) node_modules/egg-security/app/extend/helper.js",
    "start": 1575690341614,
    "end": 1575690341637,
    "duration": 23,
    "pid": 5634,
    "index": 40
  },
  {
    "name": "Require(33) node_modules/egg/app/extend/helper.js",
    "start": 1575690341637,
    "end": 1575690341638,
    "duration": 1,
    "pid": 5634,
    "index": 41
  },
  {
    "name": "Load app.js",
    "start": 1575690341639,
    "end": 1575690341665,
    "duration": 26,
    "pid": 5634,
    "index": 42
  },
  {
    "name": "Require(34) node_modules/egg-session/app.js",
    "start": 1575690341639,
    "end": 1575690341639,
    "duration": 0,
    "pid": 5634,
    "index": 43
  },
  {
    "name": "Require(35) node_modules/egg-security/app.js",
    "start": 1575690341639,
    "end": 1575690341640,
    "duration": 1,
    "pid": 5634,
    "index": 44
  },
  {
    "name": "Require(36) node_modules/egg-onerror/app.js",
    "start": 1575690341640,
    "end": 1575690341644,
    "duration": 4,
    "pid": 5634,
    "index": 45
  },
  {
    "name": "Require(37) node_modules/egg-i18n/app.js",
    "start": 1575690341645,
    "end": 1575690341658,
    "duration": 13,
    "pid": 5634,
    "index": 46
  },
  {
    "name": "Require(38) node_modules/egg-watcher/app.js",
    "start": 1575690341659,
    "end": 1575690341661,
    "duration": 2,
    "pid": 5634,
    "index": 47
  },
  {
    "name": "Require(39) node_modules/egg-schedule/app.js",
    "start": 1575690341661,
    "end": 1575690341663,
    "duration": 2,
    "pid": 5634,
    "index": 48
  },
  {
    "name": "Require(40) node_modules/egg-multipart/app.js",
    "start": 1575690341663,
    "end": 1575690341664,
    "duration": 1,
    "pid": 5634,
    "index": 49
  },
  {
    "name": "Require(41) node_modules/egg-development/app.js",
    "start": 1575690341664,
    "end": 1575690341664,
    "duration": 0,
    "pid": 5634,
    "index": 50
  },
  {
    "name": "Require(42) node_modules/egg-logrotator/app.js",
    "start": 1575690341664,
    "end": 1575690341665,
    "duration": 1,
    "pid": 5634,
    "index": 51
  },
  {
    "name": "Require(43) node_modules/egg-static/app.js",
    "start": 1575690341665,
    "end": 1575690341665,
    "duration": 0,
    "pid": 5634,
    "index": 52
  },
  {
    "name": "Before Start in node_modules/egg-watcher/lib/init.js:15:14",
    "start": 1575690341677,
    "end": 1575690342081,
    "duration": 404,
    "pid": 5634,
    "index": 53
  },
  {
    "name": "Load Service",
    "start": 1575690341712,
    "end": 1575690341718,
    "duration": 6,
    "pid": 5634,
    "index": 54
  },
  {
    "name": "Load \"service\" to Context",
    "start": 1575690341712,
    "end": 1575690341718,
    "duration": 6,
    "pid": 5634,
    "index": 55
  },
  {
    "name": "Load Middleware",
    "start": 1575690341718,
    "end": 1575690341963,
    "duration": 245,
    "pid": 5634,
    "index": 56
  },
  {
    "name": "Load \"middlewares\" to Application",
    "start": 1575690341719,
    "end": 1575690341932,
    "duration": 213,
    "pid": 5634,
    "index": 57
  },
  {
    "name": "Load Controller",
    "start": 1575690341964,
    "end": 1575690341978,
    "duration": 14,
    "pid": 5634,
    "index": 58
  },
  {
    "name": "Load \"controller\" to Application",
    "start": 1575690341964,
    "end": 1575690341978,
    "duration": 14,
    "pid": 5634,
    "index": 59
  },
  {
    "name": "Load Router",
    "start": 1575690341978,
    "end": 1575690341981,
    "duration": 3,
    "pid": 5634,
    "index": 60
  },
  {
    "name": "Require(44) app/router.js",
    "start": 1575690341978,
    "end": 1575690341978,
    "duration": 0,
    "pid": 5634,
    "index": 61
  },
  {
    "name": "Before Start in node_modules/egg-core/lib/egg.js:303:10",
    "start": 1575690341979,
    "end": 1575690342058,
    "duration": 79,
    "pid": 5634,
    "index": 62
  }
]