[
  {
    "name": "Application Start",
    "start": 1575690484688,
    "end": 1575690485005,
    "duration": 317,
    "pid": 5885,
    "index": 0
  },
  {
    "name": "Load Plugin",
    "start": 1575690484697,
    "end": 1575690484707,
    "duration": 10,
    "pid": 5885,
    "index": 1
  },
  {
    "name": "Load Config",
    "start": 1575690484707,
    "end": 1575690484724,
    "duration": 17,
    "pid": 5885,
    "index": 2
  },
  {
    "name": "Require(0) config/config.default.js",
    "start": 1575690484707,
    "end": 1575690484708,
    "duration": 1,
    "pid": 5885,
    "index": 3
  },
  {
    "name": "Require(1) node_modules/egg-session/config/config.default.js",
    "start": 1575690484709,
    "end": 1575690484709,
    "duration": 0,
    "pid": 5885,
    "index": 4
  },
  {
    "name": "Require(2) node_modules/egg-security/config/config.default.js",
    "start": 1575690484710,
    "end": 1575690484710,
    "duration": 0,
    "pid": 5885,
    "index": 5
  },
  {
    "name": "Require(3) node_modules/egg-jsonp/config/config.default.js",
    "start": 1575690484710,
    "end": 1575690484711,
    "duration": 1,
    "pid": 5885,
    "index": 6
  },
  {
    "name": "Require(4) node_modules/egg-onerror/config/config.default.js",
    "start": 1575690484711,
    "end": 1575690484711,
    "duration": 0,
    "pid": 5885,
    "index": 7
  },
  {
    "name": "Require(5) node_modules/egg-i18n/config/config.default.js",
    "start": 1575690484711,
    "end": 1575690484711,
    "duration": 0,
    "pid": 5885,
    "index": 8
  },
  {
    "name": "Require(6) node_modules/egg-watcher/config/config.default.js",
    "start": 1575690484712,
    "end": 1575690484712,
    "duration": 0,
    "pid": 5885,
    "index": 9
  },
  {
    "name": "Require(7) node_modules/egg-schedule/config/config.default.js",
    "start": 1575690484712,
    "end": 1575690484713,
    "duration": 1,
    "pid": 5885,
    "index": 10
  },
  {
    "name": "Require(8) node_modules/egg-multipart/config/config.default.js",
    "start": 1575690484713,
    "end": 1575690484713,
    "duration": 0,
    "pid": 5885,
    "index": 11
  },
  {
    "name": "Require(9) node_modules/egg-development/config/config.default.js",
    "start": 1575690484714,
    "end": 1575690484714,
    "duration": 0,
    "pid": 5885,
    "index": 12
  },
  {
    "name": "Require(10) node_modules/egg-logrotator/config/config.default.js",
    "start": 1575690484714,
    "end": 1575690484715,
    "duration": 1,
    "pid": 5885,
    "index": 13
  },
  {
    "name": "Require(11) node_modules/egg-static/config/config.default.js",
    "start": 1575690484715,
    "end": 1575690484715,
    "duration": 0,
    "pid": 5885,
    "index": 14
  },
  {
    "name": "Require(12) node_modules/egg-view/config/config.default.js",
    "start": 1575690484715,
    "end": 1575690484715,
    "duration": 0,
    "pid": 5885,
    "index": 15
  },
  {
    "name": "Require(13) node_modules/egg/config/config.default.js",
    "start": 1575690484716,
    "end": 1575690484716,
    "duration": 0,
    "pid": 5885,
    "index": 16
  },
  {
    "name": "Require(14) config/config.default.js",
    "start": 1575690484720,
    "end": 1575690484720,
    "duration": 0,
    "pid": 5885,
    "index": 17
  },
  {
    "name": "Require(15) node_modules/egg-security/config/config.local.js",
    "start": 1575690484720,
    "end": 1575690484721,
    "duration": 1,
    "pid": 5885,
    "index": 18
  },
  {
    "name": "Require(16) node_modules/egg-watcher/config/config.local.js",
    "start": 1575690484721,
    "end": 1575690484722,
    "duration": 1,
    "pid": 5885,
    "index": 19
  },
  {
    "name": "Require(17) node_modules/egg-view/config/config.local.js",
    "start": 1575690484723,
    "end": 1575690484723,
    "duration": 0,
    "pid": 5885,
    "index": 20
  },
  {
    "name": "Require(18) node_modules/egg/config/config.local.js",
    "start": 1575690484724,
    "end": 1575690484724,
    "duration": 0,
    "pid": 5885,
    "index": 21
  },
  {
    "name": "Load extend/application.js",
    "start": 1575690484728,
    "end": 1575690484734,
    "duration": 6,
    "pid": 5885,
    "index": 22
  },
  {
    "name": "Require(19) node_modules/egg-session/app/extend/application.js",
    "start": 1575690484729,
    "end": 1575690484729,
    "duration": 0,
    "pid": 5885,
    "index": 23
  },
  {
    "name": "Require(20) node_modules/egg-security/app/extend/application.js",
    "start": 1575690484729,
    "end": 1575690484730,
    "duration": 1,
    "pid": 5885,
    "index": 24
  },
  {
    "name": "Require(21) node_modules/egg-jsonp/app/extend/application.js",
    "start": 1575690484730,
    "end": 1575690484731,
    "duration": 1,
    "pid": 5885,
    "index": 25
  },
  {
    "name": "Require(22) node_modules/egg-logrotator/app/extend/application.js",
    "start": 1575690484731,
    "end": 1575690484732,
    "duration": 1,
    "pid": 5885,
    "index": 26
  },
  {
    "name": "Require(23) node_modules/egg-view/app/extend/application.js",
    "start": 1575690484732,
    "end": 1575690484733,
    "duration": 1,
    "pid": 5885,
    "index": 27
  },
  {
    "name": "Load extend/request.js",
    "start": 1575690484734,
    "end": 1575690484735,
    "duration": 1,
    "pid": 5885,
    "index": 28
  },
  {
    "name": "Require(24) node_modules/egg/app/extend/request.js",
    "start": 1575690484734,
    "end": 1575690484735,
    "duration": 1,
    "pid": 5885,
    "index": 29
  },
  {
    "name": "Load extend/response.js",
    "start": 1575690484735,
    "end": 1575690484737,
    "duration": 2,
    "pid": 5885,
    "index": 30
  },
  {
    "name": "Require(25) node_modules/egg/app/extend/response.js",
    "start": 1575690484736,
    "end": 1575690484737,
    "duration": 1,
    "pid": 5885,
    "index": 31
  },
  {
    "name": "Load extend/context.js",
    "start": 1575690484737,
    "end": 1575690484804,
    "duration": 67,
    "pid": 5885,
    "index": 32
  },
  {
    "name": "Require(26) node_modules/egg-security/app/extend/context.js",
    "start": 1575690484737,
    "end": 1575690484744,
    "duration": 7,
    "pid": 5885,
    "index": 33
  },
  {
    "name": "Require(27) node_modules/egg-jsonp/app/extend/context.js",
    "start": 1575690484744,
    "end": 1575690484745,
    "duration": 1,
    "pid": 5885,
    "index": 34
  },
  {
    "name": "Require(28) node_modules/egg-i18n/app/extend/context.js",
    "start": 1575690484745,
    "end": 1575690484745,
    "duration": 0,
    "pid": 5885,
    "index": 35
  },
  {
    "name": "Require(29) node_modules/egg-multipart/app/extend/context.js",
    "start": 1575690484745,
    "end": 1575690484802,
    "duration": 57,
    "pid": 5885,
    "index": 36
  },
  {
    "name": "Require(30) node_modules/egg-view/app/extend/context.js",
    "start": 1575690484802,
    "end": 1575690484803,
    "duration": 1,
    "pid": 5885,
    "index": 37
  },
  {
    "name": "Require(31) node_modules/egg/app/extend/context.js",
    "start": 1575690484803,
    "end": 1575690484804,
    "duration": 1,
    "pid": 5885,
    "index": 38
  },
  {
    "name": "Load extend/helper.js",
    "start": 1575690484804,
    "end": 1575690484823,
    "duration": 19,
    "pid": 5885,
    "index": 39
  },
  {
    "name": "Require(32) node_modules/egg-security/app/extend/helper.js",
    "start": 1575690484805,
    "end": 1575690484818,
    "duration": 13,
    "pid": 5885,
    "index": 40
  },
  {
    "name": "Require(33) node_modules/egg/app/extend/helper.js",
    "start": 1575690484821,
    "end": 1575690484822,
    "duration": 1,
    "pid": 5885,
    "index": 41
  },
  {
    "name": "Load app.js",
    "start": 1575690484823,
    "end": 1575690484861,
    "duration": 38,
    "pid": 5885,
    "index": 42
  },
  {
    "name": "Require(34) node_modules/egg-session/app.js",
    "start": 1575690484823,
    "end": 1575690484825,
    "duration": 2,
    "pid": 5885,
    "index": 43
  },
  {
    "name": "Require(35) node_modules/egg-security/app.js",
    "start": 1575690484825,
    "end": 1575690484826,
    "duration": 1,
    "pid": 5885,
    "index": 44
  },
  {
    "name": "Require(36) node_modules/egg-onerror/app.js",
    "start": 1575690484827,
    "end": 1575690484842,
    "duration": 15,
    "pid": 5885,
    "index": 45
  },
  {
    "name": "Require(37) node_modules/egg-i18n/app.js",
    "start": 1575690484842,
    "end": 1575690484850,
    "duration": 8,
    "pid": 5885,
    "index": 46
  },
  {
    "name": "Require(38) node_modules/egg-watcher/app.js",
    "start": 1575690484850,
    "end": 1575690484854,
    "duration": 4,
    "pid": 5885,
    "index": 47
  },
  {
    "name": "Require(39) node_modules/egg-schedule/app.js",
    "start": 1575690484854,
    "end": 1575690484855,
    "duration": 1,
    "pid": 5885,
    "index": 48
  },
  {
    "name": "Require(40) node_modules/egg-multipart/app.js",
    "start": 1575690484856,
    "end": 1575690484858,
    "duration": 2,
    "pid": 5885,
    "index": 49
  },
  {
    "name": "Require(41) node_modules/egg-development/app.js",
    "start": 1575690484858,
    "end": 1575690484858,
    "duration": 0,
    "pid": 5885,
    "index": 50
  },
  {
    "name": "Require(42) node_modules/egg-logrotator/app.js",
    "start": 1575690484858,
    "end": 1575690484858,
    "duration": 0,
    "pid": 5885,
    "index": 51
  },
  {
    "name": "Require(43) node_modules/egg-static/app.js",
    "start": 1575690484858,
    "end": 1575690484859,
    "duration": 1,
    "pid": 5885,
    "index": 52
  },
  {
    "name": "Before Start in node_modules/egg-watcher/lib/init.js:15:14",
    "start": 1575690484874,
    "end": 1575690485005,
    "duration": 131,
    "pid": 5885,
    "index": 53
  },
  {
    "name": "Load Service",
    "start": 1575690484907,
    "end": 1575690484910,
    "duration": 3,
    "pid": 5885,
    "index": 54
  },
  {
    "name": "Load \"service\" to Context",
    "start": 1575690484907,
    "end": 1575690484910,
    "duration": 3,
    "pid": 5885,
    "index": 55
  },
  {
    "name": "Load Middleware",
    "start": 1575690484910,
    "end": 1575690484973,
    "duration": 63,
    "pid": 5885,
    "index": 56
  },
  {
    "name": "Load \"middlewares\" to Application",
    "start": 1575690484910,
    "end": 1575690484965,
    "duration": 55,
    "pid": 5885,
    "index": 57
  },
  {
    "name": "Load Controller",
    "start": 1575690484973,
    "end": 1575690484975,
    "duration": 2,
    "pid": 5885,
    "index": 58
  },
  {
    "name": "Load \"controller\" to Application",
    "start": 1575690484973,
    "end": 1575690484975,
    "duration": 2,
    "pid": 5885,
    "index": 59
  },
  {
    "name": "Load Router",
    "start": 1575690484975,
    "end": 1575690484977,
    "duration": 2,
    "pid": 5885,
    "index": 60
  },
  {
    "name": "Require(44) app/router.js",
    "start": 1575690484975,
    "end": 1575690484975,
    "duration": 0,
    "pid": 5885,
    "index": 61
  },
  {
    "name": "Before Start in node_modules/egg-core/lib/egg.js:303:10",
    "start": 1575690484975,
    "end": 1575690484988,
    "duration": 13,
    "pid": 5885,
    "index": 62
  }
]