[
  {
    "name": "Application Start",
    "start": 1575691490513,
    "end": 1575691490851,
    "duration": 338,
    "pid": 7553,
    "index": 0
  },
  {
    "name": "Load Plugin",
    "start": 1575691490516,
    "end": 1575691490524,
    "duration": 8,
    "pid": 7553,
    "index": 1
  },
  {
    "name": "Load Config",
    "start": 1575691490524,
    "end": 1575691490550,
    "duration": 26,
    "pid": 7553,
    "index": 2
  },
  {
    "name": "Require(0) config/config.default.js",
    "start": 1575691490525,
    "end": 1575691490525,
    "duration": 0,
    "pid": 7553,
    "index": 3
  },
  {
    "name": "Require(1) node_modules/egg-session/config/config.default.js",
    "start": 1575691490530,
    "end": 1575691490530,
    "duration": 0,
    "pid": 7553,
    "index": 4
  },
  {
    "name": "Require(2) node_modules/egg-security/config/config.default.js",
    "start": 1575691490538,
    "end": 1575691490539,
    "duration": 1,
    "pid": 7553,
    "index": 5
  },
  {
    "name": "Require(3) node_modules/egg-jsonp/config/config.default.js",
    "start": 1575691490539,
    "end": 1575691490540,
    "duration": 1,
    "pid": 7553,
    "index": 6
  },
  {
    "name": "Require(4) node_modules/egg-onerror/config/config.default.js",
    "start": 1575691490540,
    "end": 1575691490541,
    "duration": 1,
    "pid": 7553,
    "index": 7
  },
  {
    "name": "Require(5) node_modules/egg-i18n/config/config.default.js",
    "start": 1575691490541,
    "end": 1575691490541,
    "duration": 0,
    "pid": 7553,
    "index": 8
  },
  {
    "name": "Require(6) node_modules/egg-watcher/config/config.default.js",
    "start": 1575691490542,
    "end": 1575691490542,
    "duration": 0,
    "pid": 7553,
    "index": 9
  },
  {
    "name": "Require(7) node_modules/egg-schedule/config/config.default.js",
    "start": 1575691490543,
    "end": 1575691490543,
    "duration": 0,
    "pid": 7553,
    "index": 10
  },
  {
    "name": "Require(8) node_modules/egg-multipart/config/config.default.js",
    "start": 1575691490543,
    "end": 1575691490543,
    "duration": 0,
    "pid": 7553,
    "index": 11
  },
  {
    "name": "Require(9) node_modules/egg-development/config/config.default.js",
    "start": 1575691490544,
    "end": 1575691490544,
    "duration": 0,
    "pid": 7553,
    "index": 12
  },
  {
    "name": "Require(10) node_modules/egg-logrotator/config/config.default.js",
    "start": 1575691490544,
    "end": 1575691490545,
    "duration": 1,
    "pid": 7553,
    "index": 13
  },
  {
    "name": "Require(11) node_modules/egg-static/config/config.default.js",
    "start": 1575691490545,
    "end": 1575691490545,
    "duration": 0,
    "pid": 7553,
    "index": 14
  },
  {
    "name": "Require(12) node_modules/egg-view/config/config.default.js",
    "start": 1575691490545,
    "end": 1575691490545,
    "duration": 0,
    "pid": 7553,
    "index": 15
  },
  {
    "name": "Require(13) node_modules/egg/config/config.default.js",
    "start": 1575691490546,
    "end": 1575691490546,
    "duration": 0,
    "pid": 7553,
    "index": 16
  },
  {
    "name": "Require(14) config/config.default.js",
    "start": 1575691490547,
    "end": 1575691490547,
    "duration": 0,
    "pid": 7553,
    "index": 17
  },
  {
    "name": "Require(15) node_modules/egg-security/config/config.local.js",
    "start": 1575691490548,
    "end": 1575691490548,
    "duration": 0,
    "pid": 7553,
    "index": 18
  },
  {
    "name": "Require(16) node_modules/egg-watcher/config/config.local.js",
    "start": 1575691490548,
    "end": 1575691490549,
    "duration": 1,
    "pid": 7553,
    "index": 19
  },
  {
    "name": "Require(17) node_modules/egg-view/config/config.local.js",
    "start": 1575691490549,
    "end": 1575691490549,
    "duration": 0,
    "pid": 7553,
    "index": 20
  },
  {
    "name": "Require(18) node_modules/egg/config/config.local.js",
    "start": 1575691490549,
    "end": 1575691490550,
    "duration": 1,
    "pid": 7553,
    "index": 21
  },
  {
    "name": "Load extend/application.js",
    "start": 1575691490552,
    "end": 1575691490557,
    "duration": 5,
    "pid": 7553,
    "index": 22
  },
  {
    "name": "Require(19) node_modules/egg-session/app/extend/application.js",
    "start": 1575691490552,
    "end": 1575691490552,
    "duration": 0,
    "pid": 7553,
    "index": 23
  },
  {
    "name": "Require(20) node_modules/egg-security/app/extend/application.js",
    "start": 1575691490552,
    "end": 1575691490553,
    "duration": 1,
    "pid": 7553,
    "index": 24
  },
  {
    "name": "Require(21) node_modules/egg-jsonp/app/extend/application.js",
    "start": 1575691490553,
    "end": 1575691490554,
    "duration": 1,
    "pid": 7553,
    "index": 25
  },
  {
    "name": "Require(22) node_modules/egg-logrotator/app/extend/application.js",
    "start": 1575691490554,
    "end": 1575691490555,
    "duration": 1,
    "pid": 7553,
    "index": 26
  },
  {
    "name": "Require(23) node_modules/egg-view/app/extend/application.js",
    "start": 1575691490555,
    "end": 1575691490556,
    "duration": 1,
    "pid": 7553,
    "index": 27
  },
  {
    "name": "Load extend/request.js",
    "start": 1575691490557,
    "end": 1575691490561,
    "duration": 4,
    "pid": 7553,
    "index": 28
  },
  {
    "name": "Require(24) node_modules/egg/app/extend/request.js",
    "start": 1575691490557,
    "end": 1575691490560,
    "duration": 3,
    "pid": 7553,
    "index": 29
  },
  {
    "name": "Load extend/response.js",
    "start": 1575691490561,
    "end": 1575691490564,
    "duration": 3,
    "pid": 7553,
    "index": 30
  },
  {
    "name": "Require(25) node_modules/egg/app/extend/response.js",
    "start": 1575691490561,
    "end": 1575691490563,
    "duration": 2,
    "pid": 7553,
    "index": 31
  },
  {
    "name": "Load extend/context.js",
    "start": 1575691490564,
    "end": 1575691490639,
    "duration": 75,
    "pid": 7553,
    "index": 32
  },
  {
    "name": "Require(26) node_modules/egg-security/app/extend/context.js",
    "start": 1575691490564,
    "end": 1575691490573,
    "duration": 9,
    "pid": 7553,
    "index": 33
  },
  {
    "name": "Require(27) node_modules/egg-jsonp/app/extend/context.js",
    "start": 1575691490574,
    "end": 1575691490574,
    "duration": 0,
    "pid": 7553,
    "index": 34
  },
  {
    "name": "Require(28) node_modules/egg-i18n/app/extend/context.js",
    "start": 1575691490575,
    "end": 1575691490575,
    "duration": 0,
    "pid": 7553,
    "index": 35
  },
  {
    "name": "Require(29) node_modules/egg-multipart/app/extend/context.js",
    "start": 1575691490575,
    "end": 1575691490629,
    "duration": 54,
    "pid": 7553,
    "index": 36
  },
  {
    "name": "Require(30) node_modules/egg-view/app/extend/context.js",
    "start": 1575691490630,
    "end": 1575691490631,
    "duration": 1,
    "pid": 7553,
    "index": 37
  },
  {
    "name": "Require(31) node_modules/egg/app/extend/context.js",
    "start": 1575691490634,
    "end": 1575691490638,
    "duration": 4,
    "pid": 7553,
    "index": 38
  },
  {
    "name": "Load extend/helper.js",
    "start": 1575691490640,
    "end": 1575691490667,
    "duration": 27,
    "pid": 7553,
    "index": 39
  },
  {
    "name": "Require(32) node_modules/egg-security/app/extend/helper.js",
    "start": 1575691490640,
    "end": 1575691490665,
    "duration": 25,
    "pid": 7553,
    "index": 40
  },
  {
    "name": "Require(33) node_modules/egg/app/extend/helper.js",
    "start": 1575691490666,
    "end": 1575691490667,
    "duration": 1,
    "pid": 7553,
    "index": 41
  },
  {
    "name": "Load app.js",
    "start": 1575691490667,
    "end": 1575691490690,
    "duration": 23,
    "pid": 7553,
    "index": 42
  },
  {
    "name": "Require(34) node_modules/egg-session/app.js",
    "start": 1575691490668,
    "end": 1575691490668,
    "duration": 0,
    "pid": 7553,
    "index": 43
  },
  {
    "name": "Require(35) node_modules/egg-security/app.js",
    "start": 1575691490668,
    "end": 1575691490671,
    "duration": 3,
    "pid": 7553,
    "index": 44
  },
  {
    "name": "Require(36) node_modules/egg-onerror/app.js",
    "start": 1575691490671,
    "end": 1575691490677,
    "duration": 6,
    "pid": 7553,
    "index": 45
  },
  {
    "name": "Require(37) node_modules/egg-i18n/app.js",
    "start": 1575691490677,
    "end": 1575691490685,
    "duration": 8,
    "pid": 7553,
    "index": 46
  },
  {
    "name": "Require(38) node_modules/egg-watcher/app.js",
    "start": 1575691490685,
    "end": 1575691490686,
    "duration": 1,
    "pid": 7553,
    "index": 47
  },
  {
    "name": "Require(39) node_modules/egg-schedule/app.js",
    "start": 1575691490686,
    "end": 1575691490688,
    "duration": 2,
    "pid": 7553,
    "index": 48
  },
  {
    "name": "Require(40) node_modules/egg-multipart/app.js",
    "start": 1575691490688,
    "end": 1575691490689,
    "duration": 1,
    "pid": 7553,
    "index": 49
  },
  {
    "name": "Require(41) node_modules/egg-development/app.js",
    "start": 1575691490689,
    "end": 1575691490689,
    "duration": 0,
    "pid": 7553,
    "index": 50
  },
  {
    "name": "Require(42) node_modules/egg-logrotator/app.js",
    "start": 1575691490689,
    "end": 1575691490689,
    "duration": 0,
    "pid": 7553,
    "index": 51
  },
  {
    "name": "Require(43) node_modules/egg-static/app.js",
    "start": 1575691490689,
    "end": 1575691490690,
    "duration": 1,
    "pid": 7553,
    "index": 52
  },
  {
    "name": "Before Start in node_modules/egg-watcher/lib/init.js:15:14",
    "start": 1575691490709,
    "end": 1575691490850,
    "duration": 141,
    "pid": 7553,
    "index": 53
  },
  {
    "name": "Load Service",
    "start": 1575691490750,
    "end": 1575691490753,
    "duration": 3,
    "pid": 7553,
    "index": 54
  },
  {
    "name": "Load \"service\" to Context",
    "start": 1575691490750,
    "end": 1575691490753,
    "duration": 3,
    "pid": 7553,
    "index": 55
  },
  {
    "name": "Load Middleware",
    "start": 1575691490753,
    "end": 1575691490815,
    "duration": 62,
    "pid": 7553,
    "index": 56
  },
  {
    "name": "Load \"middlewares\" to Application",
    "start": 1575691490754,
    "end": 1575691490809,
    "duration": 55,
    "pid": 7553,
    "index": 57
  },
  {
    "name": "Load Controller",
    "start": 1575691490815,
    "end": 1575691490817,
    "duration": 2,
    "pid": 7553,
    "index": 58
  },
  {
    "name": "Load \"controller\" to Application",
    "start": 1575691490815,
    "end": 1575691490817,
    "duration": 2,
    "pid": 7553,
    "index": 59
  },
  {
    "name": "Load Router",
    "start": 1575691490817,
    "end": 1575691490819,
    "duration": 2,
    "pid": 7553,
    "index": 60
  },
  {
    "name": "Require(44) app/router.js",
    "start": 1575691490817,
    "end": 1575691490817,
    "duration": 0,
    "pid": 7553,
    "index": 61
  },
  {
    "name": "Before Start in node_modules/egg-core/lib/egg.js:303:10",
    "start": 1575691490818,
    "end": 1575691490831,
    "duration": 13,
    "pid": 7553,
    "index": 62
  }
]