[
  {
    "name": "Application Start",
    "start": 1575690467879,
    "end": 1575690468269,
    "duration": 390,
    "pid": 5845,
    "index": 0
  },
  {
    "name": "Load Plugin",
    "start": 1575690467887,
    "end": 1575690467909,
    "duration": 22,
    "pid": 5845,
    "index": 1
  },
  {
    "name": "Load Config",
    "start": 1575690467909,
    "end": 1575690467936,
    "duration": 27,
    "pid": 5845,
    "index": 2
  },
  {
    "name": "Require(0) config/config.default.js",
    "start": 1575690467910,
    "end": 1575690467910,
    "duration": 0,
    "pid": 5845,
    "index": 3
  },
  {
    "name": "Require(1) node_modules/egg-session/config/config.default.js",
    "start": 1575690467912,
    "end": 1575690467913,
    "duration": 1,
    "pid": 5845,
    "index": 4
  },
  {
    "name": "Require(2) node_modules/egg-security/config/config.default.js",
    "start": 1575690467913,
    "end": 1575690467913,
    "duration": 0,
    "pid": 5845,
    "index": 5
  },
  {
    "name": "Require(3) node_modules/egg-jsonp/config/config.default.js",
    "start": 1575690467914,
    "end": 1575690467914,
    "duration": 0,
    "pid": 5845,
    "index": 6
  },
  {
    "name": "Require(4) node_modules/egg-onerror/config/config.default.js",
    "start": 1575690467914,
    "end": 1575690467915,
    "duration": 1,
    "pid": 5845,
    "index": 7
  },
  {
    "name": "Require(5) node_modules/egg-i18n/config/config.default.js",
    "start": 1575690467917,
    "end": 1575690467918,
    "duration": 1,
    "pid": 5845,
    "index": 8
  },
  {
    "name": "Require(6) node_modules/egg-watcher/config/config.default.js",
    "start": 1575690467919,
    "end": 1575690467919,
    "duration": 0,
    "pid": 5845,
    "index": 9
  },
  {
    "name": "Require(7) node_modules/egg-schedule/config/config.default.js",
    "start": 1575690467919,
    "end": 1575690467921,
    "duration": 2,
    "pid": 5845,
    "index": 10
  },
  {
    "name": "Require(8) node_modules/egg-multipart/config/config.default.js",
    "start": 1575690467922,
    "end": 1575690467922,
    "duration": 0,
    "pid": 5845,
    "index": 11
  },
  {
    "name": "Require(9) node_modules/egg-development/config/config.default.js",
    "start": 1575690467923,
    "end": 1575690467923,
    "duration": 0,
    "pid": 5845,
    "index": 12
  },
  {
    "name": "Require(10) node_modules/egg-logrotator/config/config.default.js",
    "start": 1575690467925,
    "end": 1575690467930,
    "duration": 5,
    "pid": 5845,
    "index": 13
  },
  {
    "name": "Require(11) node_modules/egg-static/config/config.default.js",
    "start": 1575690467930,
    "end": 1575690467931,
    "duration": 1,
    "pid": 5845,
    "index": 14
  },
  {
    "name": "Require(12) node_modules/egg-view/config/config.default.js",
    "start": 1575690467931,
    "end": 1575690467932,
    "duration": 1,
    "pid": 5845,
    "index": 15
  },
  {
    "name": "Require(13) node_modules/egg/config/config.default.js",
    "start": 1575690467932,
    "end": 1575690467933,
    "duration": 1,
    "pid": 5845,
    "index": 16
  },
  {
    "name": "Require(14) config/config.default.js",
    "start": 1575690467934,
    "end": 1575690467934,
    "duration": 0,
    "pid": 5845,
    "index": 17
  },
  {
    "name": "Require(15) node_modules/egg-security/config/config.local.js",
    "start": 1575690467934,
    "end": 1575690467935,
    "duration": 1,
    "pid": 5845,
    "index": 18
  },
  {
    "name": "Require(16) node_modules/egg-watcher/config/config.local.js",
    "start": 1575690467935,
    "end": 1575690467935,
    "duration": 0,
    "pid": 5845,
    "index": 19
  },
  {
    "name": "Require(17) node_modules/egg-view/config/config.local.js",
    "start": 1575690467935,
    "end": 1575690467936,
    "duration": 1,
    "pid": 5845,
    "index": 20
  },
  {
    "name": "Require(18) node_modules/egg/config/config.local.js",
    "start": 1575690467936,
    "end": 1575690467936,
    "duration": 0,
    "pid": 5845,
    "index": 21
  },
  {
    "name": "Load extend/application.js",
    "start": 1575690467938,
    "end": 1575690467944,
    "duration": 6,
    "pid": 5845,
    "index": 22
  },
  {
    "name": "Require(19) node_modules/egg-session/app/extend/application.js",
    "start": 1575690467938,
    "end": 1575690467940,
    "duration": 2,
    "pid": 5845,
    "index": 23
  },
  {
    "name": "Require(20) node_modules/egg-security/app/extend/application.js",
    "start": 1575690467940,
    "end": 1575690467940,
    "duration": 0,
    "pid": 5845,
    "index": 24
  },
  {
    "name": "Require(21) node_modules/egg-jsonp/app/extend/application.js",
    "start": 1575690467941,
    "end": 1575690467941,
    "duration": 0,
    "pid": 5845,
    "index": 25
  },
  {
    "name": "Require(22) node_modules/egg-logrotator/app/extend/application.js",
    "start": 1575690467942,
    "end": 1575690467943,
    "duration": 1,
    "pid": 5845,
    "index": 26
  },
  {
    "name": "Require(23) node_modules/egg-view/app/extend/application.js",
    "start": 1575690467943,
    "end": 1575690467944,
    "duration": 1,
    "pid": 5845,
    "index": 27
  },
  {
    "name": "Load extend/request.js",
    "start": 1575690467944,
    "end": 1575690467947,
    "duration": 3,
    "pid": 5845,
    "index": 28
  },
  {
    "name": "Require(24) node_modules/egg/app/extend/request.js",
    "start": 1575690467945,
    "end": 1575690467946,
    "duration": 1,
    "pid": 5845,
    "index": 29
  },
  {
    "name": "Load extend/response.js",
    "start": 1575690467947,
    "end": 1575690467951,
    "duration": 4,
    "pid": 5845,
    "index": 30
  },
  {
    "name": "Require(25) node_modules/egg/app/extend/response.js",
    "start": 1575690467947,
    "end": 1575690467950,
    "duration": 3,
    "pid": 5845,
    "index": 31
  },
  {
    "name": "Load extend/context.js",
    "start": 1575690467951,
    "end": 1575690468042,
    "duration": 91,
    "pid": 5845,
    "index": 32
  },
  {
    "name": "Require(26) node_modules/egg-security/app/extend/context.js",
    "start": 1575690467951,
    "end": 1575690467967,
    "duration": 16,
    "pid": 5845,
    "index": 33
  },
  {
    "name": "Require(27) node_modules/egg-jsonp/app/extend/context.js",
    "start": 1575690467967,
    "end": 1575690467968,
    "duration": 1,
    "pid": 5845,
    "index": 34
  },
  {
    "name": "Require(28) node_modules/egg-i18n/app/extend/context.js",
    "start": 1575690467968,
    "end": 1575690467968,
    "duration": 0,
    "pid": 5845,
    "index": 35
  },
  {
    "name": "Require(29) node_modules/egg-multipart/app/extend/context.js",
    "start": 1575690467968,
    "end": 1575690468040,
    "duration": 72,
    "pid": 5845,
    "index": 36
  },
  {
    "name": "Require(30) node_modules/egg-view/app/extend/context.js",
    "start": 1575690468040,
    "end": 1575690468041,
    "duration": 1,
    "pid": 5845,
    "index": 37
  },
  {
    "name": "Require(31) node_modules/egg/app/extend/context.js",
    "start": 1575690468041,
    "end": 1575690468042,
    "duration": 1,
    "pid": 5845,
    "index": 38
  },
  {
    "name": "Load extend/helper.js",
    "start": 1575690468042,
    "end": 1575690468074,
    "duration": 32,
    "pid": 5845,
    "index": 39
  },
  {
    "name": "Require(32) node_modules/egg-security/app/extend/helper.js",
    "start": 1575690468043,
    "end": 1575690468073,
    "duration": 30,
    "pid": 5845,
    "index": 40
  },
  {
    "name": "Require(33) node_modules/egg/app/extend/helper.js",
    "start": 1575690468073,
    "end": 1575690468073,
    "duration": 0,
    "pid": 5845,
    "index": 41
  },
  {
    "name": "Load app.js",
    "start": 1575690468074,
    "end": 1575690468100,
    "duration": 26,
    "pid": 5845,
    "index": 42
  },
  {
    "name": "Require(34) node_modules/egg-session/app.js",
    "start": 1575690468074,
    "end": 1575690468074,
    "duration": 0,
    "pid": 5845,
    "index": 43
  },
  {
    "name": "Require(35) node_modules/egg-security/app.js",
    "start": 1575690468075,
    "end": 1575690468075,
    "duration": 0,
    "pid": 5845,
    "index": 44
  },
  {
    "name": "Require(36) node_modules/egg-onerror/app.js",
    "start": 1575690468076,
    "end": 1575690468080,
    "duration": 4,
    "pid": 5845,
    "index": 45
  },
  {
    "name": "Require(37) node_modules/egg-i18n/app.js",
    "start": 1575690468081,
    "end": 1575690468094,
    "duration": 13,
    "pid": 5845,
    "index": 46
  },
  {
    "name": "Require(38) node_modules/egg-watcher/app.js",
    "start": 1575690468095,
    "end": 1575690468096,
    "duration": 1,
    "pid": 5845,
    "index": 47
  },
  {
    "name": "Require(39) node_modules/egg-schedule/app.js",
    "start": 1575690468096,
    "end": 1575690468097,
    "duration": 1,
    "pid": 5845,
    "index": 48
  },
  {
    "name": "Require(40) node_modules/egg-multipart/app.js",
    "start": 1575690468097,
    "end": 1575690468099,
    "duration": 2,
    "pid": 5845,
    "index": 49
  },
  {
    "name": "Require(41) node_modules/egg-development/app.js",
    "start": 1575690468099,
    "end": 1575690468099,
    "duration": 0,
    "pid": 5845,
    "index": 50
  },
  {
    "name": "Require(42) node_modules/egg-logrotator/app.js",
    "start": 1575690468099,
    "end": 1575690468099,
    "duration": 0,
    "pid": 5845,
    "index": 51
  },
  {
    "name": "Require(43) node_modules/egg-static/app.js",
    "start": 1575690468099,
    "end": 1575690468099,
    "duration": 0,
    "pid": 5845,
    "index": 52
  },
  {
    "name": "Before Start in node_modules/egg-watcher/lib/init.js:15:14",
    "start": 1575690468117,
    "end": 1575690468268,
    "duration": 151,
    "pid": 5845,
    "index": 53
  },
  {
    "name": "Load Service",
    "start": 1575690468155,
    "end": 1575690468162,
    "duration": 7,
    "pid": 5845,
    "index": 54
  },
  {
    "name": "Load \"service\" to Context",
    "start": 1575690468155,
    "end": 1575690468162,
    "duration": 7,
    "pid": 5845,
    "index": 55
  },
  {
    "name": "Load Middleware",
    "start": 1575690468162,
    "end": 1575690468232,
    "duration": 70,
    "pid": 5845,
    "index": 56
  },
  {
    "name": "Load \"middlewares\" to Application",
    "start": 1575690468163,
    "end": 1575690468217,
    "duration": 54,
    "pid": 5845,
    "index": 57
  },
  {
    "name": "Load Controller",
    "start": 1575690468232,
    "end": 1575690468233,
    "duration": 1,
    "pid": 5845,
    "index": 58
  },
  {
    "name": "Load \"controller\" to Application",
    "start": 1575690468232,
    "end": 1575690468233,
    "duration": 1,
    "pid": 5845,
    "index": 59
  },
  {
    "name": "Load Router",
    "start": 1575690468233,
    "end": 1575690468236,
    "duration": 3,
    "pid": 5845,
    "index": 60
  },
  {
    "name": "Require(44) app/router.js",
    "start": 1575690468234,
    "end": 1575690468234,
    "duration": 0,
    "pid": 5845,
    "index": 61
  },
  {
    "name": "Before Start in node_modules/egg-core/lib/egg.js:303:10",
    "start": 1575690468234,
    "end": 1575690468244,
    "duration": 10,
    "pid": 5845,
    "index": 62
  }
]