[
  {
    "name": "Application Start",
    "start": 1575690673627,
    "end": 1575690673964,
    "duration": 337,
    "pid": 6263,
    "index": 0
  },
  {
    "name": "Load Plugin",
    "start": 1575690673634,
    "end": 1575690673642,
    "duration": 8,
    "pid": 6263,
    "index": 1
  },
  {
    "name": "Load Config",
    "start": 1575690673642,
    "end": 1575690673659,
    "duration": 17,
    "pid": 6263,
    "index": 2
  },
  {
    "name": "Require(0) config/config.default.js",
    "start": 1575690673643,
    "end": 1575690673643,
    "duration": 0,
    "pid": 6263,
    "index": 3
  },
  {
    "name": "Require(1) node_modules/egg-session/config/config.default.js",
    "start": 1575690673645,
    "end": 1575690673645,
    "duration": 0,
    "pid": 6263,
    "index": 4
  },
  {
    "name": "Require(2) node_modules/egg-security/config/config.default.js",
    "start": 1575690673645,
    "end": 1575690673645,
    "duration": 0,
    "pid": 6263,
    "index": 5
  },
  {
    "name": "Require(3) node_modules/egg-jsonp/config/config.default.js",
    "start": 1575690673646,
    "end": 1575690673646,
    "duration": 0,
    "pid": 6263,
    "index": 6
  },
  {
    "name": "Require(4) node_modules/egg-onerror/config/config.default.js",
    "start": 1575690673646,
    "end": 1575690673646,
    "duration": 0,
    "pid": 6263,
    "index": 7
  },
  {
    "name": "Require(5) node_modules/egg-i18n/config/config.default.js",
    "start": 1575690673647,
    "end": 1575690673647,
    "duration": 0,
    "pid": 6263,
    "index": 8
  },
  {
    "name": "Require(6) node_modules/egg-watcher/config/config.default.js",
    "start": 1575690673647,
    "end": 1575690673648,
    "duration": 1,
    "pid": 6263,
    "index": 9
  },
  {
    "name": "Require(7) node_modules/egg-schedule/config/config.default.js",
    "start": 1575690673648,
    "end": 1575690673648,
    "duration": 0,
    "pid": 6263,
    "index": 10
  },
  {
    "name": "Require(8) node_modules/egg-multipart/config/config.default.js",
    "start": 1575690673649,
    "end": 1575690673649,
    "duration": 0,
    "pid": 6263,
    "index": 11
  },
  {
    "name": "Require(9) node_modules/egg-development/config/config.default.js",
    "start": 1575690673649,
    "end": 1575690673649,
    "duration": 0,
    "pid": 6263,
    "index": 12
  },
  {
    "name": "Require(10) node_modules/egg-logrotator/config/config.default.js",
    "start": 1575690673649,
    "end": 1575690673650,
    "duration": 1,
    "pid": 6263,
    "index": 13
  },
  {
    "name": "Require(11) node_modules/egg-static/config/config.default.js",
    "start": 1575690673650,
    "end": 1575690673650,
    "duration": 0,
    "pid": 6263,
    "index": 14
  },
  {
    "name": "Require(12) node_modules/egg-view/config/config.default.js",
    "start": 1575690673650,
    "end": 1575690673651,
    "duration": 1,
    "pid": 6263,
    "index": 15
  },
  {
    "name": "Require(13) node_modules/egg/config/config.default.js",
    "start": 1575690673651,
    "end": 1575690673651,
    "duration": 0,
    "pid": 6263,
    "index": 16
  },
  {
    "name": "Require(14) config/config.default.js",
    "start": 1575690673653,
    "end": 1575690673653,
    "duration": 0,
    "pid": 6263,
    "index": 17
  },
  {
    "name": "Require(15) node_modules/egg-security/config/config.local.js",
    "start": 1575690673655,
    "end": 1575690673656,
    "duration": 1,
    "pid": 6263,
    "index": 18
  },
  {
    "name": "Require(16) node_modules/egg-watcher/config/config.local.js",
    "start": 1575690673656,
    "end": 1575690673657,
    "duration": 1,
    "pid": 6263,
    "index": 19
  },
  {
    "name": "Require(17) node_modules/egg-view/config/config.local.js",
    "start": 1575690673657,
    "end": 1575690673658,
    "duration": 1,
    "pid": 6263,
    "index": 20
  },
  {
    "name": "Require(18) node_modules/egg/config/config.local.js",
    "start": 1575690673658,
    "end": 1575690673659,
    "duration": 1,
    "pid": 6263,
    "index": 21
  },
  {
    "name": "Load extend/application.js",
    "start": 1575690673661,
    "end": 1575690673668,
    "duration": 7,
    "pid": 6263,
    "index": 22
  },
  {
    "name": "Require(19) node_modules/egg-session/app/extend/application.js",
    "start": 1575690673663,
    "end": 1575690673663,
    "duration": 0,
    "pid": 6263,
    "index": 23
  },
  {
    "name": "Require(20) node_modules/egg-security/app/extend/application.js",
    "start": 1575690673664,
    "end": 1575690673664,
    "duration": 0,
    "pid": 6263,
    "index": 24
  },
  {
    "name": "Require(21) node_modules/egg-jsonp/app/extend/application.js",
    "start": 1575690673664,
    "end": 1575690673665,
    "duration": 1,
    "pid": 6263,
    "index": 25
  },
  {
    "name": "Require(22) node_modules/egg-logrotator/app/extend/application.js",
    "start": 1575690673665,
    "end": 1575690673667,
    "duration": 2,
    "pid": 6263,
    "index": 26
  },
  {
    "name": "Require(23) node_modules/egg-view/app/extend/application.js",
    "start": 1575690673667,
    "end": 1575690673668,
    "duration": 1,
    "pid": 6263,
    "index": 27
  },
  {
    "name": "Load extend/request.js",
    "start": 1575690673668,
    "end": 1575690673670,
    "duration": 2,
    "pid": 6263,
    "index": 28
  },
  {
    "name": "Require(24) node_modules/egg/app/extend/request.js",
    "start": 1575690673669,
    "end": 1575690673669,
    "duration": 0,
    "pid": 6263,
    "index": 29
  },
  {
    "name": "Load extend/response.js",
    "start": 1575690673670,
    "end": 1575690673672,
    "duration": 2,
    "pid": 6263,
    "index": 30
  },
  {
    "name": "Require(25) node_modules/egg/app/extend/response.js",
    "start": 1575690673671,
    "end": 1575690673671,
    "duration": 0,
    "pid": 6263,
    "index": 31
  },
  {
    "name": "Load extend/context.js",
    "start": 1575690673672,
    "end": 1575690673744,
    "duration": 72,
    "pid": 6263,
    "index": 32
  },
  {
    "name": "Require(26) node_modules/egg-security/app/extend/context.js",
    "start": 1575690673672,
    "end": 1575690673679,
    "duration": 7,
    "pid": 6263,
    "index": 33
  },
  {
    "name": "Require(27) node_modules/egg-jsonp/app/extend/context.js",
    "start": 1575690673679,
    "end": 1575690673680,
    "duration": 1,
    "pid": 6263,
    "index": 34
  },
  {
    "name": "Require(28) node_modules/egg-i18n/app/extend/context.js",
    "start": 1575690673680,
    "end": 1575690673680,
    "duration": 0,
    "pid": 6263,
    "index": 35
  },
  {
    "name": "Require(29) node_modules/egg-multipart/app/extend/context.js",
    "start": 1575690673680,
    "end": 1575690673742,
    "duration": 62,
    "pid": 6263,
    "index": 36
  },
  {
    "name": "Require(30) node_modules/egg-view/app/extend/context.js",
    "start": 1575690673742,
    "end": 1575690673743,
    "duration": 1,
    "pid": 6263,
    "index": 37
  },
  {
    "name": "Require(31) node_modules/egg/app/extend/context.js",
    "start": 1575690673743,
    "end": 1575690673744,
    "duration": 1,
    "pid": 6263,
    "index": 38
  },
  {
    "name": "Load extend/helper.js",
    "start": 1575690673744,
    "end": 1575690673767,
    "duration": 23,
    "pid": 6263,
    "index": 39
  },
  {
    "name": "Require(32) node_modules/egg-security/app/extend/helper.js",
    "start": 1575690673745,
    "end": 1575690673765,
    "duration": 20,
    "pid": 6263,
    "index": 40
  },
  {
    "name": "Require(33) node_modules/egg/app/extend/helper.js",
    "start": 1575690673766,
    "end": 1575690673767,
    "duration": 1,
    "pid": 6263,
    "index": 41
  },
  {
    "name": "Load app.js",
    "start": 1575690673768,
    "end": 1575690673795,
    "duration": 27,
    "pid": 6263,
    "index": 42
  },
  {
    "name": "Require(34) node_modules/egg-session/app.js",
    "start": 1575690673768,
    "end": 1575690673769,
    "duration": 1,
    "pid": 6263,
    "index": 43
  },
  {
    "name": "Require(35) node_modules/egg-security/app.js",
    "start": 1575690673769,
    "end": 1575690673770,
    "duration": 1,
    "pid": 6263,
    "index": 44
  },
  {
    "name": "Require(36) node_modules/egg-onerror/app.js",
    "start": 1575690673771,
    "end": 1575690673776,
    "duration": 5,
    "pid": 6263,
    "index": 45
  },
  {
    "name": "Require(37) node_modules/egg-i18n/app.js",
    "start": 1575690673776,
    "end": 1575690673783,
    "duration": 7,
    "pid": 6263,
    "index": 46
  },
  {
    "name": "Require(38) node_modules/egg-watcher/app.js",
    "start": 1575690673784,
    "end": 1575690673789,
    "duration": 5,
    "pid": 6263,
    "index": 47
  },
  {
    "name": "Require(39) node_modules/egg-schedule/app.js",
    "start": 1575690673789,
    "end": 1575690673790,
    "duration": 1,
    "pid": 6263,
    "index": 48
  },
  {
    "name": "Require(40) node_modules/egg-multipart/app.js",
    "start": 1575690673790,
    "end": 1575690673793,
    "duration": 3,
    "pid": 6263,
    "index": 49
  },
  {
    "name": "Require(41) node_modules/egg-development/app.js",
    "start": 1575690673793,
    "end": 1575690673793,
    "duration": 0,
    "pid": 6263,
    "index": 50
  },
  {
    "name": "Require(42) node_modules/egg-logrotator/app.js",
    "start": 1575690673793,
    "end": 1575690673794,
    "duration": 1,
    "pid": 6263,
    "index": 51
  },
  {
    "name": "Require(43) node_modules/egg-static/app.js",
    "start": 1575690673794,
    "end": 1575690673794,
    "duration": 0,
    "pid": 6263,
    "index": 52
  },
  {
    "name": "Before Start in node_modules/egg-watcher/lib/init.js:15:14",
    "start": 1575690673809,
    "end": 1575690673964,
    "duration": 155,
    "pid": 6263,
    "index": 53
  },
  {
    "name": "Load Service",
    "start": 1575690673844,
    "end": 1575690673848,
    "duration": 4,
    "pid": 6263,
    "index": 54
  },
  {
    "name": "Load \"service\" to Context",
    "start": 1575690673845,
    "end": 1575690673848,
    "duration": 3,
    "pid": 6263,
    "index": 55
  },
  {
    "name": "Load Middleware",
    "start": 1575690673848,
    "end": 1575690673932,
    "duration": 84,
    "pid": 6263,
    "index": 56
  },
  {
    "name": "Load \"middlewares\" to Application",
    "start": 1575690673848,
    "end": 1575690673919,
    "duration": 71,
    "pid": 6263,
    "index": 57
  },
  {
    "name": "Load Controller",
    "start": 1575690673932,
    "end": 1575690673934,
    "duration": 2,
    "pid": 6263,
    "index": 58
  },
  {
    "name": "Load \"controller\" to Application",
    "start": 1575690673932,
    "end": 1575690673934,
    "duration": 2,
    "pid": 6263,
    "index": 59
  },
  {
    "name": "Load Router",
    "start": 1575690673934,
    "end": 1575690673936,
    "duration": 2,
    "pid": 6263,
    "index": 60
  },
  {
    "name": "Require(44) app/router.js",
    "start": 1575690673934,
    "end": 1575690673934,
    "duration": 0,
    "pid": 6263,
    "index": 61
  },
  {
    "name": "Before Start in node_modules/egg-core/lib/egg.js:303:10",
    "start": 1575690673935,
    "end": 1575690673945,
    "duration": 10,
    "pid": 6263,
    "index": 62
  }
]