[
  {
    "name": "Application Start",
    "start": 1575690116080,
    "end": 1575690116503,
    "duration": 423,
    "pid": 5279,
    "index": 0
  },
  {
    "name": "Load Plugin",
    "start": 1575690116092,
    "end": 1575690116108,
    "duration": 16,
    "pid": 5279,
    "index": 1
  },
  {
    "name": "Load Config",
    "start": 1575690116109,
    "end": 1575690116134,
    "duration": 25,
    "pid": 5279,
    "index": 2
  },
  {
    "name": "Require(0) config/config.default.js",
    "start": 1575690116109,
    "end": 1575690116110,
    "duration": 1,
    "pid": 5279,
    "index": 3
  },
  {
    "name": "Require(1) node_modules/egg-session/config/config.default.js",
    "start": 1575690116111,
    "end": 1575690116112,
    "duration": 1,
    "pid": 5279,
    "index": 4
  },
  {
    "name": "Require(2) node_modules/egg-security/config/config.default.js",
    "start": 1575690116112,
    "end": 1575690116113,
    "duration": 1,
    "pid": 5279,
    "index": 5
  },
  {
    "name": "Require(3) node_modules/egg-jsonp/config/config.default.js",
    "start": 1575690116113,
    "end": 1575690116114,
    "duration": 1,
    "pid": 5279,
    "index": 6
  },
  {
    "name": "Require(4) node_modules/egg-onerror/config/config.default.js",
    "start": 1575690116114,
    "end": 1575690116115,
    "duration": 1,
    "pid": 5279,
    "index": 7
  },
  {
    "name": "Require(5) node_modules/egg-i18n/config/config.default.js",
    "start": 1575690116116,
    "end": 1575690116118,
    "duration": 2,
    "pid": 5279,
    "index": 8
  },
  {
    "name": "Require(6) node_modules/egg-watcher/config/config.default.js",
    "start": 1575690116119,
    "end": 1575690116120,
    "duration": 1,
    "pid": 5279,
    "index": 9
  },
  {
    "name": "Require(7) node_modules/egg-schedule/config/config.default.js",
    "start": 1575690116120,
    "end": 1575690116121,
    "duration": 1,
    "pid": 5279,
    "index": 10
  },
  {
    "name": "Require(8) node_modules/egg-multipart/config/config.default.js",
    "start": 1575690116122,
    "end": 1575690116122,
    "duration": 0,
    "pid": 5279,
    "index": 11
  },
  {
    "name": "Require(9) node_modules/egg-development/config/config.default.js",
    "start": 1575690116123,
    "end": 1575690116124,
    "duration": 1,
    "pid": 5279,
    "index": 12
  },
  {
    "name": "Require(10) node_modules/egg-logrotator/config/config.default.js",
    "start": 1575690116124,
    "end": 1575690116126,
    "duration": 2,
    "pid": 5279,
    "index": 13
  },
  {
    "name": "Require(11) node_modules/egg-static/config/config.default.js",
    "start": 1575690116126,
    "end": 1575690116127,
    "duration": 1,
    "pid": 5279,
    "index": 14
  },
  {
    "name": "Require(12) node_modules/egg-view/config/config.default.js",
    "start": 1575690116127,
    "end": 1575690116128,
    "duration": 1,
    "pid": 5279,
    "index": 15
  },
  {
    "name": "Require(13) node_modules/egg/config/config.default.js",
    "start": 1575690116128,
    "end": 1575690116129,
    "duration": 1,
    "pid": 5279,
    "index": 16
  },
  {
    "name": "Require(14) config/config.default.js",
    "start": 1575690116131,
    "end": 1575690116131,
    "duration": 0,
    "pid": 5279,
    "index": 17
  },
  {
    "name": "Require(15) node_modules/egg-security/config/config.local.js",
    "start": 1575690116131,
    "end": 1575690116132,
    "duration": 1,
    "pid": 5279,
    "index": 18
  },
  {
    "name": "Require(16) node_modules/egg-watcher/config/config.local.js",
    "start": 1575690116132,
    "end": 1575690116133,
    "duration": 1,
    "pid": 5279,
    "index": 19
  },
  {
    "name": "Require(17) node_modules/egg-view/config/config.local.js",
    "start": 1575690116133,
    "end": 1575690116133,
    "duration": 0,
    "pid": 5279,
    "index": 20
  },
  {
    "name": "Require(18) node_modules/egg/config/config.local.js",
    "start": 1575690116134,
    "end": 1575690116134,
    "duration": 0,
    "pid": 5279,
    "index": 21
  },
  {
    "name": "Load extend/application.js",
    "start": 1575690116136,
    "end": 1575690116144,
    "duration": 8,
    "pid": 5279,
    "index": 22
  },
  {
    "name": "Require(19) node_modules/egg-session/app/extend/application.js",
    "start": 1575690116136,
    "end": 1575690116137,
    "duration": 1,
    "pid": 5279,
    "index": 23
  },
  {
    "name": "Require(20) node_modules/egg-security/app/extend/application.js",
    "start": 1575690116137,
    "end": 1575690116138,
    "duration": 1,
    "pid": 5279,
    "index": 24
  },
  {
    "name": "Require(21) node_modules/egg-jsonp/app/extend/application.js",
    "start": 1575690116139,
    "end": 1575690116140,
    "duration": 1,
    "pid": 5279,
    "index": 25
  },
  {
    "name": "Require(22) node_modules/egg-logrotator/app/extend/application.js",
    "start": 1575690116140,
    "end": 1575690116142,
    "duration": 2,
    "pid": 5279,
    "index": 26
  },
  {
    "name": "Require(23) node_modules/egg-view/app/extend/application.js",
    "start": 1575690116142,
    "end": 1575690116143,
    "duration": 1,
    "pid": 5279,
    "index": 27
  },
  {
    "name": "Load extend/request.js",
    "start": 1575690116144,
    "end": 1575690116146,
    "duration": 2,
    "pid": 5279,
    "index": 28
  },
  {
    "name": "Require(24) node_modules/egg/app/extend/request.js",
    "start": 1575690116145,
    "end": 1575690116146,
    "duration": 1,
    "pid": 5279,
    "index": 29
  },
  {
    "name": "Load extend/response.js",
    "start": 1575690116146,
    "end": 1575690116151,
    "duration": 5,
    "pid": 5279,
    "index": 30
  },
  {
    "name": "Require(25) node_modules/egg/app/extend/response.js",
    "start": 1575690116147,
    "end": 1575690116149,
    "duration": 2,
    "pid": 5279,
    "index": 31
  },
  {
    "name": "Load extend/context.js",
    "start": 1575690116151,
    "end": 1575690116237,
    "duration": 86,
    "pid": 5279,
    "index": 32
  },
  {
    "name": "Require(26) node_modules/egg-security/app/extend/context.js",
    "start": 1575690116152,
    "end": 1575690116169,
    "duration": 17,
    "pid": 5279,
    "index": 33
  },
  {
    "name": "Require(27) node_modules/egg-jsonp/app/extend/context.js",
    "start": 1575690116169,
    "end": 1575690116171,
    "duration": 2,
    "pid": 5279,
    "index": 34
  },
  {
    "name": "Require(28) node_modules/egg-i18n/app/extend/context.js",
    "start": 1575690116172,
    "end": 1575690116172,
    "duration": 0,
    "pid": 5279,
    "index": 35
  },
  {
    "name": "Require(29) node_modules/egg-multipart/app/extend/context.js",
    "start": 1575690116172,
    "end": 1575690116233,
    "duration": 61,
    "pid": 5279,
    "index": 36
  },
  {
    "name": "Require(30) node_modules/egg-view/app/extend/context.js",
    "start": 1575690116233,
    "end": 1575690116235,
    "duration": 2,
    "pid": 5279,
    "index": 37
  },
  {
    "name": "Require(31) node_modules/egg/app/extend/context.js",
    "start": 1575690116235,
    "end": 1575690116236,
    "duration": 1,
    "pid": 5279,
    "index": 38
  },
  {
    "name": "Load extend/helper.js",
    "start": 1575690116237,
    "end": 1575690116265,
    "duration": 28,
    "pid": 5279,
    "index": 39
  },
  {
    "name": "Require(32) node_modules/egg-security/app/extend/helper.js",
    "start": 1575690116237,
    "end": 1575690116263,
    "duration": 26,
    "pid": 5279,
    "index": 40
  },
  {
    "name": "Require(33) node_modules/egg/app/extend/helper.js",
    "start": 1575690116264,
    "end": 1575690116264,
    "duration": 0,
    "pid": 5279,
    "index": 41
  },
  {
    "name": "Load app.js",
    "start": 1575690116265,
    "end": 1575690116307,
    "duration": 42,
    "pid": 5279,
    "index": 42
  },
  {
    "name": "Require(34) node_modules/egg-session/app.js",
    "start": 1575690116265,
    "end": 1575690116266,
    "duration": 1,
    "pid": 5279,
    "index": 43
  },
  {
    "name": "Require(35) node_modules/egg-security/app.js",
    "start": 1575690116266,
    "end": 1575690116267,
    "duration": 1,
    "pid": 5279,
    "index": 44
  },
  {
    "name": "Require(36) node_modules/egg-onerror/app.js",
    "start": 1575690116268,
    "end": 1575690116276,
    "duration": 8,
    "pid": 5279,
    "index": 45
  },
  {
    "name": "Require(37) node_modules/egg-i18n/app.js",
    "start": 1575690116276,
    "end": 1575690116296,
    "duration": 20,
    "pid": 5279,
    "index": 46
  },
  {
    "name": "Require(38) node_modules/egg-watcher/app.js",
    "start": 1575690116296,
    "end": 1575690116300,
    "duration": 4,
    "pid": 5279,
    "index": 47
  },
  {
    "name": "Require(39) node_modules/egg-schedule/app.js",
    "start": 1575690116301,
    "end": 1575690116302,
    "duration": 1,
    "pid": 5279,
    "index": 48
  },
  {
    "name": "Require(40) node_modules/egg-multipart/app.js",
    "start": 1575690116302,
    "end": 1575690116305,
    "duration": 3,
    "pid": 5279,
    "index": 49
  },
  {
    "name": "Require(41) node_modules/egg-development/app.js",
    "start": 1575690116305,
    "end": 1575690116306,
    "duration": 1,
    "pid": 5279,
    "index": 50
  },
  {
    "name": "Require(42) node_modules/egg-logrotator/app.js",
    "start": 1575690116306,
    "end": 1575690116306,
    "duration": 0,
    "pid": 5279,
    "index": 51
  },
  {
    "name": "Require(43) node_modules/egg-static/app.js",
    "start": 1575690116306,
    "end": 1575690116307,
    "duration": 1,
    "pid": 5279,
    "index": 52
  },
  {
    "name": "Before Start in node_modules/egg-watcher/lib/init.js:15:14",
    "start": 1575690116324,
    "end": 1575690116502,
    "duration": 178,
    "pid": 5279,
    "index": 53
  },
  {
    "name": "Load Service",
    "start": 1575690116370,
    "end": 1575690116376,
    "duration": 6,
    "pid": 5279,
    "index": 54
  },
  {
    "name": "Load \"service\" to Context",
    "start": 1575690116370,
    "end": 1575690116376,
    "duration": 6,
    "pid": 5279,
    "index": 55
  },
  {
    "name": "Load Middleware",
    "start": 1575690116376,
    "end": 1575690116471,
    "duration": 95,
    "pid": 5279,
    "index": 56
  },
  {
    "name": "Load \"middlewares\" to Application",
    "start": 1575690116376,
    "end": 1575690116461,
    "duration": 85,
    "pid": 5279,
    "index": 57
  },
  {
    "name": "Load Controller",
    "start": 1575690116471,
    "end": 1575690116473,
    "duration": 2,
    "pid": 5279,
    "index": 58
  },
  {
    "name": "Load \"controller\" to Application",
    "start": 1575690116471,
    "end": 1575690116473,
    "duration": 2,
    "pid": 5279,
    "index": 59
  },
  {
    "name": "Load Router",
    "start": 1575690116473,
    "end": 1575690116475,
    "duration": 2,
    "pid": 5279,
    "index": 60
  },
  {
    "name": "Require(44) app/router.js",
    "start": 1575690116473,
    "end": 1575690116473,
    "duration": 0,
    "pid": 5279,
    "index": 61
  },
  {
    "name": "Before Start in node_modules/egg-core/lib/egg.js:303:10",
    "start": 1575690116474,
    "end": 1575690116488,
    "duration": 14,
    "pid": 5279,
    "index": 62
  }
]