[
  {
    "name": "Application Start",
    "start": 1575690575792,
    "end": 1575690576110,
    "duration": 318,
    "pid": 6034,
    "index": 0
  },
  {
    "name": "Load Plugin",
    "start": 1575690575796,
    "end": 1575690575803,
    "duration": 7,
    "pid": 6034,
    "index": 1
  },
  {
    "name": "Load Config",
    "start": 1575690575803,
    "end": 1575690575816,
    "duration": 13,
    "pid": 6034,
    "index": 2
  },
  {
    "name": "Require(0) config/config.default.js",
    "start": 1575690575804,
    "end": 1575690575804,
    "duration": 0,
    "pid": 6034,
    "index": 3
  },
  {
    "name": "Require(1) node_modules/egg-session/config/config.default.js",
    "start": 1575690575806,
    "end": 1575690575806,
    "duration": 0,
    "pid": 6034,
    "index": 4
  },
  {
    "name": "Require(2) node_modules/egg-security/config/config.default.js",
    "start": 1575690575807,
    "end": 1575690575807,
    "duration": 0,
    "pid": 6034,
    "index": 5
  },
  {
    "name": "Require(3) node_modules/egg-jsonp/config/config.default.js",
    "start": 1575690575807,
    "end": 1575690575807,
    "duration": 0,
    "pid": 6034,
    "index": 6
  },
  {
    "name": "Require(4) node_modules/egg-onerror/config/config.default.js",
    "start": 1575690575808,
    "end": 1575690575808,
    "duration": 0,
    "pid": 6034,
    "index": 7
  },
  {
    "name": "Require(5) node_modules/egg-i18n/config/config.default.js",
    "start": 1575690575808,
    "end": 1575690575808,
    "duration": 0,
    "pid": 6034,
    "index": 8
  },
  {
    "name": "Require(6) node_modules/egg-watcher/config/config.default.js",
    "start": 1575690575809,
    "end": 1575690575809,
    "duration": 0,
    "pid": 6034,
    "index": 9
  },
  {
    "name": "Require(7) node_modules/egg-schedule/config/config.default.js",
    "start": 1575690575810,
    "end": 1575690575810,
    "duration": 0,
    "pid": 6034,
    "index": 10
  },
  {
    "name": "Require(8) node_modules/egg-multipart/config/config.default.js",
    "start": 1575690575810,
    "end": 1575690575810,
    "duration": 0,
    "pid": 6034,
    "index": 11
  },
  {
    "name": "Require(9) node_modules/egg-development/config/config.default.js",
    "start": 1575690575811,
    "end": 1575690575811,
    "duration": 0,
    "pid": 6034,
    "index": 12
  },
  {
    "name": "Require(10) node_modules/egg-logrotator/config/config.default.js",
    "start": 1575690575811,
    "end": 1575690575811,
    "duration": 0,
    "pid": 6034,
    "index": 13
  },
  {
    "name": "Require(11) node_modules/egg-static/config/config.default.js",
    "start": 1575690575812,
    "end": 1575690575812,
    "duration": 0,
    "pid": 6034,
    "index": 14
  },
  {
    "name": "Require(12) node_modules/egg-view/config/config.default.js",
    "start": 1575690575812,
    "end": 1575690575812,
    "duration": 0,
    "pid": 6034,
    "index": 15
  },
  {
    "name": "Require(13) node_modules/egg/config/config.default.js",
    "start": 1575690575812,
    "end": 1575690575813,
    "duration": 1,
    "pid": 6034,
    "index": 16
  },
  {
    "name": "Require(14) config/config.default.js",
    "start": 1575690575814,
    "end": 1575690575814,
    "duration": 0,
    "pid": 6034,
    "index": 17
  },
  {
    "name": "Require(15) node_modules/egg-security/config/config.local.js",
    "start": 1575690575814,
    "end": 1575690575814,
    "duration": 0,
    "pid": 6034,
    "index": 18
  },
  {
    "name": "Require(16) node_modules/egg-watcher/config/config.local.js",
    "start": 1575690575815,
    "end": 1575690575815,
    "duration": 0,
    "pid": 6034,
    "index": 19
  },
  {
    "name": "Require(17) node_modules/egg-view/config/config.local.js",
    "start": 1575690575815,
    "end": 1575690575816,
    "duration": 1,
    "pid": 6034,
    "index": 20
  },
  {
    "name": "Require(18) node_modules/egg/config/config.local.js",
    "start": 1575690575816,
    "end": 1575690575816,
    "duration": 0,
    "pid": 6034,
    "index": 21
  },
  {
    "name": "Load extend/application.js",
    "start": 1575690575818,
    "end": 1575690575834,
    "duration": 16,
    "pid": 6034,
    "index": 22
  },
  {
    "name": "Require(19) node_modules/egg-session/app/extend/application.js",
    "start": 1575690575818,
    "end": 1575690575818,
    "duration": 0,
    "pid": 6034,
    "index": 23
  },
  {
    "name": "Require(20) node_modules/egg-security/app/extend/application.js",
    "start": 1575690575819,
    "end": 1575690575819,
    "duration": 0,
    "pid": 6034,
    "index": 24
  },
  {
    "name": "Require(21) node_modules/egg-jsonp/app/extend/application.js",
    "start": 1575690575820,
    "end": 1575690575824,
    "duration": 4,
    "pid": 6034,
    "index": 25
  },
  {
    "name": "Require(22) node_modules/egg-logrotator/app/extend/application.js",
    "start": 1575690575825,
    "end": 1575690575827,
    "duration": 2,
    "pid": 6034,
    "index": 26
  },
  {
    "name": "Require(23) node_modules/egg-view/app/extend/application.js",
    "start": 1575690575828,
    "end": 1575690575832,
    "duration": 4,
    "pid": 6034,
    "index": 27
  },
  {
    "name": "Load extend/request.js",
    "start": 1575690575834,
    "end": 1575690575837,
    "duration": 3,
    "pid": 6034,
    "index": 28
  },
  {
    "name": "Require(24) node_modules/egg/app/extend/request.js",
    "start": 1575690575835,
    "end": 1575690575836,
    "duration": 1,
    "pid": 6034,
    "index": 29
  },
  {
    "name": "Load extend/response.js",
    "start": 1575690575837,
    "end": 1575690575840,
    "duration": 3,
    "pid": 6034,
    "index": 30
  },
  {
    "name": "Require(25) node_modules/egg/app/extend/response.js",
    "start": 1575690575838,
    "end": 1575690575840,
    "duration": 2,
    "pid": 6034,
    "index": 31
  },
  {
    "name": "Load extend/context.js",
    "start": 1575690575840,
    "end": 1575690575920,
    "duration": 80,
    "pid": 6034,
    "index": 32
  },
  {
    "name": "Require(26) node_modules/egg-security/app/extend/context.js",
    "start": 1575690575841,
    "end": 1575690575847,
    "duration": 6,
    "pid": 6034,
    "index": 33
  },
  {
    "name": "Require(27) node_modules/egg-jsonp/app/extend/context.js",
    "start": 1575690575847,
    "end": 1575690575849,
    "duration": 2,
    "pid": 6034,
    "index": 34
  },
  {
    "name": "Require(28) node_modules/egg-i18n/app/extend/context.js",
    "start": 1575690575850,
    "end": 1575690575851,
    "duration": 1,
    "pid": 6034,
    "index": 35
  },
  {
    "name": "Require(29) node_modules/egg-multipart/app/extend/context.js",
    "start": 1575690575852,
    "end": 1575690575915,
    "duration": 63,
    "pid": 6034,
    "index": 36
  },
  {
    "name": "Require(30) node_modules/egg-view/app/extend/context.js",
    "start": 1575690575915,
    "end": 1575690575916,
    "duration": 1,
    "pid": 6034,
    "index": 37
  },
  {
    "name": "Require(31) node_modules/egg/app/extend/context.js",
    "start": 1575690575916,
    "end": 1575690575920,
    "duration": 4,
    "pid": 6034,
    "index": 38
  },
  {
    "name": "Load extend/helper.js",
    "start": 1575690575921,
    "end": 1575690575939,
    "duration": 18,
    "pid": 6034,
    "index": 39
  },
  {
    "name": "Require(32) node_modules/egg-security/app/extend/helper.js",
    "start": 1575690575921,
    "end": 1575690575938,
    "duration": 17,
    "pid": 6034,
    "index": 40
  },
  {
    "name": "Require(33) node_modules/egg/app/extend/helper.js",
    "start": 1575690575938,
    "end": 1575690575939,
    "duration": 1,
    "pid": 6034,
    "index": 41
  },
  {
    "name": "Load app.js",
    "start": 1575690575940,
    "end": 1575690575969,
    "duration": 29,
    "pid": 6034,
    "index": 42
  },
  {
    "name": "Require(34) node_modules/egg-session/app.js",
    "start": 1575690575940,
    "end": 1575690575940,
    "duration": 0,
    "pid": 6034,
    "index": 43
  },
  {
    "name": "Require(35) node_modules/egg-security/app.js",
    "start": 1575690575940,
    "end": 1575690575941,
    "duration": 1,
    "pid": 6034,
    "index": 44
  },
  {
    "name": "Require(36) node_modules/egg-onerror/app.js",
    "start": 1575690575941,
    "end": 1575690575946,
    "duration": 5,
    "pid": 6034,
    "index": 45
  },
  {
    "name": "Require(37) node_modules/egg-i18n/app.js",
    "start": 1575690575946,
    "end": 1575690575957,
    "duration": 11,
    "pid": 6034,
    "index": 46
  },
  {
    "name": "Require(38) node_modules/egg-watcher/app.js",
    "start": 1575690575959,
    "end": 1575690575963,
    "duration": 4,
    "pid": 6034,
    "index": 47
  },
  {
    "name": "Require(39) node_modules/egg-schedule/app.js",
    "start": 1575690575963,
    "end": 1575690575965,
    "duration": 2,
    "pid": 6034,
    "index": 48
  },
  {
    "name": "Require(40) node_modules/egg-multipart/app.js",
    "start": 1575690575965,
    "end": 1575690575967,
    "duration": 2,
    "pid": 6034,
    "index": 49
  },
  {
    "name": "Require(41) node_modules/egg-development/app.js",
    "start": 1575690575967,
    "end": 1575690575968,
    "duration": 1,
    "pid": 6034,
    "index": 50
  },
  {
    "name": "Require(42) node_modules/egg-logrotator/app.js",
    "start": 1575690575968,
    "end": 1575690575968,
    "duration": 0,
    "pid": 6034,
    "index": 51
  },
  {
    "name": "Require(43) node_modules/egg-static/app.js",
    "start": 1575690575968,
    "end": 1575690575968,
    "duration": 0,
    "pid": 6034,
    "index": 52
  },
  {
    "name": "Before Start in node_modules/egg-watcher/lib/init.js:15:14",
    "start": 1575690575980,
    "end": 1575690576110,
    "duration": 130,
    "pid": 6034,
    "index": 53
  },
  {
    "name": "Load Service",
    "start": 1575690576014,
    "end": 1575690576019,
    "duration": 5,
    "pid": 6034,
    "index": 54
  },
  {
    "name": "Load \"service\" to Context",
    "start": 1575690576014,
    "end": 1575690576019,
    "duration": 5,
    "pid": 6034,
    "index": 55
  },
  {
    "name": "Load Middleware",
    "start": 1575690576019,
    "end": 1575690576076,
    "duration": 57,
    "pid": 6034,
    "index": 56
  },
  {
    "name": "Load \"middlewares\" to Application",
    "start": 1575690576020,
    "end": 1575690576070,
    "duration": 50,
    "pid": 6034,
    "index": 57
  },
  {
    "name": "Load Controller",
    "start": 1575690576076,
    "end": 1575690576078,
    "duration": 2,
    "pid": 6034,
    "index": 58
  },
  {
    "name": "Load \"controller\" to Application",
    "start": 1575690576076,
    "end": 1575690576078,
    "duration": 2,
    "pid": 6034,
    "index": 59
  },
  {
    "name": "Load Router",
    "start": 1575690576078,
    "end": 1575690576080,
    "duration": 2,
    "pid": 6034,
    "index": 60
  },
  {
    "name": "Require(44) app/router.js",
    "start": 1575690576078,
    "end": 1575690576078,
    "duration": 0,
    "pid": 6034,
    "index": 61
  },
  {
    "name": "Before Start in node_modules/egg-core/lib/egg.js:303:10",
    "start": 1575690576079,
    "end": 1575690576096,
    "duration": 17,
    "pid": 6034,
    "index": 62
  }
]