[
  {
    "name": "Application Start",
    "start": 1575689113830,
    "end": 1575689114126,
    "duration": 296,
    "pid": 3805,
    "index": 0
  },
  {
    "name": "Load Plugin",
    "start": 1575689113833,
    "end": 1575689113842,
    "duration": 9,
    "pid": 3805,
    "index": 1
  },
  {
    "name": "Load Config",
    "start": 1575689113842,
    "end": 1575689113856,
    "duration": 14,
    "pid": 3805,
    "index": 2
  },
  {
    "name": "Require(0) config/config.default.js",
    "start": 1575689113843,
    "end": 1575689113843,
    "duration": 0,
    "pid": 3805,
    "index": 3
  },
  {
    "name": "Require(1) node_modules/egg-session/config/config.default.js",
    "start": 1575689113847,
    "end": 1575689113847,
    "duration": 0,
    "pid": 3805,
    "index": 4
  },
  {
    "name": "Require(2) node_modules/egg-security/config/config.default.js",
    "start": 1575689113847,
    "end": 1575689113847,
    "duration": 0,
    "pid": 3805,
    "index": 5
  },
  {
    "name": "Require(3) node_modules/egg-jsonp/config/config.default.js",
    "start": 1575689113848,
    "end": 1575689113848,
    "duration": 0,
    "pid": 3805,
    "index": 6
  },
  {
    "name": "Require(4) node_modules/egg-onerror/config/config.default.js",
    "start": 1575689113848,
    "end": 1575689113849,
    "duration": 1,
    "pid": 3805,
    "index": 7
  },
  {
    "name": "Require(5) node_modules/egg-i18n/config/config.default.js",
    "start": 1575689113849,
    "end": 1575689113849,
    "duration": 0,
    "pid": 3805,
    "index": 8
  },
  {
    "name": "Require(6) node_modules/egg-watcher/config/config.default.js",
    "start": 1575689113850,
    "end": 1575689113850,
    "duration": 0,
    "pid": 3805,
    "index": 9
  },
  {
    "name": "Require(7) node_modules/egg-schedule/config/config.default.js",
    "start": 1575689113850,
    "end": 1575689113850,
    "duration": 0,
    "pid": 3805,
    "index": 10
  },
  {
    "name": "Require(8) node_modules/egg-multipart/config/config.default.js",
    "start": 1575689113850,
    "end": 1575689113851,
    "duration": 1,
    "pid": 3805,
    "index": 11
  },
  {
    "name": "Require(9) node_modules/egg-development/config/config.default.js",
    "start": 1575689113851,
    "end": 1575689113851,
    "duration": 0,
    "pid": 3805,
    "index": 12
  },
  {
    "name": "Require(10) node_modules/egg-logrotator/config/config.default.js",
    "start": 1575689113852,
    "end": 1575689113852,
    "duration": 0,
    "pid": 3805,
    "index": 13
  },
  {
    "name": "Require(11) node_modules/egg-static/config/config.default.js",
    "start": 1575689113852,
    "end": 1575689113852,
    "duration": 0,
    "pid": 3805,
    "index": 14
  },
  {
    "name": "Require(12) node_modules/egg-view/config/config.default.js",
    "start": 1575689113852,
    "end": 1575689113853,
    "duration": 1,
    "pid": 3805,
    "index": 15
  },
  {
    "name": "Require(13) node_modules/egg/config/config.default.js",
    "start": 1575689113853,
    "end": 1575689113853,
    "duration": 0,
    "pid": 3805,
    "index": 16
  },
  {
    "name": "Require(14) config/config.default.js",
    "start": 1575689113854,
    "end": 1575689113854,
    "duration": 0,
    "pid": 3805,
    "index": 17
  },
  {
    "name": "Require(15) node_modules/egg-security/config/config.local.js",
    "start": 1575689113855,
    "end": 1575689113855,
    "duration": 0,
    "pid": 3805,
    "index": 18
  },
  {
    "name": "Require(16) node_modules/egg-watcher/config/config.local.js",
    "start": 1575689113855,
    "end": 1575689113855,
    "duration": 0,
    "pid": 3805,
    "index": 19
  },
  {
    "name": "Require(17) node_modules/egg-view/config/config.local.js",
    "start": 1575689113856,
    "end": 1575689113856,
    "duration": 0,
    "pid": 3805,
    "index": 20
  },
  {
    "name": "Require(18) node_modules/egg/config/config.local.js",
    "start": 1575689113856,
    "end": 1575689113856,
    "duration": 0,
    "pid": 3805,
    "index": 21
  },
  {
    "name": "Load extend/application.js",
    "start": 1575689113858,
    "end": 1575689113863,
    "duration": 5,
    "pid": 3805,
    "index": 22
  },
  {
    "name": "Require(19) node_modules/egg-session/app/extend/application.js",
    "start": 1575689113858,
    "end": 1575689113859,
    "duration": 1,
    "pid": 3805,
    "index": 23
  },
  {
    "name": "Require(20) node_modules/egg-security/app/extend/application.js",
    "start": 1575689113859,
    "end": 1575689113859,
    "duration": 0,
    "pid": 3805,
    "index": 24
  },
  {
    "name": "Require(21) node_modules/egg-jsonp/app/extend/application.js",
    "start": 1575689113860,
    "end": 1575689113860,
    "duration": 0,
    "pid": 3805,
    "index": 25
  },
  {
    "name": "Require(22) node_modules/egg-logrotator/app/extend/application.js",
    "start": 1575689113861,
    "end": 1575689113861,
    "duration": 0,
    "pid": 3805,
    "index": 26
  },
  {
    "name": "Require(23) node_modules/egg-view/app/extend/application.js",
    "start": 1575689113862,
    "end": 1575689113862,
    "duration": 0,
    "pid": 3805,
    "index": 27
  },
  {
    "name": "Load extend/request.js",
    "start": 1575689113863,
    "end": 1575689113864,
    "duration": 1,
    "pid": 3805,
    "index": 28
  },
  {
    "name": "Require(24) node_modules/egg/app/extend/request.js",
    "start": 1575689113863,
    "end": 1575689113864,
    "duration": 1,
    "pid": 3805,
    "index": 29
  },
  {
    "name": "Load extend/response.js",
    "start": 1575689113864,
    "end": 1575689113866,
    "duration": 2,
    "pid": 3805,
    "index": 30
  },
  {
    "name": "Require(25) node_modules/egg/app/extend/response.js",
    "start": 1575689113865,
    "end": 1575689113866,
    "duration": 1,
    "pid": 3805,
    "index": 31
  },
  {
    "name": "Load extend/context.js",
    "start": 1575689113866,
    "end": 1575689113934,
    "duration": 68,
    "pid": 3805,
    "index": 32
  },
  {
    "name": "Require(26) node_modules/egg-security/app/extend/context.js",
    "start": 1575689113866,
    "end": 1575689113875,
    "duration": 9,
    "pid": 3805,
    "index": 33
  },
  {
    "name": "Require(27) node_modules/egg-jsonp/app/extend/context.js",
    "start": 1575689113875,
    "end": 1575689113876,
    "duration": 1,
    "pid": 3805,
    "index": 34
  },
  {
    "name": "Require(28) node_modules/egg-i18n/app/extend/context.js",
    "start": 1575689113877,
    "end": 1575689113877,
    "duration": 0,
    "pid": 3805,
    "index": 35
  },
  {
    "name": "Require(29) node_modules/egg-multipart/app/extend/context.js",
    "start": 1575689113878,
    "end": 1575689113932,
    "duration": 54,
    "pid": 3805,
    "index": 36
  },
  {
    "name": "Require(30) node_modules/egg-view/app/extend/context.js",
    "start": 1575689113932,
    "end": 1575689113933,
    "duration": 1,
    "pid": 3805,
    "index": 37
  },
  {
    "name": "Require(31) node_modules/egg/app/extend/context.js",
    "start": 1575689113933,
    "end": 1575689113934,
    "duration": 1,
    "pid": 3805,
    "index": 38
  },
  {
    "name": "Load extend/helper.js",
    "start": 1575689113934,
    "end": 1575689113955,
    "duration": 21,
    "pid": 3805,
    "index": 39
  },
  {
    "name": "Require(32) node_modules/egg-security/app/extend/helper.js",
    "start": 1575689113935,
    "end": 1575689113954,
    "duration": 19,
    "pid": 3805,
    "index": 40
  },
  {
    "name": "Require(33) node_modules/egg/app/extend/helper.js",
    "start": 1575689113954,
    "end": 1575689113954,
    "duration": 0,
    "pid": 3805,
    "index": 41
  },
  {
    "name": "Load app.js",
    "start": 1575689113955,
    "end": 1575689113978,
    "duration": 23,
    "pid": 3805,
    "index": 42
  },
  {
    "name": "Require(34) node_modules/egg-session/app.js",
    "start": 1575689113955,
    "end": 1575689113955,
    "duration": 0,
    "pid": 3805,
    "index": 43
  },
  {
    "name": "Require(35) node_modules/egg-security/app.js",
    "start": 1575689113955,
    "end": 1575689113956,
    "duration": 1,
    "pid": 3805,
    "index": 44
  },
  {
    "name": "Require(36) node_modules/egg-onerror/app.js",
    "start": 1575689113956,
    "end": 1575689113961,
    "duration": 5,
    "pid": 3805,
    "index": 45
  },
  {
    "name": "Require(37) node_modules/egg-i18n/app.js",
    "start": 1575689113961,
    "end": 1575689113968,
    "duration": 7,
    "pid": 3805,
    "index": 46
  },
  {
    "name": "Require(38) node_modules/egg-watcher/app.js",
    "start": 1575689113968,
    "end": 1575689113970,
    "duration": 2,
    "pid": 3805,
    "index": 47
  },
  {
    "name": "Require(39) node_modules/egg-schedule/app.js",
    "start": 1575689113970,
    "end": 1575689113972,
    "duration": 2,
    "pid": 3805,
    "index": 48
  },
  {
    "name": "Require(40) node_modules/egg-multipart/app.js",
    "start": 1575689113973,
    "end": 1575689113975,
    "duration": 2,
    "pid": 3805,
    "index": 49
  },
  {
    "name": "Require(41) node_modules/egg-development/app.js",
    "start": 1575689113975,
    "end": 1575689113976,
    "duration": 1,
    "pid": 3805,
    "index": 50
  },
  {
    "name": "Require(42) node_modules/egg-logrotator/app.js",
    "start": 1575689113976,
    "end": 1575689113977,
    "duration": 1,
    "pid": 3805,
    "index": 51
  },
  {
    "name": "Require(43) node_modules/egg-static/app.js",
    "start": 1575689113977,
    "end": 1575689113977,
    "duration": 0,
    "pid": 3805,
    "index": 52
  },
  {
    "name": "Before Start in node_modules/egg-watcher/lib/init.js:15:14",
    "start": 1575689113992,
    "end": 1575689114126,
    "duration": 134,
    "pid": 3805,
    "index": 53
  },
  {
    "name": "Load Service",
    "start": 1575689114024,
    "end": 1575689114026,
    "duration": 2,
    "pid": 3805,
    "index": 54
  },
  {
    "name": "Load \"service\" to Context",
    "start": 1575689114024,
    "end": 1575689114026,
    "duration": 2,
    "pid": 3805,
    "index": 55
  },
  {
    "name": "Load Middleware",
    "start": 1575689114026,
    "end": 1575689114089,
    "duration": 63,
    "pid": 3805,
    "index": 56
  },
  {
    "name": "Load \"middlewares\" to Application",
    "start": 1575689114026,
    "end": 1575689114080,
    "duration": 54,
    "pid": 3805,
    "index": 57
  },
  {
    "name": "Load Controller",
    "start": 1575689114089,
    "end": 1575689114091,
    "duration": 2,
    "pid": 3805,
    "index": 58
  },
  {
    "name": "Load \"controller\" to Application",
    "start": 1575689114089,
    "end": 1575689114091,
    "duration": 2,
    "pid": 3805,
    "index": 59
  },
  {
    "name": "Load Router",
    "start": 1575689114091,
    "end": 1575689114093,
    "duration": 2,
    "pid": 3805,
    "index": 60
  },
  {
    "name": "Require(44) app/router.js",
    "start": 1575689114091,
    "end": 1575689114091,
    "duration": 0,
    "pid": 3805,
    "index": 61
  },
  {
    "name": "Before Start in node_modules/egg-core/lib/egg.js:303:10",
    "start": 1575689114092,
    "end": 1575689114103,
    "duration": 11,
    "pid": 3805,
    "index": 62
  }
]