[
  {
    "name": "Application Start",
    "start": 1575690251341,
    "end": 1575690251642,
    "duration": 301,
    "pid": 5479,
    "index": 0
  },
  {
    "name": "Load Plugin",
    "start": 1575690251344,
    "end": 1575690251353,
    "duration": 9,
    "pid": 5479,
    "index": 1
  },
  {
    "name": "Load Config",
    "start": 1575690251353,
    "end": 1575690251373,
    "duration": 20,
    "pid": 5479,
    "index": 2
  },
  {
    "name": "Require(0) config/config.default.js",
    "start": 1575690251354,
    "end": 1575690251355,
    "duration": 1,
    "pid": 5479,
    "index": 3
  },
  {
    "name": "Require(1) node_modules/egg-session/config/config.default.js",
    "start": 1575690251356,
    "end": 1575690251357,
    "duration": 1,
    "pid": 5479,
    "index": 4
  },
  {
    "name": "Require(2) node_modules/egg-security/config/config.default.js",
    "start": 1575690251357,
    "end": 1575690251357,
    "duration": 0,
    "pid": 5479,
    "index": 5
  },
  {
    "name": "Require(3) node_modules/egg-jsonp/config/config.default.js",
    "start": 1575690251360,
    "end": 1575690251361,
    "duration": 1,
    "pid": 5479,
    "index": 6
  },
  {
    "name": "Require(4) node_modules/egg-onerror/config/config.default.js",
    "start": 1575690251361,
    "end": 1575690251361,
    "duration": 0,
    "pid": 5479,
    "index": 7
  },
  {
    "name": "Require(5) node_modules/egg-i18n/config/config.default.js",
    "start": 1575690251362,
    "end": 1575690251362,
    "duration": 0,
    "pid": 5479,
    "index": 8
  },
  {
    "name": "Require(6) node_modules/egg-watcher/config/config.default.js",
    "start": 1575690251363,
    "end": 1575690251363,
    "duration": 0,
    "pid": 5479,
    "index": 9
  },
  {
    "name": "Require(7) node_modules/egg-schedule/config/config.default.js",
    "start": 1575690251364,
    "end": 1575690251364,
    "duration": 0,
    "pid": 5479,
    "index": 10
  },
  {
    "name": "Require(8) node_modules/egg-multipart/config/config.default.js",
    "start": 1575690251364,
    "end": 1575690251365,
    "duration": 1,
    "pid": 5479,
    "index": 11
  },
  {
    "name": "Require(9) node_modules/egg-development/config/config.default.js",
    "start": 1575690251366,
    "end": 1575690251366,
    "duration": 0,
    "pid": 5479,
    "index": 12
  },
  {
    "name": "Require(10) node_modules/egg-logrotator/config/config.default.js",
    "start": 1575690251367,
    "end": 1575690251367,
    "duration": 0,
    "pid": 5479,
    "index": 13
  },
  {
    "name": "Require(11) node_modules/egg-static/config/config.default.js",
    "start": 1575690251367,
    "end": 1575690251368,
    "duration": 1,
    "pid": 5479,
    "index": 14
  },
  {
    "name": "Require(12) node_modules/egg-view/config/config.default.js",
    "start": 1575690251369,
    "end": 1575690251369,
    "duration": 0,
    "pid": 5479,
    "index": 15
  },
  {
    "name": "Require(13) node_modules/egg/config/config.default.js",
    "start": 1575690251369,
    "end": 1575690251370,
    "duration": 1,
    "pid": 5479,
    "index": 16
  },
  {
    "name": "Require(14) config/config.default.js",
    "start": 1575690251371,
    "end": 1575690251371,
    "duration": 0,
    "pid": 5479,
    "index": 17
  },
  {
    "name": "Require(15) node_modules/egg-security/config/config.local.js",
    "start": 1575690251371,
    "end": 1575690251371,
    "duration": 0,
    "pid": 5479,
    "index": 18
  },
  {
    "name": "Require(16) node_modules/egg-watcher/config/config.local.js",
    "start": 1575690251372,
    "end": 1575690251372,
    "duration": 0,
    "pid": 5479,
    "index": 19
  },
  {
    "name": "Require(17) node_modules/egg-view/config/config.local.js",
    "start": 1575690251372,
    "end": 1575690251373,
    "duration": 1,
    "pid": 5479,
    "index": 20
  },
  {
    "name": "Require(18) node_modules/egg/config/config.local.js",
    "start": 1575690251373,
    "end": 1575690251373,
    "duration": 0,
    "pid": 5479,
    "index": 21
  },
  {
    "name": "Load extend/application.js",
    "start": 1575690251375,
    "end": 1575690251380,
    "duration": 5,
    "pid": 5479,
    "index": 22
  },
  {
    "name": "Require(19) node_modules/egg-session/app/extend/application.js",
    "start": 1575690251375,
    "end": 1575690251375,
    "duration": 0,
    "pid": 5479,
    "index": 23
  },
  {
    "name": "Require(20) node_modules/egg-security/app/extend/application.js",
    "start": 1575690251376,
    "end": 1575690251376,
    "duration": 0,
    "pid": 5479,
    "index": 24
  },
  {
    "name": "Require(21) node_modules/egg-jsonp/app/extend/application.js",
    "start": 1575690251376,
    "end": 1575690251377,
    "duration": 1,
    "pid": 5479,
    "index": 25
  },
  {
    "name": "Require(22) node_modules/egg-logrotator/app/extend/application.js",
    "start": 1575690251378,
    "end": 1575690251378,
    "duration": 0,
    "pid": 5479,
    "index": 26
  },
  {
    "name": "Require(23) node_modules/egg-view/app/extend/application.js",
    "start": 1575690251378,
    "end": 1575690251379,
    "duration": 1,
    "pid": 5479,
    "index": 27
  },
  {
    "name": "Load extend/request.js",
    "start": 1575690251380,
    "end": 1575690251381,
    "duration": 1,
    "pid": 5479,
    "index": 28
  },
  {
    "name": "Require(24) node_modules/egg/app/extend/request.js",
    "start": 1575690251380,
    "end": 1575690251381,
    "duration": 1,
    "pid": 5479,
    "index": 29
  },
  {
    "name": "Load extend/response.js",
    "start": 1575690251381,
    "end": 1575690251386,
    "duration": 5,
    "pid": 5479,
    "index": 30
  },
  {
    "name": "Require(25) node_modules/egg/app/extend/response.js",
    "start": 1575690251384,
    "end": 1575690251385,
    "duration": 1,
    "pid": 5479,
    "index": 31
  },
  {
    "name": "Load extend/context.js",
    "start": 1575690251386,
    "end": 1575690251445,
    "duration": 59,
    "pid": 5479,
    "index": 32
  },
  {
    "name": "Require(26) node_modules/egg-security/app/extend/context.js",
    "start": 1575690251386,
    "end": 1575690251396,
    "duration": 10,
    "pid": 5479,
    "index": 33
  },
  {
    "name": "Require(27) node_modules/egg-jsonp/app/extend/context.js",
    "start": 1575690251396,
    "end": 1575690251397,
    "duration": 1,
    "pid": 5479,
    "index": 34
  },
  {
    "name": "Require(28) node_modules/egg-i18n/app/extend/context.js",
    "start": 1575690251398,
    "end": 1575690251398,
    "duration": 0,
    "pid": 5479,
    "index": 35
  },
  {
    "name": "Require(29) node_modules/egg-multipart/app/extend/context.js",
    "start": 1575690251398,
    "end": 1575690251442,
    "duration": 44,
    "pid": 5479,
    "index": 36
  },
  {
    "name": "Require(30) node_modules/egg-view/app/extend/context.js",
    "start": 1575690251443,
    "end": 1575690251443,
    "duration": 0,
    "pid": 5479,
    "index": 37
  },
  {
    "name": "Require(31) node_modules/egg/app/extend/context.js",
    "start": 1575690251443,
    "end": 1575690251444,
    "duration": 1,
    "pid": 5479,
    "index": 38
  },
  {
    "name": "Load extend/helper.js",
    "start": 1575690251445,
    "end": 1575690251464,
    "duration": 19,
    "pid": 5479,
    "index": 39
  },
  {
    "name": "Require(32) node_modules/egg-security/app/extend/helper.js",
    "start": 1575690251445,
    "end": 1575690251463,
    "duration": 18,
    "pid": 5479,
    "index": 40
  },
  {
    "name": "Require(33) node_modules/egg/app/extend/helper.js",
    "start": 1575690251463,
    "end": 1575690251464,
    "duration": 1,
    "pid": 5479,
    "index": 41
  },
  {
    "name": "Load app.js",
    "start": 1575690251465,
    "end": 1575690251506,
    "duration": 41,
    "pid": 5479,
    "index": 42
  },
  {
    "name": "Require(34) node_modules/egg-session/app.js",
    "start": 1575690251466,
    "end": 1575690251466,
    "duration": 0,
    "pid": 5479,
    "index": 43
  },
  {
    "name": "Require(35) node_modules/egg-security/app.js",
    "start": 1575690251467,
    "end": 1575690251468,
    "duration": 1,
    "pid": 5479,
    "index": 44
  },
  {
    "name": "Require(36) node_modules/egg-onerror/app.js",
    "start": 1575690251468,
    "end": 1575690251476,
    "duration": 8,
    "pid": 5479,
    "index": 45
  },
  {
    "name": "Require(37) node_modules/egg-i18n/app.js",
    "start": 1575690251476,
    "end": 1575690251491,
    "duration": 15,
    "pid": 5479,
    "index": 46
  },
  {
    "name": "Require(38) node_modules/egg-watcher/app.js",
    "start": 1575690251492,
    "end": 1575690251499,
    "duration": 7,
    "pid": 5479,
    "index": 47
  },
  {
    "name": "Require(39) node_modules/egg-schedule/app.js",
    "start": 1575690251499,
    "end": 1575690251501,
    "duration": 2,
    "pid": 5479,
    "index": 48
  },
  {
    "name": "Require(40) node_modules/egg-multipart/app.js",
    "start": 1575690251501,
    "end": 1575690251503,
    "duration": 2,
    "pid": 5479,
    "index": 49
  },
  {
    "name": "Require(41) node_modules/egg-development/app.js",
    "start": 1575690251504,
    "end": 1575690251504,
    "duration": 0,
    "pid": 5479,
    "index": 50
  },
  {
    "name": "Require(42) node_modules/egg-logrotator/app.js",
    "start": 1575690251505,
    "end": 1575690251505,
    "duration": 0,
    "pid": 5479,
    "index": 51
  },
  {
    "name": "Require(43) node_modules/egg-static/app.js",
    "start": 1575690251505,
    "end": 1575690251506,
    "duration": 1,
    "pid": 5479,
    "index": 52
  },
  {
    "name": "Before Start in node_modules/egg-watcher/lib/init.js:15:14",
    "start": 1575690251522,
    "end": 1575690251641,
    "duration": 119,
    "pid": 5479,
    "index": 53
  },
  {
    "name": "Load Service",
    "start": 1575690251553,
    "end": 1575690251558,
    "duration": 5,
    "pid": 5479,
    "index": 54
  },
  {
    "name": "Load \"service\" to Context",
    "start": 1575690251553,
    "end": 1575690251558,
    "duration": 5,
    "pid": 5479,
    "index": 55
  },
  {
    "name": "Load Middleware",
    "start": 1575690251558,
    "end": 1575690251611,
    "duration": 53,
    "pid": 5479,
    "index": 56
  },
  {
    "name": "Load \"middlewares\" to Application",
    "start": 1575690251559,
    "end": 1575690251604,
    "duration": 45,
    "pid": 5479,
    "index": 57
  },
  {
    "name": "Load Controller",
    "start": 1575690251611,
    "end": 1575690251612,
    "duration": 1,
    "pid": 5479,
    "index": 58
  },
  {
    "name": "Load \"controller\" to Application",
    "start": 1575690251611,
    "end": 1575690251612,
    "duration": 1,
    "pid": 5479,
    "index": 59
  },
  {
    "name": "Load Router",
    "start": 1575690251612,
    "end": 1575690251616,
    "duration": 4,
    "pid": 5479,
    "index": 60
  },
  {
    "name": "Require(44) app/router.js",
    "start": 1575690251612,
    "end": 1575690251613,
    "duration": 1,
    "pid": 5479,
    "index": 61
  },
  {
    "name": "Before Start in node_modules/egg-core/lib/egg.js:303:10",
    "start": 1575690251614,
    "end": 1575690251630,
    "duration": 16,
    "pid": 5479,
    "index": 62
  }
]