[
  {
    "name": "Application Start",
    "start": 1575690984323,
    "end": 1575690984822,
    "duration": 499,
    "pid": 6733,
    "index": 0
  },
  {
    "name": "Load Plugin",
    "start": 1575690984328,
    "end": 1575690984339,
    "duration": 11,
    "pid": 6733,
    "index": 1
  },
  {
    "name": "Load Config",
    "start": 1575690984339,
    "end": 1575690984355,
    "duration": 16,
    "pid": 6733,
    "index": 2
  },
  {
    "name": "Require(0) config/config.default.js",
    "start": 1575690984339,
    "end": 1575690984340,
    "duration": 1,
    "pid": 6733,
    "index": 3
  },
  {
    "name": "Require(1) node_modules/egg-session/config/config.default.js",
    "start": 1575690984341,
    "end": 1575690984341,
    "duration": 0,
    "pid": 6733,
    "index": 4
  },
  {
    "name": "Require(2) node_modules/egg-security/config/config.default.js",
    "start": 1575690984341,
    "end": 1575690984342,
    "duration": 1,
    "pid": 6733,
    "index": 5
  },
  {
    "name": "Require(3) node_modules/egg-jsonp/config/config.default.js",
    "start": 1575690984342,
    "end": 1575690984342,
    "duration": 0,
    "pid": 6733,
    "index": 6
  },
  {
    "name": "Require(4) node_modules/egg-onerror/config/config.default.js",
    "start": 1575690984342,
    "end": 1575690984343,
    "duration": 1,
    "pid": 6733,
    "index": 7
  },
  {
    "name": "Require(5) node_modules/egg-i18n/config/config.default.js",
    "start": 1575690984344,
    "end": 1575690984345,
    "duration": 1,
    "pid": 6733,
    "index": 8
  },
  {
    "name": "Require(6) node_modules/egg-watcher/config/config.default.js",
    "start": 1575690984345,
    "end": 1575690984346,
    "duration": 1,
    "pid": 6733,
    "index": 9
  },
  {
    "name": "Require(7) node_modules/egg-schedule/config/config.default.js",
    "start": 1575690984346,
    "end": 1575690984346,
    "duration": 0,
    "pid": 6733,
    "index": 10
  },
  {
    "name": "Require(8) node_modules/egg-multipart/config/config.default.js",
    "start": 1575690984346,
    "end": 1575690984347,
    "duration": 1,
    "pid": 6733,
    "index": 11
  },
  {
    "name": "Require(9) node_modules/egg-development/config/config.default.js",
    "start": 1575690984347,
    "end": 1575690984347,
    "duration": 0,
    "pid": 6733,
    "index": 12
  },
  {
    "name": "Require(10) node_modules/egg-logrotator/config/config.default.js",
    "start": 1575690984348,
    "end": 1575690984348,
    "duration": 0,
    "pid": 6733,
    "index": 13
  },
  {
    "name": "Require(11) node_modules/egg-static/config/config.default.js",
    "start": 1575690984348,
    "end": 1575690984349,
    "duration": 1,
    "pid": 6733,
    "index": 14
  },
  {
    "name": "Require(12) node_modules/egg-view/config/config.default.js",
    "start": 1575690984349,
    "end": 1575690984349,
    "duration": 0,
    "pid": 6733,
    "index": 15
  },
  {
    "name": "Require(13) node_modules/egg/config/config.default.js",
    "start": 1575690984350,
    "end": 1575690984350,
    "duration": 0,
    "pid": 6733,
    "index": 16
  },
  {
    "name": "Require(14) config/config.default.js",
    "start": 1575690984352,
    "end": 1575690984352,
    "duration": 0,
    "pid": 6733,
    "index": 17
  },
  {
    "name": "Require(15) node_modules/egg-security/config/config.local.js",
    "start": 1575690984352,
    "end": 1575690984353,
    "duration": 1,
    "pid": 6733,
    "index": 18
  },
  {
    "name": "Require(16) node_modules/egg-watcher/config/config.local.js",
    "start": 1575690984353,
    "end": 1575690984353,
    "duration": 0,
    "pid": 6733,
    "index": 19
  },
  {
    "name": "Require(17) node_modules/egg-view/config/config.local.js",
    "start": 1575690984354,
    "end": 1575690984354,
    "duration": 0,
    "pid": 6733,
    "index": 20
  },
  {
    "name": "Require(18) node_modules/egg/config/config.local.js",
    "start": 1575690984354,
    "end": 1575690984355,
    "duration": 1,
    "pid": 6733,
    "index": 21
  },
  {
    "name": "Load extend/application.js",
    "start": 1575690984359,
    "end": 1575690984373,
    "duration": 14,
    "pid": 6733,
    "index": 22
  },
  {
    "name": "Require(19) node_modules/egg-session/app/extend/application.js",
    "start": 1575690984360,
    "end": 1575690984360,
    "duration": 0,
    "pid": 6733,
    "index": 23
  },
  {
    "name": "Require(20) node_modules/egg-security/app/extend/application.js",
    "start": 1575690984361,
    "end": 1575690984363,
    "duration": 2,
    "pid": 6733,
    "index": 24
  },
  {
    "name": "Require(21) node_modules/egg-jsonp/app/extend/application.js",
    "start": 1575690984363,
    "end": 1575690984367,
    "duration": 4,
    "pid": 6733,
    "index": 25
  },
  {
    "name": "Require(22) node_modules/egg-logrotator/app/extend/application.js",
    "start": 1575690984368,
    "end": 1575690984371,
    "duration": 3,
    "pid": 6733,
    "index": 26
  },
  {
    "name": "Require(23) node_modules/egg-view/app/extend/application.js",
    "start": 1575690984371,
    "end": 1575690984373,
    "duration": 2,
    "pid": 6733,
    "index": 27
  },
  {
    "name": "Load extend/request.js",
    "start": 1575690984374,
    "end": 1575690984376,
    "duration": 2,
    "pid": 6733,
    "index": 28
  },
  {
    "name": "Require(24) node_modules/egg/app/extend/request.js",
    "start": 1575690984374,
    "end": 1575690984375,
    "duration": 1,
    "pid": 6733,
    "index": 29
  },
  {
    "name": "Load extend/response.js",
    "start": 1575690984376,
    "end": 1575690984378,
    "duration": 2,
    "pid": 6733,
    "index": 30
  },
  {
    "name": "Require(25) node_modules/egg/app/extend/response.js",
    "start": 1575690984376,
    "end": 1575690984377,
    "duration": 1,
    "pid": 6733,
    "index": 31
  },
  {
    "name": "Load extend/context.js",
    "start": 1575690984378,
    "end": 1575690984522,
    "duration": 144,
    "pid": 6733,
    "index": 32
  },
  {
    "name": "Require(26) node_modules/egg-security/app/extend/context.js",
    "start": 1575690984379,
    "end": 1575690984391,
    "duration": 12,
    "pid": 6733,
    "index": 33
  },
  {
    "name": "Require(27) node_modules/egg-jsonp/app/extend/context.js",
    "start": 1575690984391,
    "end": 1575690984394,
    "duration": 3,
    "pid": 6733,
    "index": 34
  },
  {
    "name": "Require(28) node_modules/egg-i18n/app/extend/context.js",
    "start": 1575690984394,
    "end": 1575690984394,
    "duration": 0,
    "pid": 6733,
    "index": 35
  },
  {
    "name": "Require(29) node_modules/egg-multipart/app/extend/context.js",
    "start": 1575690984394,
    "end": 1575690984516,
    "duration": 122,
    "pid": 6733,
    "index": 36
  },
  {
    "name": "Require(30) node_modules/egg-view/app/extend/context.js",
    "start": 1575690984516,
    "end": 1575690984517,
    "duration": 1,
    "pid": 6733,
    "index": 37
  },
  {
    "name": "Require(31) node_modules/egg/app/extend/context.js",
    "start": 1575690984517,
    "end": 1575690984521,
    "duration": 4,
    "pid": 6733,
    "index": 38
  },
  {
    "name": "Load extend/helper.js",
    "start": 1575690984522,
    "end": 1575690984619,
    "duration": 97,
    "pid": 6733,
    "index": 39
  },
  {
    "name": "Require(32) node_modules/egg-security/app/extend/helper.js",
    "start": 1575690984525,
    "end": 1575690984618,
    "duration": 93,
    "pid": 6733,
    "index": 40
  },
  {
    "name": "Require(33) node_modules/egg/app/extend/helper.js",
    "start": 1575690984618,
    "end": 1575690984619,
    "duration": 1,
    "pid": 6733,
    "index": 41
  },
  {
    "name": "Load app.js",
    "start": 1575690984619,
    "end": 1575690984678,
    "duration": 59,
    "pid": 6733,
    "index": 42
  },
  {
    "name": "Require(34) node_modules/egg-session/app.js",
    "start": 1575690984619,
    "end": 1575690984620,
    "duration": 1,
    "pid": 6733,
    "index": 43
  },
  {
    "name": "Require(35) node_modules/egg-security/app.js",
    "start": 1575690984621,
    "end": 1575690984625,
    "duration": 4,
    "pid": 6733,
    "index": 44
  },
  {
    "name": "Require(36) node_modules/egg-onerror/app.js",
    "start": 1575690984626,
    "end": 1575690984640,
    "duration": 14,
    "pid": 6733,
    "index": 45
  },
  {
    "name": "Require(37) node_modules/egg-i18n/app.js",
    "start": 1575690984640,
    "end": 1575690984649,
    "duration": 9,
    "pid": 6733,
    "index": 46
  },
  {
    "name": "Require(38) node_modules/egg-watcher/app.js",
    "start": 1575690984650,
    "end": 1575690984674,
    "duration": 24,
    "pid": 6733,
    "index": 47
  },
  {
    "name": "Require(39) node_modules/egg-schedule/app.js",
    "start": 1575690984674,
    "end": 1575690984675,
    "duration": 1,
    "pid": 6733,
    "index": 48
  },
  {
    "name": "Require(40) node_modules/egg-multipart/app.js",
    "start": 1575690984675,
    "end": 1575690984677,
    "duration": 2,
    "pid": 6733,
    "index": 49
  },
  {
    "name": "Require(41) node_modules/egg-development/app.js",
    "start": 1575690984677,
    "end": 1575690984677,
    "duration": 0,
    "pid": 6733,
    "index": 50
  },
  {
    "name": "Require(42) node_modules/egg-logrotator/app.js",
    "start": 1575690984677,
    "end": 1575690984677,
    "duration": 0,
    "pid": 6733,
    "index": 51
  },
  {
    "name": "Require(43) node_modules/egg-static/app.js",
    "start": 1575690984677,
    "end": 1575690984677,
    "duration": 0,
    "pid": 6733,
    "index": 52
  },
  {
    "name": "Before Start in node_modules/egg-watcher/lib/init.js:15:14",
    "start": 1575690984697,
    "end": 1575690984819,
    "duration": 122,
    "pid": 6733,
    "index": 53
  },
  {
    "name": "Load Service",
    "start": 1575690984735,
    "end": 1575690984739,
    "duration": 4,
    "pid": 6733,
    "index": 54
  },
  {
    "name": "Load \"service\" to Context",
    "start": 1575690984735,
    "end": 1575690984739,
    "duration": 4,
    "pid": 6733,
    "index": 55
  },
  {
    "name": "Load Middleware",
    "start": 1575690984739,
    "end": 1575690984791,
    "duration": 52,
    "pid": 6733,
    "index": 56
  },
  {
    "name": "Load \"middlewares\" to Application",
    "start": 1575690984739,
    "end": 1575690984781,
    "duration": 42,
    "pid": 6733,
    "index": 57
  },
  {
    "name": "Load Controller",
    "start": 1575690984791,
    "end": 1575690984797,
    "duration": 6,
    "pid": 6733,
    "index": 58
  },
  {
    "name": "Load \"controller\" to Application",
    "start": 1575690984792,
    "end": 1575690984796,
    "duration": 4,
    "pid": 6733,
    "index": 59
  },
  {
    "name": "Load Router",
    "start": 1575690984797,
    "end": 1575690984799,
    "duration": 2,
    "pid": 6733,
    "index": 60
  },
  {
    "name": "Require(44) app/router.js",
    "start": 1575690984797,
    "end": 1575690984797,
    "duration": 0,
    "pid": 6733,
    "index": 61
  },
  {
    "name": "Before Start in node_modules/egg-core/lib/egg.js:303:10",
    "start": 1575690984798,
    "end": 1575690984809,
    "duration": 11,
    "pid": 6733,
    "index": 62
  }
]