[
  {
    "name": "Application Start",
    "start": 1575691460291,
    "end": 1575691460688,
    "duration": 397,
    "pid": 7501,
    "index": 0
  },
  {
    "name": "Load Plugin",
    "start": 1575691460302,
    "end": 1575691460314,
    "duration": 12,
    "pid": 7501,
    "index": 1
  },
  {
    "name": "Load Config",
    "start": 1575691460315,
    "end": 1575691460352,
    "duration": 37,
    "pid": 7501,
    "index": 2
  },
  {
    "name": "Require(0) config/config.default.js",
    "start": 1575691460316,
    "end": 1575691460317,
    "duration": 1,
    "pid": 7501,
    "index": 3
  },
  {
    "name": "Require(1) node_modules/egg-session/config/config.default.js",
    "start": 1575691460319,
    "end": 1575691460319,
    "duration": 0,
    "pid": 7501,
    "index": 4
  },
  {
    "name": "Require(2) node_modules/egg-security/config/config.default.js",
    "start": 1575691460320,
    "end": 1575691460320,
    "duration": 0,
    "pid": 7501,
    "index": 5
  },
  {
    "name": "Require(3) node_modules/egg-jsonp/config/config.default.js",
    "start": 1575691460321,
    "end": 1575691460321,
    "duration": 0,
    "pid": 7501,
    "index": 6
  },
  {
    "name": "Require(4) node_modules/egg-onerror/config/config.default.js",
    "start": 1575691460322,
    "end": 1575691460322,
    "duration": 0,
    "pid": 7501,
    "index": 7
  },
  {
    "name": "Require(5) node_modules/egg-i18n/config/config.default.js",
    "start": 1575691460323,
    "end": 1575691460323,
    "duration": 0,
    "pid": 7501,
    "index": 8
  },
  {
    "name": "Require(6) node_modules/egg-watcher/config/config.default.js",
    "start": 1575691460326,
    "end": 1575691460327,
    "duration": 1,
    "pid": 7501,
    "index": 9
  },
  {
    "name": "Require(7) node_modules/egg-schedule/config/config.default.js",
    "start": 1575691460327,
    "end": 1575691460327,
    "duration": 0,
    "pid": 7501,
    "index": 10
  },
  {
    "name": "Require(8) node_modules/egg-multipart/config/config.default.js",
    "start": 1575691460328,
    "end": 1575691460331,
    "duration": 3,
    "pid": 7501,
    "index": 11
  },
  {
    "name": "Require(9) node_modules/egg-development/config/config.default.js",
    "start": 1575691460332,
    "end": 1575691460336,
    "duration": 4,
    "pid": 7501,
    "index": 12
  },
  {
    "name": "Require(10) node_modules/egg-logrotator/config/config.default.js",
    "start": 1575691460337,
    "end": 1575691460337,
    "duration": 0,
    "pid": 7501,
    "index": 13
  },
  {
    "name": "Require(11) node_modules/egg-static/config/config.default.js",
    "start": 1575691460342,
    "end": 1575691460343,
    "duration": 1,
    "pid": 7501,
    "index": 14
  },
  {
    "name": "Require(12) node_modules/egg-view/config/config.default.js",
    "start": 1575691460344,
    "end": 1575691460344,
    "duration": 0,
    "pid": 7501,
    "index": 15
  },
  {
    "name": "Require(13) node_modules/egg/config/config.default.js",
    "start": 1575691460344,
    "end": 1575691460347,
    "duration": 3,
    "pid": 7501,
    "index": 16
  },
  {
    "name": "Require(14) config/config.default.js",
    "start": 1575691460349,
    "end": 1575691460349,
    "duration": 0,
    "pid": 7501,
    "index": 17
  },
  {
    "name": "Require(15) node_modules/egg-security/config/config.local.js",
    "start": 1575691460350,
    "end": 1575691460350,
    "duration": 0,
    "pid": 7501,
    "index": 18
  },
  {
    "name": "Require(16) node_modules/egg-watcher/config/config.local.js",
    "start": 1575691460350,
    "end": 1575691460351,
    "duration": 1,
    "pid": 7501,
    "index": 19
  },
  {
    "name": "Require(17) node_modules/egg-view/config/config.local.js",
    "start": 1575691460351,
    "end": 1575691460352,
    "duration": 1,
    "pid": 7501,
    "index": 20
  },
  {
    "name": "Require(18) node_modules/egg/config/config.local.js",
    "start": 1575691460352,
    "end": 1575691460352,
    "duration": 0,
    "pid": 7501,
    "index": 21
  },
  {
    "name": "Load extend/application.js",
    "start": 1575691460355,
    "end": 1575691460364,
    "duration": 9,
    "pid": 7501,
    "index": 22
  },
  {
    "name": "Require(19) node_modules/egg-session/app/extend/application.js",
    "start": 1575691460356,
    "end": 1575691460356,
    "duration": 0,
    "pid": 7501,
    "index": 23
  },
  {
    "name": "Require(20) node_modules/egg-security/app/extend/application.js",
    "start": 1575691460356,
    "end": 1575691460357,
    "duration": 1,
    "pid": 7501,
    "index": 24
  },
  {
    "name": "Require(21) node_modules/egg-jsonp/app/extend/application.js",
    "start": 1575691460358,
    "end": 1575691460358,
    "duration": 0,
    "pid": 7501,
    "index": 25
  },
  {
    "name": "Require(22) node_modules/egg-logrotator/app/extend/application.js",
    "start": 1575691460360,
    "end": 1575691460362,
    "duration": 2,
    "pid": 7501,
    "index": 26
  },
  {
    "name": "Require(23) node_modules/egg-view/app/extend/application.js",
    "start": 1575691460362,
    "end": 1575691460363,
    "duration": 1,
    "pid": 7501,
    "index": 27
  },
  {
    "name": "Load extend/request.js",
    "start": 1575691460364,
    "end": 1575691460384,
    "duration": 20,
    "pid": 7501,
    "index": 28
  },
  {
    "name": "Require(24) node_modules/egg/app/extend/request.js",
    "start": 1575691460367,
    "end": 1575691460374,
    "duration": 7,
    "pid": 7501,
    "index": 29
  },
  {
    "name": "Load extend/response.js",
    "start": 1575691460384,
    "end": 1575691460389,
    "duration": 5,
    "pid": 7501,
    "index": 30
  },
  {
    "name": "Require(25) node_modules/egg/app/extend/response.js",
    "start": 1575691460387,
    "end": 1575691460388,
    "duration": 1,
    "pid": 7501,
    "index": 31
  },
  {
    "name": "Load extend/context.js",
    "start": 1575691460389,
    "end": 1575691460484,
    "duration": 95,
    "pid": 7501,
    "index": 32
  },
  {
    "name": "Require(26) node_modules/egg-security/app/extend/context.js",
    "start": 1575691460389,
    "end": 1575691460415,
    "duration": 26,
    "pid": 7501,
    "index": 33
  },
  {
    "name": "Require(27) node_modules/egg-jsonp/app/extend/context.js",
    "start": 1575691460416,
    "end": 1575691460416,
    "duration": 0,
    "pid": 7501,
    "index": 34
  },
  {
    "name": "Require(28) node_modules/egg-i18n/app/extend/context.js",
    "start": 1575691460417,
    "end": 1575691460417,
    "duration": 0,
    "pid": 7501,
    "index": 35
  },
  {
    "name": "Require(29) node_modules/egg-multipart/app/extend/context.js",
    "start": 1575691460417,
    "end": 1575691460481,
    "duration": 64,
    "pid": 7501,
    "index": 36
  },
  {
    "name": "Require(30) node_modules/egg-view/app/extend/context.js",
    "start": 1575691460481,
    "end": 1575691460482,
    "duration": 1,
    "pid": 7501,
    "index": 37
  },
  {
    "name": "Require(31) node_modules/egg/app/extend/context.js",
    "start": 1575691460483,
    "end": 1575691460483,
    "duration": 0,
    "pid": 7501,
    "index": 38
  },
  {
    "name": "Load extend/helper.js",
    "start": 1575691460484,
    "end": 1575691460507,
    "duration": 23,
    "pid": 7501,
    "index": 39
  },
  {
    "name": "Require(32) node_modules/egg-security/app/extend/helper.js",
    "start": 1575691460484,
    "end": 1575691460505,
    "duration": 21,
    "pid": 7501,
    "index": 40
  },
  {
    "name": "Require(33) node_modules/egg/app/extend/helper.js",
    "start": 1575691460506,
    "end": 1575691460506,
    "duration": 0,
    "pid": 7501,
    "index": 41
  },
  {
    "name": "Load app.js",
    "start": 1575691460507,
    "end": 1575691460548,
    "duration": 41,
    "pid": 7501,
    "index": 42
  },
  {
    "name": "Require(34) node_modules/egg-session/app.js",
    "start": 1575691460507,
    "end": 1575691460508,
    "duration": 1,
    "pid": 7501,
    "index": 43
  },
  {
    "name": "Require(35) node_modules/egg-security/app.js",
    "start": 1575691460509,
    "end": 1575691460510,
    "duration": 1,
    "pid": 7501,
    "index": 44
  },
  {
    "name": "Require(36) node_modules/egg-onerror/app.js",
    "start": 1575691460511,
    "end": 1575691460516,
    "duration": 5,
    "pid": 7501,
    "index": 45
  },
  {
    "name": "Require(37) node_modules/egg-i18n/app.js",
    "start": 1575691460516,
    "end": 1575691460543,
    "duration": 27,
    "pid": 7501,
    "index": 46
  },
  {
    "name": "Require(38) node_modules/egg-watcher/app.js",
    "start": 1575691460543,
    "end": 1575691460544,
    "duration": 1,
    "pid": 7501,
    "index": 47
  },
  {
    "name": "Require(39) node_modules/egg-schedule/app.js",
    "start": 1575691460544,
    "end": 1575691460546,
    "duration": 2,
    "pid": 7501,
    "index": 48
  },
  {
    "name": "Require(40) node_modules/egg-multipart/app.js",
    "start": 1575691460546,
    "end": 1575691460547,
    "duration": 1,
    "pid": 7501,
    "index": 49
  },
  {
    "name": "Require(41) node_modules/egg-development/app.js",
    "start": 1575691460547,
    "end": 1575691460547,
    "duration": 0,
    "pid": 7501,
    "index": 50
  },
  {
    "name": "Require(42) node_modules/egg-logrotator/app.js",
    "start": 1575691460548,
    "end": 1575691460548,
    "duration": 0,
    "pid": 7501,
    "index": 51
  },
  {
    "name": "Require(43) node_modules/egg-static/app.js",
    "start": 1575691460548,
    "end": 1575691460548,
    "duration": 0,
    "pid": 7501,
    "index": 52
  },
  {
    "name": "Before Start in node_modules/egg-watcher/lib/init.js:15:14",
    "start": 1575691460564,
    "end": 1575691460687,
    "duration": 123,
    "pid": 7501,
    "index": 53
  },
  {
    "name": "Load Service",
    "start": 1575691460599,
    "end": 1575691460603,
    "duration": 4,
    "pid": 7501,
    "index": 54
  },
  {
    "name": "Load \"service\" to Context",
    "start": 1575691460599,
    "end": 1575691460603,
    "duration": 4,
    "pid": 7501,
    "index": 55
  },
  {
    "name": "Load Middleware",
    "start": 1575691460603,
    "end": 1575691460657,
    "duration": 54,
    "pid": 7501,
    "index": 56
  },
  {
    "name": "Load \"middlewares\" to Application",
    "start": 1575691460603,
    "end": 1575691460650,
    "duration": 47,
    "pid": 7501,
    "index": 57
  },
  {
    "name": "Load Controller",
    "start": 1575691460657,
    "end": 1575691460658,
    "duration": 1,
    "pid": 7501,
    "index": 58
  },
  {
    "name": "Load \"controller\" to Application",
    "start": 1575691460657,
    "end": 1575691460658,
    "duration": 1,
    "pid": 7501,
    "index": 59
  },
  {
    "name": "Load Router",
    "start": 1575691460658,
    "end": 1575691460663,
    "duration": 5,
    "pid": 7501,
    "index": 60
  },
  {
    "name": "Require(44) app/router.js",
    "start": 1575691460658,
    "end": 1575691460659,
    "duration": 1,
    "pid": 7501,
    "index": 61
  },
  {
    "name": "Before Start in node_modules/egg-core/lib/egg.js:303:10",
    "start": 1575691460662,
    "end": 1575691460676,
    "duration": 14,
    "pid": 7501,
    "index": 62
  }
]