[
  {
    "name": "Application Start",
    "start": 1575690626470,
    "end": 1575690626776,
    "duration": 306,
    "pid": 6154,
    "index": 0
  },
  {
    "name": "Load Plugin",
    "start": 1575690626475,
    "end": 1575690626492,
    "duration": 17,
    "pid": 6154,
    "index": 1
  },
  {
    "name": "Load Config",
    "start": 1575690626493,
    "end": 1575690626516,
    "duration": 23,
    "pid": 6154,
    "index": 2
  },
  {
    "name": "Require(0) config/config.default.js",
    "start": 1575690626495,
    "end": 1575690626501,
    "duration": 6,
    "pid": 6154,
    "index": 3
  },
  {
    "name": "Require(1) node_modules/egg-session/config/config.default.js",
    "start": 1575690626504,
    "end": 1575690626504,
    "duration": 0,
    "pid": 6154,
    "index": 4
  },
  {
    "name": "Require(2) node_modules/egg-security/config/config.default.js",
    "start": 1575690626505,
    "end": 1575690626505,
    "duration": 0,
    "pid": 6154,
    "index": 5
  },
  {
    "name": "Require(3) node_modules/egg-jsonp/config/config.default.js",
    "start": 1575690626507,
    "end": 1575690626507,
    "duration": 0,
    "pid": 6154,
    "index": 6
  },
  {
    "name": "Require(4) node_modules/egg-onerror/config/config.default.js",
    "start": 1575690626507,
    "end": 1575690626507,
    "duration": 0,
    "pid": 6154,
    "index": 7
  },
  {
    "name": "Require(5) node_modules/egg-i18n/config/config.default.js",
    "start": 1575690626508,
    "end": 1575690626508,
    "duration": 0,
    "pid": 6154,
    "index": 8
  },
  {
    "name": "Require(6) node_modules/egg-watcher/config/config.default.js",
    "start": 1575690626509,
    "end": 1575690626509,
    "duration": 0,
    "pid": 6154,
    "index": 9
  },
  {
    "name": "Require(7) node_modules/egg-schedule/config/config.default.js",
    "start": 1575690626509,
    "end": 1575690626509,
    "duration": 0,
    "pid": 6154,
    "index": 10
  },
  {
    "name": "Require(8) node_modules/egg-multipart/config/config.default.js",
    "start": 1575690626510,
    "end": 1575690626510,
    "duration": 0,
    "pid": 6154,
    "index": 11
  },
  {
    "name": "Require(9) node_modules/egg-development/config/config.default.js",
    "start": 1575690626510,
    "end": 1575690626511,
    "duration": 1,
    "pid": 6154,
    "index": 12
  },
  {
    "name": "Require(10) node_modules/egg-logrotator/config/config.default.js",
    "start": 1575690626511,
    "end": 1575690626511,
    "duration": 0,
    "pid": 6154,
    "index": 13
  },
  {
    "name": "Require(11) node_modules/egg-static/config/config.default.js",
    "start": 1575690626511,
    "end": 1575690626511,
    "duration": 0,
    "pid": 6154,
    "index": 14
  },
  {
    "name": "Require(12) node_modules/egg-view/config/config.default.js",
    "start": 1575690626512,
    "end": 1575690626512,
    "duration": 0,
    "pid": 6154,
    "index": 15
  },
  {
    "name": "Require(13) node_modules/egg/config/config.default.js",
    "start": 1575690626512,
    "end": 1575690626513,
    "duration": 1,
    "pid": 6154,
    "index": 16
  },
  {
    "name": "Require(14) config/config.default.js",
    "start": 1575690626514,
    "end": 1575690626514,
    "duration": 0,
    "pid": 6154,
    "index": 17
  },
  {
    "name": "Require(15) node_modules/egg-security/config/config.local.js",
    "start": 1575690626515,
    "end": 1575690626515,
    "duration": 0,
    "pid": 6154,
    "index": 18
  },
  {
    "name": "Require(16) node_modules/egg-watcher/config/config.local.js",
    "start": 1575690626515,
    "end": 1575690626515,
    "duration": 0,
    "pid": 6154,
    "index": 19
  },
  {
    "name": "Require(17) node_modules/egg-view/config/config.local.js",
    "start": 1575690626515,
    "end": 1575690626516,
    "duration": 1,
    "pid": 6154,
    "index": 20
  },
  {
    "name": "Require(18) node_modules/egg/config/config.local.js",
    "start": 1575690626516,
    "end": 1575690626516,
    "duration": 0,
    "pid": 6154,
    "index": 21
  },
  {
    "name": "Load extend/application.js",
    "start": 1575690626520,
    "end": 1575690626530,
    "duration": 10,
    "pid": 6154,
    "index": 22
  },
  {
    "name": "Require(19) node_modules/egg-session/app/extend/application.js",
    "start": 1575690626521,
    "end": 1575690626522,
    "duration": 1,
    "pid": 6154,
    "index": 23
  },
  {
    "name": "Require(20) node_modules/egg-security/app/extend/application.js",
    "start": 1575690626522,
    "end": 1575690626524,
    "duration": 2,
    "pid": 6154,
    "index": 24
  },
  {
    "name": "Require(21) node_modules/egg-jsonp/app/extend/application.js",
    "start": 1575690626524,
    "end": 1575690626525,
    "duration": 1,
    "pid": 6154,
    "index": 25
  },
  {
    "name": "Require(22) node_modules/egg-logrotator/app/extend/application.js",
    "start": 1575690626527,
    "end": 1575690626528,
    "duration": 1,
    "pid": 6154,
    "index": 26
  },
  {
    "name": "Require(23) node_modules/egg-view/app/extend/application.js",
    "start": 1575690626528,
    "end": 1575690626529,
    "duration": 1,
    "pid": 6154,
    "index": 27
  },
  {
    "name": "Load extend/request.js",
    "start": 1575690626530,
    "end": 1575690626532,
    "duration": 2,
    "pid": 6154,
    "index": 28
  },
  {
    "name": "Require(24) node_modules/egg/app/extend/request.js",
    "start": 1575690626530,
    "end": 1575690626532,
    "duration": 2,
    "pid": 6154,
    "index": 29
  },
  {
    "name": "Load extend/response.js",
    "start": 1575690626532,
    "end": 1575690626534,
    "duration": 2,
    "pid": 6154,
    "index": 30
  },
  {
    "name": "Require(25) node_modules/egg/app/extend/response.js",
    "start": 1575690626533,
    "end": 1575690626534,
    "duration": 1,
    "pid": 6154,
    "index": 31
  },
  {
    "name": "Load extend/context.js",
    "start": 1575690626534,
    "end": 1575690626593,
    "duration": 59,
    "pid": 6154,
    "index": 32
  },
  {
    "name": "Require(26) node_modules/egg-security/app/extend/context.js",
    "start": 1575690626534,
    "end": 1575690626541,
    "duration": 7,
    "pid": 6154,
    "index": 33
  },
  {
    "name": "Require(27) node_modules/egg-jsonp/app/extend/context.js",
    "start": 1575690626541,
    "end": 1575690626542,
    "duration": 1,
    "pid": 6154,
    "index": 34
  },
  {
    "name": "Require(28) node_modules/egg-i18n/app/extend/context.js",
    "start": 1575690626542,
    "end": 1575690626542,
    "duration": 0,
    "pid": 6154,
    "index": 35
  },
  {
    "name": "Require(29) node_modules/egg-multipart/app/extend/context.js",
    "start": 1575690626542,
    "end": 1575690626588,
    "duration": 46,
    "pid": 6154,
    "index": 36
  },
  {
    "name": "Require(30) node_modules/egg-view/app/extend/context.js",
    "start": 1575690626589,
    "end": 1575690626590,
    "duration": 1,
    "pid": 6154,
    "index": 37
  },
  {
    "name": "Require(31) node_modules/egg/app/extend/context.js",
    "start": 1575690626590,
    "end": 1575690626592,
    "duration": 2,
    "pid": 6154,
    "index": 38
  },
  {
    "name": "Load extend/helper.js",
    "start": 1575690626593,
    "end": 1575690626609,
    "duration": 16,
    "pid": 6154,
    "index": 39
  },
  {
    "name": "Require(32) node_modules/egg-security/app/extend/helper.js",
    "start": 1575690626593,
    "end": 1575690626608,
    "duration": 15,
    "pid": 6154,
    "index": 40
  },
  {
    "name": "Require(33) node_modules/egg/app/extend/helper.js",
    "start": 1575690626608,
    "end": 1575690626608,
    "duration": 0,
    "pid": 6154,
    "index": 41
  },
  {
    "name": "Load app.js",
    "start": 1575690626609,
    "end": 1575690626638,
    "duration": 29,
    "pid": 6154,
    "index": 42
  },
  {
    "name": "Require(34) node_modules/egg-session/app.js",
    "start": 1575690626609,
    "end": 1575690626609,
    "duration": 0,
    "pid": 6154,
    "index": 43
  },
  {
    "name": "Require(35) node_modules/egg-security/app.js",
    "start": 1575690626610,
    "end": 1575690626610,
    "duration": 0,
    "pid": 6154,
    "index": 44
  },
  {
    "name": "Require(36) node_modules/egg-onerror/app.js",
    "start": 1575690626611,
    "end": 1575690626615,
    "duration": 4,
    "pid": 6154,
    "index": 45
  },
  {
    "name": "Require(37) node_modules/egg-i18n/app.js",
    "start": 1575690626615,
    "end": 1575690626628,
    "duration": 13,
    "pid": 6154,
    "index": 46
  },
  {
    "name": "Require(38) node_modules/egg-watcher/app.js",
    "start": 1575690626629,
    "end": 1575690626631,
    "duration": 2,
    "pid": 6154,
    "index": 47
  },
  {
    "name": "Require(39) node_modules/egg-schedule/app.js",
    "start": 1575690626631,
    "end": 1575690626633,
    "duration": 2,
    "pid": 6154,
    "index": 48
  },
  {
    "name": "Require(40) node_modules/egg-multipart/app.js",
    "start": 1575690626633,
    "end": 1575690626636,
    "duration": 3,
    "pid": 6154,
    "index": 49
  },
  {
    "name": "Require(41) node_modules/egg-development/app.js",
    "start": 1575690626636,
    "end": 1575690626637,
    "duration": 1,
    "pid": 6154,
    "index": 50
  },
  {
    "name": "Require(42) node_modules/egg-logrotator/app.js",
    "start": 1575690626637,
    "end": 1575690626638,
    "duration": 1,
    "pid": 6154,
    "index": 51
  },
  {
    "name": "Require(43) node_modules/egg-static/app.js",
    "start": 1575690626638,
    "end": 1575690626638,
    "duration": 0,
    "pid": 6154,
    "index": 52
  },
  {
    "name": "Before Start in node_modules/egg-watcher/lib/init.js:15:14",
    "start": 1575690626650,
    "end": 1575690626776,
    "duration": 126,
    "pid": 6154,
    "index": 53
  },
  {
    "name": "Load Service",
    "start": 1575690626682,
    "end": 1575690626688,
    "duration": 6,
    "pid": 6154,
    "index": 54
  },
  {
    "name": "Load \"service\" to Context",
    "start": 1575690626682,
    "end": 1575690626688,
    "duration": 6,
    "pid": 6154,
    "index": 55
  },
  {
    "name": "Load Middleware",
    "start": 1575690626688,
    "end": 1575690626744,
    "duration": 56,
    "pid": 6154,
    "index": 56
  },
  {
    "name": "Load \"middlewares\" to Application",
    "start": 1575690626688,
    "end": 1575690626738,
    "duration": 50,
    "pid": 6154,
    "index": 57
  },
  {
    "name": "Load Controller",
    "start": 1575690626745,
    "end": 1575690626746,
    "duration": 1,
    "pid": 6154,
    "index": 58
  },
  {
    "name": "Load \"controller\" to Application",
    "start": 1575690626745,
    "end": 1575690626746,
    "duration": 1,
    "pid": 6154,
    "index": 59
  },
  {
    "name": "Load Router",
    "start": 1575690626746,
    "end": 1575690626748,
    "duration": 2,
    "pid": 6154,
    "index": 60
  },
  {
    "name": "Require(44) app/router.js",
    "start": 1575690626746,
    "end": 1575690626746,
    "duration": 0,
    "pid": 6154,
    "index": 61
  },
  {
    "name": "Before Start in node_modules/egg-core/lib/egg.js:303:10",
    "start": 1575690626747,
    "end": 1575690626760,
    "duration": 13,
    "pid": 6154,
    "index": 62
  }
]