[
  {
    "name": "Application Start",
    "start": 1575690932724,
    "end": 1575690933035,
    "duration": 311,
    "pid": 6632,
    "index": 0
  },
  {
    "name": "Load Plugin",
    "start": 1575690932730,
    "end": 1575690932737,
    "duration": 7,
    "pid": 6632,
    "index": 1
  },
  {
    "name": "Load Config",
    "start": 1575690932737,
    "end": 1575690932749,
    "duration": 12,
    "pid": 6632,
    "index": 2
  },
  {
    "name": "Require(0) config/config.default.js",
    "start": 1575690932738,
    "end": 1575690932738,
    "duration": 0,
    "pid": 6632,
    "index": 3
  },
  {
    "name": "Require(1) node_modules/egg-session/config/config.default.js",
    "start": 1575690932739,
    "end": 1575690932739,
    "duration": 0,
    "pid": 6632,
    "index": 4
  },
  {
    "name": "Require(2) node_modules/egg-security/config/config.default.js",
    "start": 1575690932740,
    "end": 1575690932740,
    "duration": 0,
    "pid": 6632,
    "index": 5
  },
  {
    "name": "Require(3) node_modules/egg-jsonp/config/config.default.js",
    "start": 1575690932740,
    "end": 1575690932741,
    "duration": 1,
    "pid": 6632,
    "index": 6
  },
  {
    "name": "Require(4) node_modules/egg-onerror/config/config.default.js",
    "start": 1575690932741,
    "end": 1575690932741,
    "duration": 0,
    "pid": 6632,
    "index": 7
  },
  {
    "name": "Require(5) node_modules/egg-i18n/config/config.default.js",
    "start": 1575690932741,
    "end": 1575690932742,
    "duration": 1,
    "pid": 6632,
    "index": 8
  },
  {
    "name": "Require(6) node_modules/egg-watcher/config/config.default.js",
    "start": 1575690932742,
    "end": 1575690932743,
    "duration": 1,
    "pid": 6632,
    "index": 9
  },
  {
    "name": "Require(7) node_modules/egg-schedule/config/config.default.js",
    "start": 1575690932743,
    "end": 1575690932743,
    "duration": 0,
    "pid": 6632,
    "index": 10
  },
  {
    "name": "Require(8) node_modules/egg-multipart/config/config.default.js",
    "start": 1575690932743,
    "end": 1575690932743,
    "duration": 0,
    "pid": 6632,
    "index": 11
  },
  {
    "name": "Require(9) node_modules/egg-development/config/config.default.js",
    "start": 1575690932744,
    "end": 1575690932744,
    "duration": 0,
    "pid": 6632,
    "index": 12
  },
  {
    "name": "Require(10) node_modules/egg-logrotator/config/config.default.js",
    "start": 1575690932744,
    "end": 1575690932744,
    "duration": 0,
    "pid": 6632,
    "index": 13
  },
  {
    "name": "Require(11) node_modules/egg-static/config/config.default.js",
    "start": 1575690932745,
    "end": 1575690932745,
    "duration": 0,
    "pid": 6632,
    "index": 14
  },
  {
    "name": "Require(12) node_modules/egg-view/config/config.default.js",
    "start": 1575690932745,
    "end": 1575690932745,
    "duration": 0,
    "pid": 6632,
    "index": 15
  },
  {
    "name": "Require(13) node_modules/egg/config/config.default.js",
    "start": 1575690932746,
    "end": 1575690932746,
    "duration": 0,
    "pid": 6632,
    "index": 16
  },
  {
    "name": "Require(14) config/config.default.js",
    "start": 1575690932747,
    "end": 1575690932747,
    "duration": 0,
    "pid": 6632,
    "index": 17
  },
  {
    "name": "Require(15) node_modules/egg-security/config/config.local.js",
    "start": 1575690932747,
    "end": 1575690932748,
    "duration": 1,
    "pid": 6632,
    "index": 18
  },
  {
    "name": "Require(16) node_modules/egg-watcher/config/config.local.js",
    "start": 1575690932748,
    "end": 1575690932748,
    "duration": 0,
    "pid": 6632,
    "index": 19
  },
  {
    "name": "Require(17) node_modules/egg-view/config/config.local.js",
    "start": 1575690932748,
    "end": 1575690932748,
    "duration": 0,
    "pid": 6632,
    "index": 20
  },
  {
    "name": "Require(18) node_modules/egg/config/config.local.js",
    "start": 1575690932749,
    "end": 1575690932749,
    "duration": 0,
    "pid": 6632,
    "index": 21
  },
  {
    "name": "Load extend/application.js",
    "start": 1575690932751,
    "end": 1575690932758,
    "duration": 7,
    "pid": 6632,
    "index": 22
  },
  {
    "name": "Require(19) node_modules/egg-session/app/extend/application.js",
    "start": 1575690932751,
    "end": 1575690932751,
    "duration": 0,
    "pid": 6632,
    "index": 23
  },
  {
    "name": "Require(20) node_modules/egg-security/app/extend/application.js",
    "start": 1575690932752,
    "end": 1575690932752,
    "duration": 0,
    "pid": 6632,
    "index": 24
  },
  {
    "name": "Require(21) node_modules/egg-jsonp/app/extend/application.js",
    "start": 1575690932752,
    "end": 1575690932753,
    "duration": 1,
    "pid": 6632,
    "index": 25
  },
  {
    "name": "Require(22) node_modules/egg-logrotator/app/extend/application.js",
    "start": 1575690932753,
    "end": 1575690932757,
    "duration": 4,
    "pid": 6632,
    "index": 26
  },
  {
    "name": "Require(23) node_modules/egg-view/app/extend/application.js",
    "start": 1575690932757,
    "end": 1575690932758,
    "duration": 1,
    "pid": 6632,
    "index": 27
  },
  {
    "name": "Load extend/request.js",
    "start": 1575690932758,
    "end": 1575690932762,
    "duration": 4,
    "pid": 6632,
    "index": 28
  },
  {
    "name": "Require(24) node_modules/egg/app/extend/request.js",
    "start": 1575690932759,
    "end": 1575690932761,
    "duration": 2,
    "pid": 6632,
    "index": 29
  },
  {
    "name": "Load extend/response.js",
    "start": 1575690932762,
    "end": 1575690932767,
    "duration": 5,
    "pid": 6632,
    "index": 30
  },
  {
    "name": "Require(25) node_modules/egg/app/extend/response.js",
    "start": 1575690932764,
    "end": 1575690932766,
    "duration": 2,
    "pid": 6632,
    "index": 31
  },
  {
    "name": "Load extend/context.js",
    "start": 1575690932767,
    "end": 1575690932830,
    "duration": 63,
    "pid": 6632,
    "index": 32
  },
  {
    "name": "Require(26) node_modules/egg-security/app/extend/context.js",
    "start": 1575690932768,
    "end": 1575690932776,
    "duration": 8,
    "pid": 6632,
    "index": 33
  },
  {
    "name": "Require(27) node_modules/egg-jsonp/app/extend/context.js",
    "start": 1575690932776,
    "end": 1575690932777,
    "duration": 1,
    "pid": 6632,
    "index": 34
  },
  {
    "name": "Require(28) node_modules/egg-i18n/app/extend/context.js",
    "start": 1575690932777,
    "end": 1575690932778,
    "duration": 1,
    "pid": 6632,
    "index": 35
  },
  {
    "name": "Require(29) node_modules/egg-multipart/app/extend/context.js",
    "start": 1575690932778,
    "end": 1575690932824,
    "duration": 46,
    "pid": 6632,
    "index": 36
  },
  {
    "name": "Require(30) node_modules/egg-view/app/extend/context.js",
    "start": 1575690932825,
    "end": 1575690932826,
    "duration": 1,
    "pid": 6632,
    "index": 37
  },
  {
    "name": "Require(31) node_modules/egg/app/extend/context.js",
    "start": 1575690932826,
    "end": 1575690932829,
    "duration": 3,
    "pid": 6632,
    "index": 38
  },
  {
    "name": "Load extend/helper.js",
    "start": 1575690932830,
    "end": 1575690932847,
    "duration": 17,
    "pid": 6632,
    "index": 39
  },
  {
    "name": "Require(32) node_modules/egg-security/app/extend/helper.js",
    "start": 1575690932830,
    "end": 1575690932846,
    "duration": 16,
    "pid": 6632,
    "index": 40
  },
  {
    "name": "Require(33) node_modules/egg/app/extend/helper.js",
    "start": 1575690932846,
    "end": 1575690932846,
    "duration": 0,
    "pid": 6632,
    "index": 41
  },
  {
    "name": "Load app.js",
    "start": 1575690932847,
    "end": 1575690932872,
    "duration": 25,
    "pid": 6632,
    "index": 42
  },
  {
    "name": "Require(34) node_modules/egg-session/app.js",
    "start": 1575690932847,
    "end": 1575690932847,
    "duration": 0,
    "pid": 6632,
    "index": 43
  },
  {
    "name": "Require(35) node_modules/egg-security/app.js",
    "start": 1575690932848,
    "end": 1575690932848,
    "duration": 0,
    "pid": 6632,
    "index": 44
  },
  {
    "name": "Require(36) node_modules/egg-onerror/app.js",
    "start": 1575690932849,
    "end": 1575690932853,
    "duration": 4,
    "pid": 6632,
    "index": 45
  },
  {
    "name": "Require(37) node_modules/egg-i18n/app.js",
    "start": 1575690932853,
    "end": 1575690932867,
    "duration": 14,
    "pid": 6632,
    "index": 46
  },
  {
    "name": "Require(38) node_modules/egg-watcher/app.js",
    "start": 1575690932867,
    "end": 1575690932868,
    "duration": 1,
    "pid": 6632,
    "index": 47
  },
  {
    "name": "Require(39) node_modules/egg-schedule/app.js",
    "start": 1575690932869,
    "end": 1575690932869,
    "duration": 0,
    "pid": 6632,
    "index": 48
  },
  {
    "name": "Require(40) node_modules/egg-multipart/app.js",
    "start": 1575690932869,
    "end": 1575690932871,
    "duration": 2,
    "pid": 6632,
    "index": 49
  },
  {
    "name": "Require(41) node_modules/egg-development/app.js",
    "start": 1575690932871,
    "end": 1575690932871,
    "duration": 0,
    "pid": 6632,
    "index": 50
  },
  {
    "name": "Require(42) node_modules/egg-logrotator/app.js",
    "start": 1575690932871,
    "end": 1575690932871,
    "duration": 0,
    "pid": 6632,
    "index": 51
  },
  {
    "name": "Require(43) node_modules/egg-static/app.js",
    "start": 1575690932871,
    "end": 1575690932872,
    "duration": 1,
    "pid": 6632,
    "index": 52
  },
  {
    "name": "Before Start in node_modules/egg-watcher/lib/init.js:15:14",
    "start": 1575690932883,
    "end": 1575690933034,
    "duration": 151,
    "pid": 6632,
    "index": 53
  },
  {
    "name": "Load Service",
    "start": 1575690932920,
    "end": 1575690932924,
    "duration": 4,
    "pid": 6632,
    "index": 54
  },
  {
    "name": "Load \"service\" to Context",
    "start": 1575690932920,
    "end": 1575690932924,
    "duration": 4,
    "pid": 6632,
    "index": 55
  },
  {
    "name": "Load Middleware",
    "start": 1575690932925,
    "end": 1575690932993,
    "duration": 68,
    "pid": 6632,
    "index": 56
  },
  {
    "name": "Load \"middlewares\" to Application",
    "start": 1575690932925,
    "end": 1575690932979,
    "duration": 54,
    "pid": 6632,
    "index": 57
  },
  {
    "name": "Load Controller",
    "start": 1575690932993,
    "end": 1575690932998,
    "duration": 5,
    "pid": 6632,
    "index": 58
  },
  {
    "name": "Load \"controller\" to Application",
    "start": 1575690932993,
    "end": 1575690932998,
    "duration": 5,
    "pid": 6632,
    "index": 59
  },
  {
    "name": "Load Router",
    "start": 1575690932999,
    "end": 1575690933002,
    "duration": 3,
    "pid": 6632,
    "index": 60
  },
  {
    "name": "Require(44) app/router.js",
    "start": 1575690932999,
    "end": 1575690932999,
    "duration": 0,
    "pid": 6632,
    "index": 61
  },
  {
    "name": "Before Start in node_modules/egg-core/lib/egg.js:303:10",
    "start": 1575690933000,
    "end": 1575690933013,
    "duration": 13,
    "pid": 6632,
    "index": 62
  }
]