[
  {
    "name": "Application Start",
    "start": 1575691254394,
    "end": 1575691254977,
    "duration": 583,
    "pid": 7137,
    "index": 0
  },
  {
    "name": "Load Plugin",
    "start": 1575691254402,
    "end": 1575691254412,
    "duration": 10,
    "pid": 7137,
    "index": 1
  },
  {
    "name": "Load Config",
    "start": 1575691254412,
    "end": 1575691254439,
    "duration": 27,
    "pid": 7137,
    "index": 2
  },
  {
    "name": "Require(0) config/config.default.js",
    "start": 1575691254413,
    "end": 1575691254415,
    "duration": 2,
    "pid": 7137,
    "index": 3
  },
  {
    "name": "Require(1) node_modules/egg-session/config/config.default.js",
    "start": 1575691254417,
    "end": 1575691254417,
    "duration": 0,
    "pid": 7137,
    "index": 4
  },
  {
    "name": "Require(2) node_modules/egg-security/config/config.default.js",
    "start": 1575691254418,
    "end": 1575691254418,
    "duration": 0,
    "pid": 7137,
    "index": 5
  },
  {
    "name": "Require(3) node_modules/egg-jsonp/config/config.default.js",
    "start": 1575691254419,
    "end": 1575691254419,
    "duration": 0,
    "pid": 7137,
    "index": 6
  },
  {
    "name": "Require(4) node_modules/egg-onerror/config/config.default.js",
    "start": 1575691254419,
    "end": 1575691254420,
    "duration": 1,
    "pid": 7137,
    "index": 7
  },
  {
    "name": "Require(5) node_modules/egg-i18n/config/config.default.js",
    "start": 1575691254420,
    "end": 1575691254420,
    "duration": 0,
    "pid": 7137,
    "index": 8
  },
  {
    "name": "Require(6) node_modules/egg-watcher/config/config.default.js",
    "start": 1575691254421,
    "end": 1575691254422,
    "duration": 1,
    "pid": 7137,
    "index": 9
  },
  {
    "name": "Require(7) node_modules/egg-schedule/config/config.default.js",
    "start": 1575691254422,
    "end": 1575691254422,
    "duration": 0,
    "pid": 7137,
    "index": 10
  },
  {
    "name": "Require(8) node_modules/egg-multipart/config/config.default.js",
    "start": 1575691254423,
    "end": 1575691254423,
    "duration": 0,
    "pid": 7137,
    "index": 11
  },
  {
    "name": "Require(9) node_modules/egg-development/config/config.default.js",
    "start": 1575691254423,
    "end": 1575691254424,
    "duration": 1,
    "pid": 7137,
    "index": 12
  },
  {
    "name": "Require(10) node_modules/egg-logrotator/config/config.default.js",
    "start": 1575691254424,
    "end": 1575691254427,
    "duration": 3,
    "pid": 7137,
    "index": 13
  },
  {
    "name": "Require(11) node_modules/egg-static/config/config.default.js",
    "start": 1575691254428,
    "end": 1575691254428,
    "duration": 0,
    "pid": 7137,
    "index": 14
  },
  {
    "name": "Require(12) node_modules/egg-view/config/config.default.js",
    "start": 1575691254428,
    "end": 1575691254429,
    "duration": 1,
    "pid": 7137,
    "index": 15
  },
  {
    "name": "Require(13) node_modules/egg/config/config.default.js",
    "start": 1575691254429,
    "end": 1575691254430,
    "duration": 1,
    "pid": 7137,
    "index": 16
  },
  {
    "name": "Require(14) config/config.default.js",
    "start": 1575691254433,
    "end": 1575691254433,
    "duration": 0,
    "pid": 7137,
    "index": 17
  },
  {
    "name": "Require(15) node_modules/egg-security/config/config.local.js",
    "start": 1575691254433,
    "end": 1575691254433,
    "duration": 0,
    "pid": 7137,
    "index": 18
  },
  {
    "name": "Require(16) node_modules/egg-watcher/config/config.local.js",
    "start": 1575691254434,
    "end": 1575691254434,
    "duration": 0,
    "pid": 7137,
    "index": 19
  },
  {
    "name": "Require(17) node_modules/egg-view/config/config.local.js",
    "start": 1575691254435,
    "end": 1575691254435,
    "duration": 0,
    "pid": 7137,
    "index": 20
  },
  {
    "name": "Require(18) node_modules/egg/config/config.local.js",
    "start": 1575691254436,
    "end": 1575691254438,
    "duration": 2,
    "pid": 7137,
    "index": 21
  },
  {
    "name": "Load extend/application.js",
    "start": 1575691254443,
    "end": 1575691254451,
    "duration": 8,
    "pid": 7137,
    "index": 22
  },
  {
    "name": "Require(19) node_modules/egg-session/app/extend/application.js",
    "start": 1575691254443,
    "end": 1575691254444,
    "duration": 1,
    "pid": 7137,
    "index": 23
  },
  {
    "name": "Require(20) node_modules/egg-security/app/extend/application.js",
    "start": 1575691254444,
    "end": 1575691254446,
    "duration": 2,
    "pid": 7137,
    "index": 24
  },
  {
    "name": "Require(21) node_modules/egg-jsonp/app/extend/application.js",
    "start": 1575691254446,
    "end": 1575691254447,
    "duration": 1,
    "pid": 7137,
    "index": 25
  },
  {
    "name": "Require(22) node_modules/egg-logrotator/app/extend/application.js",
    "start": 1575691254447,
    "end": 1575691254449,
    "duration": 2,
    "pid": 7137,
    "index": 26
  },
  {
    "name": "Require(23) node_modules/egg-view/app/extend/application.js",
    "start": 1575691254449,
    "end": 1575691254450,
    "duration": 1,
    "pid": 7137,
    "index": 27
  },
  {
    "name": "Load extend/request.js",
    "start": 1575691254451,
    "end": 1575691254454,
    "duration": 3,
    "pid": 7137,
    "index": 28
  },
  {
    "name": "Require(24) node_modules/egg/app/extend/request.js",
    "start": 1575691254452,
    "end": 1575691254453,
    "duration": 1,
    "pid": 7137,
    "index": 29
  },
  {
    "name": "Load extend/response.js",
    "start": 1575691254454,
    "end": 1575691254457,
    "duration": 3,
    "pid": 7137,
    "index": 30
  },
  {
    "name": "Require(25) node_modules/egg/app/extend/response.js",
    "start": 1575691254455,
    "end": 1575691254456,
    "duration": 1,
    "pid": 7137,
    "index": 31
  },
  {
    "name": "Load extend/context.js",
    "start": 1575691254457,
    "end": 1575691254604,
    "duration": 147,
    "pid": 7137,
    "index": 32
  },
  {
    "name": "Require(26) node_modules/egg-security/app/extend/context.js",
    "start": 1575691254457,
    "end": 1575691254473,
    "duration": 16,
    "pid": 7137,
    "index": 33
  },
  {
    "name": "Require(27) node_modules/egg-jsonp/app/extend/context.js",
    "start": 1575691254474,
    "end": 1575691254476,
    "duration": 2,
    "pid": 7137,
    "index": 34
  },
  {
    "name": "Require(28) node_modules/egg-i18n/app/extend/context.js",
    "start": 1575691254476,
    "end": 1575691254477,
    "duration": 1,
    "pid": 7137,
    "index": 35
  },
  {
    "name": "Require(29) node_modules/egg-multipart/app/extend/context.js",
    "start": 1575691254477,
    "end": 1575691254598,
    "duration": 121,
    "pid": 7137,
    "index": 36
  },
  {
    "name": "Require(30) node_modules/egg-view/app/extend/context.js",
    "start": 1575691254598,
    "end": 1575691254601,
    "duration": 3,
    "pid": 7137,
    "index": 37
  },
  {
    "name": "Require(31) node_modules/egg/app/extend/context.js",
    "start": 1575691254602,
    "end": 1575691254603,
    "duration": 1,
    "pid": 7137,
    "index": 38
  },
  {
    "name": "Load extend/helper.js",
    "start": 1575691254604,
    "end": 1575691254634,
    "duration": 30,
    "pid": 7137,
    "index": 39
  },
  {
    "name": "Require(32) node_modules/egg-security/app/extend/helper.js",
    "start": 1575691254604,
    "end": 1575691254631,
    "duration": 27,
    "pid": 7137,
    "index": 40
  },
  {
    "name": "Require(33) node_modules/egg/app/extend/helper.js",
    "start": 1575691254632,
    "end": 1575691254633,
    "duration": 1,
    "pid": 7137,
    "index": 41
  },
  {
    "name": "Load app.js",
    "start": 1575691254635,
    "end": 1575691254685,
    "duration": 50,
    "pid": 7137,
    "index": 42
  },
  {
    "name": "Require(34) node_modules/egg-session/app.js",
    "start": 1575691254635,
    "end": 1575691254637,
    "duration": 2,
    "pid": 7137,
    "index": 43
  },
  {
    "name": "Require(35) node_modules/egg-security/app.js",
    "start": 1575691254638,
    "end": 1575691254641,
    "duration": 3,
    "pid": 7137,
    "index": 44
  },
  {
    "name": "Require(36) node_modules/egg-onerror/app.js",
    "start": 1575691254642,
    "end": 1575691254650,
    "duration": 8,
    "pid": 7137,
    "index": 45
  },
  {
    "name": "Require(37) node_modules/egg-i18n/app.js",
    "start": 1575691254650,
    "end": 1575691254675,
    "duration": 25,
    "pid": 7137,
    "index": 46
  },
  {
    "name": "Require(38) node_modules/egg-watcher/app.js",
    "start": 1575691254676,
    "end": 1575691254678,
    "duration": 2,
    "pid": 7137,
    "index": 47
  },
  {
    "name": "Require(39) node_modules/egg-schedule/app.js",
    "start": 1575691254678,
    "end": 1575691254680,
    "duration": 2,
    "pid": 7137,
    "index": 48
  },
  {
    "name": "Require(40) node_modules/egg-multipart/app.js",
    "start": 1575691254680,
    "end": 1575691254683,
    "duration": 3,
    "pid": 7137,
    "index": 49
  },
  {
    "name": "Require(41) node_modules/egg-development/app.js",
    "start": 1575691254683,
    "end": 1575691254684,
    "duration": 1,
    "pid": 7137,
    "index": 50
  },
  {
    "name": "Require(42) node_modules/egg-logrotator/app.js",
    "start": 1575691254684,
    "end": 1575691254684,
    "duration": 0,
    "pid": 7137,
    "index": 51
  },
  {
    "name": "Require(43) node_modules/egg-static/app.js",
    "start": 1575691254684,
    "end": 1575691254684,
    "duration": 0,
    "pid": 7137,
    "index": 52
  },
  {
    "name": "Before Start in node_modules/egg-watcher/lib/init.js:15:14",
    "start": 1575691254718,
    "end": 1575691254977,
    "duration": 259,
    "pid": 7137,
    "index": 53
  },
  {
    "name": "Load Service",
    "start": 1575691254788,
    "end": 1575691254797,
    "duration": 9,
    "pid": 7137,
    "index": 54
  },
  {
    "name": "Load \"service\" to Context",
    "start": 1575691254789,
    "end": 1575691254797,
    "duration": 8,
    "pid": 7137,
    "index": 55
  },
  {
    "name": "Load Middleware",
    "start": 1575691254798,
    "end": 1575691254937,
    "duration": 139,
    "pid": 7137,
    "index": 56
  },
  {
    "name": "Load \"middlewares\" to Application",
    "start": 1575691254798,
    "end": 1575691254920,
    "duration": 122,
    "pid": 7137,
    "index": 57
  },
  {
    "name": "Load Controller",
    "start": 1575691254938,
    "end": 1575691254941,
    "duration": 3,
    "pid": 7137,
    "index": 58
  },
  {
    "name": "Load \"controller\" to Application",
    "start": 1575691254938,
    "end": 1575691254941,
    "duration": 3,
    "pid": 7137,
    "index": 59
  },
  {
    "name": "Load Router",
    "start": 1575691254941,
    "end": 1575691254944,
    "duration": 3,
    "pid": 7137,
    "index": 60
  },
  {
    "name": "Require(44) app/router.js",
    "start": 1575691254941,
    "end": 1575691254941,
    "duration": 0,
    "pid": 7137,
    "index": 61
  },
  {
    "name": "Before Start in node_modules/egg-core/lib/egg.js:303:10",
    "start": 1575691254942,
    "end": 1575691254956,
    "duration": 14,
    "pid": 7137,
    "index": 62
  }
]