[
  {
    "name": "Application Start",
    "start": 1575689297026,
    "end": 1575689297437,
    "duration": 411,
    "pid": 4058,
    "index": 0
  },
  {
    "name": "Load Plugin",
    "start": 1575689297031,
    "end": 1575689297056,
    "duration": 25,
    "pid": 4058,
    "index": 1
  },
  {
    "name": "Load Config",
    "start": 1575689297057,
    "end": 1575689297085,
    "duration": 28,
    "pid": 4058,
    "index": 2
  },
  {
    "name": "Require(0) config/config.default.js",
    "start": 1575689297057,
    "end": 1575689297060,
    "duration": 3,
    "pid": 4058,
    "index": 3
  },
  {
    "name": "Require(1) node_modules/egg-session/config/config.default.js",
    "start": 1575689297062,
    "end": 1575689297063,
    "duration": 1,
    "pid": 4058,
    "index": 4
  },
  {
    "name": "Require(2) node_modules/egg-security/config/config.default.js",
    "start": 1575689297063,
    "end": 1575689297064,
    "duration": 1,
    "pid": 4058,
    "index": 5
  },
  {
    "name": "Require(3) node_modules/egg-jsonp/config/config.default.js",
    "start": 1575689297064,
    "end": 1575689297065,
    "duration": 1,
    "pid": 4058,
    "index": 6
  },
  {
    "name": "Require(4) node_modules/egg-onerror/config/config.default.js",
    "start": 1575689297065,
    "end": 1575689297065,
    "duration": 0,
    "pid": 4058,
    "index": 7
  },
  {
    "name": "Require(5) node_modules/egg-i18n/config/config.default.js",
    "start": 1575689297066,
    "end": 1575689297066,
    "duration": 0,
    "pid": 4058,
    "index": 8
  },
  {
    "name": "Require(6) node_modules/egg-watcher/config/config.default.js",
    "start": 1575689297067,
    "end": 1575689297067,
    "duration": 0,
    "pid": 4058,
    "index": 9
  },
  {
    "name": "Require(7) node_modules/egg-schedule/config/config.default.js",
    "start": 1575689297068,
    "end": 1575689297068,
    "duration": 0,
    "pid": 4058,
    "index": 10
  },
  {
    "name": "Require(8) node_modules/egg-multipart/config/config.default.js",
    "start": 1575689297068,
    "end": 1575689297069,
    "duration": 1,
    "pid": 4058,
    "index": 11
  },
  {
    "name": "Require(9) node_modules/egg-development/config/config.default.js",
    "start": 1575689297069,
    "end": 1575689297070,
    "duration": 1,
    "pid": 4058,
    "index": 12
  },
  {
    "name": "Require(10) node_modules/egg-logrotator/config/config.default.js",
    "start": 1575689297070,
    "end": 1575689297071,
    "duration": 1,
    "pid": 4058,
    "index": 13
  },
  {
    "name": "Require(11) node_modules/egg-static/config/config.default.js",
    "start": 1575689297071,
    "end": 1575689297075,
    "duration": 4,
    "pid": 4058,
    "index": 14
  },
  {
    "name": "Require(12) node_modules/egg-view/config/config.default.js",
    "start": 1575689297075,
    "end": 1575689297076,
    "duration": 1,
    "pid": 4058,
    "index": 15
  },
  {
    "name": "Require(13) node_modules/egg/config/config.default.js",
    "start": 1575689297076,
    "end": 1575689297077,
    "duration": 1,
    "pid": 4058,
    "index": 16
  },
  {
    "name": "Require(14) config/config.default.js",
    "start": 1575689297080,
    "end": 1575689297080,
    "duration": 0,
    "pid": 4058,
    "index": 17
  },
  {
    "name": "Require(15) node_modules/egg-security/config/config.local.js",
    "start": 1575689297081,
    "end": 1575689297082,
    "duration": 1,
    "pid": 4058,
    "index": 18
  },
  {
    "name": "Require(16) node_modules/egg-watcher/config/config.local.js",
    "start": 1575689297083,
    "end": 1575689297083,
    "duration": 0,
    "pid": 4058,
    "index": 19
  },
  {
    "name": "Require(17) node_modules/egg-view/config/config.local.js",
    "start": 1575689297084,
    "end": 1575689297084,
    "duration": 0,
    "pid": 4058,
    "index": 20
  },
  {
    "name": "Require(18) node_modules/egg/config/config.local.js",
    "start": 1575689297084,
    "end": 1575689297085,
    "duration": 1,
    "pid": 4058,
    "index": 21
  },
  {
    "name": "Load extend/application.js",
    "start": 1575689297087,
    "end": 1575689297095,
    "duration": 8,
    "pid": 4058,
    "index": 22
  },
  {
    "name": "Require(19) node_modules/egg-session/app/extend/application.js",
    "start": 1575689297087,
    "end": 1575689297088,
    "duration": 1,
    "pid": 4058,
    "index": 23
  },
  {
    "name": "Require(20) node_modules/egg-security/app/extend/application.js",
    "start": 1575689297088,
    "end": 1575689297090,
    "duration": 2,
    "pid": 4058,
    "index": 24
  },
  {
    "name": "Require(21) node_modules/egg-jsonp/app/extend/application.js",
    "start": 1575689297090,
    "end": 1575689297091,
    "duration": 1,
    "pid": 4058,
    "index": 25
  },
  {
    "name": "Require(22) node_modules/egg-logrotator/app/extend/application.js",
    "start": 1575689297091,
    "end": 1575689297093,
    "duration": 2,
    "pid": 4058,
    "index": 26
  },
  {
    "name": "Require(23) node_modules/egg-view/app/extend/application.js",
    "start": 1575689297093,
    "end": 1575689297094,
    "duration": 1,
    "pid": 4058,
    "index": 27
  },
  {
    "name": "Load extend/request.js",
    "start": 1575689297095,
    "end": 1575689297097,
    "duration": 2,
    "pid": 4058,
    "index": 28
  },
  {
    "name": "Require(24) node_modules/egg/app/extend/request.js",
    "start": 1575689297095,
    "end": 1575689297096,
    "duration": 1,
    "pid": 4058,
    "index": 29
  },
  {
    "name": "Load extend/response.js",
    "start": 1575689297097,
    "end": 1575689297099,
    "duration": 2,
    "pid": 4058,
    "index": 30
  },
  {
    "name": "Require(25) node_modules/egg/app/extend/response.js",
    "start": 1575689297097,
    "end": 1575689297099,
    "duration": 2,
    "pid": 4058,
    "index": 31
  },
  {
    "name": "Load extend/context.js",
    "start": 1575689297099,
    "end": 1575689297189,
    "duration": 90,
    "pid": 4058,
    "index": 32
  },
  {
    "name": "Require(26) node_modules/egg-security/app/extend/context.js",
    "start": 1575689297099,
    "end": 1575689297115,
    "duration": 16,
    "pid": 4058,
    "index": 33
  },
  {
    "name": "Require(27) node_modules/egg-jsonp/app/extend/context.js",
    "start": 1575689297115,
    "end": 1575689297118,
    "duration": 3,
    "pid": 4058,
    "index": 34
  },
  {
    "name": "Require(28) node_modules/egg-i18n/app/extend/context.js",
    "start": 1575689297118,
    "end": 1575689297119,
    "duration": 1,
    "pid": 4058,
    "index": 35
  },
  {
    "name": "Require(29) node_modules/egg-multipart/app/extend/context.js",
    "start": 1575689297119,
    "end": 1575689297181,
    "duration": 62,
    "pid": 4058,
    "index": 36
  },
  {
    "name": "Require(30) node_modules/egg-view/app/extend/context.js",
    "start": 1575689297182,
    "end": 1575689297186,
    "duration": 4,
    "pid": 4058,
    "index": 37
  },
  {
    "name": "Require(31) node_modules/egg/app/extend/context.js",
    "start": 1575689297187,
    "end": 1575689297188,
    "duration": 1,
    "pid": 4058,
    "index": 38
  },
  {
    "name": "Load extend/helper.js",
    "start": 1575689297189,
    "end": 1575689297219,
    "duration": 30,
    "pid": 4058,
    "index": 39
  },
  {
    "name": "Require(32) node_modules/egg-security/app/extend/helper.js",
    "start": 1575689297189,
    "end": 1575689297215,
    "duration": 26,
    "pid": 4058,
    "index": 40
  },
  {
    "name": "Require(33) node_modules/egg/app/extend/helper.js",
    "start": 1575689297217,
    "end": 1575689297218,
    "duration": 1,
    "pid": 4058,
    "index": 41
  },
  {
    "name": "Load app.js",
    "start": 1575689297219,
    "end": 1575689297264,
    "duration": 45,
    "pid": 4058,
    "index": 42
  },
  {
    "name": "Require(34) node_modules/egg-session/app.js",
    "start": 1575689297219,
    "end": 1575689297220,
    "duration": 1,
    "pid": 4058,
    "index": 43
  },
  {
    "name": "Require(35) node_modules/egg-security/app.js",
    "start": 1575689297220,
    "end": 1575689297223,
    "duration": 3,
    "pid": 4058,
    "index": 44
  },
  {
    "name": "Require(36) node_modules/egg-onerror/app.js",
    "start": 1575689297223,
    "end": 1575689297231,
    "duration": 8,
    "pid": 4058,
    "index": 45
  },
  {
    "name": "Require(37) node_modules/egg-i18n/app.js",
    "start": 1575689297232,
    "end": 1575689297249,
    "duration": 17,
    "pid": 4058,
    "index": 46
  },
  {
    "name": "Require(38) node_modules/egg-watcher/app.js",
    "start": 1575689297249,
    "end": 1575689297256,
    "duration": 7,
    "pid": 4058,
    "index": 47
  },
  {
    "name": "Require(39) node_modules/egg-schedule/app.js",
    "start": 1575689297256,
    "end": 1575689297259,
    "duration": 3,
    "pid": 4058,
    "index": 48
  },
  {
    "name": "Require(40) node_modules/egg-multipart/app.js",
    "start": 1575689297259,
    "end": 1575689297262,
    "duration": 3,
    "pid": 4058,
    "index": 49
  },
  {
    "name": "Require(41) node_modules/egg-development/app.js",
    "start": 1575689297262,
    "end": 1575689297263,
    "duration": 1,
    "pid": 4058,
    "index": 50
  },
  {
    "name": "Require(42) node_modules/egg-logrotator/app.js",
    "start": 1575689297263,
    "end": 1575689297263,
    "duration": 0,
    "pid": 4058,
    "index": 51
  },
  {
    "name": "Require(43) node_modules/egg-static/app.js",
    "start": 1575689297263,
    "end": 1575689297264,
    "duration": 1,
    "pid": 4058,
    "index": 52
  },
  {
    "name": "Before Start in node_modules/egg-watcher/lib/init.js:15:14",
    "start": 1575689297280,
    "end": 1575689297436,
    "duration": 156,
    "pid": 4058,
    "index": 53
  },
  {
    "name": "Load Service",
    "start": 1575689297314,
    "end": 1575689297318,
    "duration": 4,
    "pid": 4058,
    "index": 54
  },
  {
    "name": "Load \"service\" to Context",
    "start": 1575689297315,
    "end": 1575689297318,
    "duration": 3,
    "pid": 4058,
    "index": 55
  },
  {
    "name": "Load Middleware",
    "start": 1575689297319,
    "end": 1575689297409,
    "duration": 90,
    "pid": 4058,
    "index": 56
  },
  {
    "name": "Load \"middlewares\" to Application",
    "start": 1575689297319,
    "end": 1575689297398,
    "duration": 79,
    "pid": 4058,
    "index": 57
  },
  {
    "name": "Load Controller",
    "start": 1575689297409,
    "end": 1575689297412,
    "duration": 3,
    "pid": 4058,
    "index": 58
  },
  {
    "name": "Load \"controller\" to Application",
    "start": 1575689297409,
    "end": 1575689297412,
    "duration": 3,
    "pid": 4058,
    "index": 59
  },
  {
    "name": "Load Router",
    "start": 1575689297413,
    "end": 1575689297417,
    "duration": 4,
    "pid": 4058,
    "index": 60
  },
  {
    "name": "Require(44) app/router.js",
    "start": 1575689297413,
    "end": 1575689297413,
    "duration": 0,
    "pid": 4058,
    "index": 61
  },
  {
    "name": "Before Start in node_modules/egg-core/lib/egg.js:303:10",
    "start": 1575689297414,
    "end": 1575689297426,
    "duration": 12,
    "pid": 4058,
    "index": 62
  }
]