[
  {
    "name": "Application Start",
    "start": 1575689559211,
    "end": 1575689559532,
    "duration": 321,
    "pid": 4426,
    "index": 0
  },
  {
    "name": "Load Plugin",
    "start": 1575689559217,
    "end": 1575689559226,
    "duration": 9,
    "pid": 4426,
    "index": 1
  },
  {
    "name": "Load Config",
    "start": 1575689559227,
    "end": 1575689559244,
    "duration": 17,
    "pid": 4426,
    "index": 2
  },
  {
    "name": "Require(0) config/config.default.js",
    "start": 1575689559227,
    "end": 1575689559228,
    "duration": 1,
    "pid": 4426,
    "index": 3
  },
  {
    "name": "Require(1) node_modules/egg-session/config/config.default.js",
    "start": 1575689559229,
    "end": 1575689559229,
    "duration": 0,
    "pid": 4426,
    "index": 4
  },
  {
    "name": "Require(2) node_modules/egg-security/config/config.default.js",
    "start": 1575689559229,
    "end": 1575689559229,
    "duration": 0,
    "pid": 4426,
    "index": 5
  },
  {
    "name": "Require(3) node_modules/egg-jsonp/config/config.default.js",
    "start": 1575689559230,
    "end": 1575689559230,
    "duration": 0,
    "pid": 4426,
    "index": 6
  },
  {
    "name": "Require(4) node_modules/egg-onerror/config/config.default.js",
    "start": 1575689559230,
    "end": 1575689559231,
    "duration": 1,
    "pid": 4426,
    "index": 7
  },
  {
    "name": "Require(5) node_modules/egg-i18n/config/config.default.js",
    "start": 1575689559231,
    "end": 1575689559231,
    "duration": 0,
    "pid": 4426,
    "index": 8
  },
  {
    "name": "Require(6) node_modules/egg-watcher/config/config.default.js",
    "start": 1575689559232,
    "end": 1575689559233,
    "duration": 1,
    "pid": 4426,
    "index": 9
  },
  {
    "name": "Require(7) node_modules/egg-schedule/config/config.default.js",
    "start": 1575689559233,
    "end": 1575689559234,
    "duration": 1,
    "pid": 4426,
    "index": 10
  },
  {
    "name": "Require(8) node_modules/egg-multipart/config/config.default.js",
    "start": 1575689559234,
    "end": 1575689559235,
    "duration": 1,
    "pid": 4426,
    "index": 11
  },
  {
    "name": "Require(9) node_modules/egg-development/config/config.default.js",
    "start": 1575689559235,
    "end": 1575689559236,
    "duration": 1,
    "pid": 4426,
    "index": 12
  },
  {
    "name": "Require(10) node_modules/egg-logrotator/config/config.default.js",
    "start": 1575689559236,
    "end": 1575689559237,
    "duration": 1,
    "pid": 4426,
    "index": 13
  },
  {
    "name": "Require(11) node_modules/egg-static/config/config.default.js",
    "start": 1575689559237,
    "end": 1575689559237,
    "duration": 0,
    "pid": 4426,
    "index": 14
  },
  {
    "name": "Require(12) node_modules/egg-view/config/config.default.js",
    "start": 1575689559238,
    "end": 1575689559238,
    "duration": 0,
    "pid": 4426,
    "index": 15
  },
  {
    "name": "Require(13) node_modules/egg/config/config.default.js",
    "start": 1575689559239,
    "end": 1575689559239,
    "duration": 0,
    "pid": 4426,
    "index": 16
  },
  {
    "name": "Require(14) config/config.default.js",
    "start": 1575689559240,
    "end": 1575689559240,
    "duration": 0,
    "pid": 4426,
    "index": 17
  },
  {
    "name": "Require(15) node_modules/egg-security/config/config.local.js",
    "start": 1575689559241,
    "end": 1575689559241,
    "duration": 0,
    "pid": 4426,
    "index": 18
  },
  {
    "name": "Require(16) node_modules/egg-watcher/config/config.local.js",
    "start": 1575689559241,
    "end": 1575689559241,
    "duration": 0,
    "pid": 4426,
    "index": 19
  },
  {
    "name": "Require(17) node_modules/egg-view/config/config.local.js",
    "start": 1575689559242,
    "end": 1575689559242,
    "duration": 0,
    "pid": 4426,
    "index": 20
  },
  {
    "name": "Require(18) node_modules/egg/config/config.local.js",
    "start": 1575689559242,
    "end": 1575689559244,
    "duration": 2,
    "pid": 4426,
    "index": 21
  },
  {
    "name": "Load extend/application.js",
    "start": 1575689559247,
    "end": 1575689559256,
    "duration": 9,
    "pid": 4426,
    "index": 22
  },
  {
    "name": "Require(19) node_modules/egg-session/app/extend/application.js",
    "start": 1575689559247,
    "end": 1575689559249,
    "duration": 2,
    "pid": 4426,
    "index": 23
  },
  {
    "name": "Require(20) node_modules/egg-security/app/extend/application.js",
    "start": 1575689559249,
    "end": 1575689559250,
    "duration": 1,
    "pid": 4426,
    "index": 24
  },
  {
    "name": "Require(21) node_modules/egg-jsonp/app/extend/application.js",
    "start": 1575689559250,
    "end": 1575689559253,
    "duration": 3,
    "pid": 4426,
    "index": 25
  },
  {
    "name": "Require(22) node_modules/egg-logrotator/app/extend/application.js",
    "start": 1575689559253,
    "end": 1575689559254,
    "duration": 1,
    "pid": 4426,
    "index": 26
  },
  {
    "name": "Require(23) node_modules/egg-view/app/extend/application.js",
    "start": 1575689559254,
    "end": 1575689559255,
    "duration": 1,
    "pid": 4426,
    "index": 27
  },
  {
    "name": "Load extend/request.js",
    "start": 1575689559256,
    "end": 1575689559257,
    "duration": 1,
    "pid": 4426,
    "index": 28
  },
  {
    "name": "Require(24) node_modules/egg/app/extend/request.js",
    "start": 1575689559256,
    "end": 1575689559257,
    "duration": 1,
    "pid": 4426,
    "index": 29
  },
  {
    "name": "Load extend/response.js",
    "start": 1575689559257,
    "end": 1575689559260,
    "duration": 3,
    "pid": 4426,
    "index": 30
  },
  {
    "name": "Require(25) node_modules/egg/app/extend/response.js",
    "start": 1575689559258,
    "end": 1575689559259,
    "duration": 1,
    "pid": 4426,
    "index": 31
  },
  {
    "name": "Load extend/context.js",
    "start": 1575689559260,
    "end": 1575689559333,
    "duration": 73,
    "pid": 4426,
    "index": 32
  },
  {
    "name": "Require(26) node_modules/egg-security/app/extend/context.js",
    "start": 1575689559260,
    "end": 1575689559267,
    "duration": 7,
    "pid": 4426,
    "index": 33
  },
  {
    "name": "Require(27) node_modules/egg-jsonp/app/extend/context.js",
    "start": 1575689559267,
    "end": 1575689559268,
    "duration": 1,
    "pid": 4426,
    "index": 34
  },
  {
    "name": "Require(28) node_modules/egg-i18n/app/extend/context.js",
    "start": 1575689559268,
    "end": 1575689559268,
    "duration": 0,
    "pid": 4426,
    "index": 35
  },
  {
    "name": "Require(29) node_modules/egg-multipart/app/extend/context.js",
    "start": 1575689559268,
    "end": 1575689559330,
    "duration": 62,
    "pid": 4426,
    "index": 36
  },
  {
    "name": "Require(30) node_modules/egg-view/app/extend/context.js",
    "start": 1575689559331,
    "end": 1575689559331,
    "duration": 0,
    "pid": 4426,
    "index": 37
  },
  {
    "name": "Require(31) node_modules/egg/app/extend/context.js",
    "start": 1575689559331,
    "end": 1575689559332,
    "duration": 1,
    "pid": 4426,
    "index": 38
  },
  {
    "name": "Load extend/helper.js",
    "start": 1575689559333,
    "end": 1575689559357,
    "duration": 24,
    "pid": 4426,
    "index": 39
  },
  {
    "name": "Require(32) node_modules/egg-security/app/extend/helper.js",
    "start": 1575689559333,
    "end": 1575689559356,
    "duration": 23,
    "pid": 4426,
    "index": 40
  },
  {
    "name": "Require(33) node_modules/egg/app/extend/helper.js",
    "start": 1575689559356,
    "end": 1575689559356,
    "duration": 0,
    "pid": 4426,
    "index": 41
  },
  {
    "name": "Load app.js",
    "start": 1575689559357,
    "end": 1575689559384,
    "duration": 27,
    "pid": 4426,
    "index": 42
  },
  {
    "name": "Require(34) node_modules/egg-session/app.js",
    "start": 1575689559357,
    "end": 1575689559357,
    "duration": 0,
    "pid": 4426,
    "index": 43
  },
  {
    "name": "Require(35) node_modules/egg-security/app.js",
    "start": 1575689559358,
    "end": 1575689559359,
    "duration": 1,
    "pid": 4426,
    "index": 44
  },
  {
    "name": "Require(36) node_modules/egg-onerror/app.js",
    "start": 1575689559359,
    "end": 1575689559365,
    "duration": 6,
    "pid": 4426,
    "index": 45
  },
  {
    "name": "Require(37) node_modules/egg-i18n/app.js",
    "start": 1575689559365,
    "end": 1575689559373,
    "duration": 8,
    "pid": 4426,
    "index": 46
  },
  {
    "name": "Require(38) node_modules/egg-watcher/app.js",
    "start": 1575689559374,
    "end": 1575689559375,
    "duration": 1,
    "pid": 4426,
    "index": 47
  },
  {
    "name": "Require(39) node_modules/egg-schedule/app.js",
    "start": 1575689559375,
    "end": 1575689559379,
    "duration": 4,
    "pid": 4426,
    "index": 48
  },
  {
    "name": "Require(40) node_modules/egg-multipart/app.js",
    "start": 1575689559379,
    "end": 1575689559380,
    "duration": 1,
    "pid": 4426,
    "index": 49
  },
  {
    "name": "Require(41) node_modules/egg-development/app.js",
    "start": 1575689559381,
    "end": 1575689559381,
    "duration": 0,
    "pid": 4426,
    "index": 50
  },
  {
    "name": "Require(42) node_modules/egg-logrotator/app.js",
    "start": 1575689559382,
    "end": 1575689559382,
    "duration": 0,
    "pid": 4426,
    "index": 51
  },
  {
    "name": "Require(43) node_modules/egg-static/app.js",
    "start": 1575689559383,
    "end": 1575689559383,
    "duration": 0,
    "pid": 4426,
    "index": 52
  },
  {
    "name": "Before Start in node_modules/egg-watcher/lib/init.js:15:14",
    "start": 1575689559398,
    "end": 1575689559531,
    "duration": 133,
    "pid": 4426,
    "index": 53
  },
  {
    "name": "Load Service",
    "start": 1575689559437,
    "end": 1575689559440,
    "duration": 3,
    "pid": 4426,
    "index": 54
  },
  {
    "name": "Load \"service\" to Context",
    "start": 1575689559438,
    "end": 1575689559440,
    "duration": 2,
    "pid": 4426,
    "index": 55
  },
  {
    "name": "Load Middleware",
    "start": 1575689559440,
    "end": 1575689559500,
    "duration": 60,
    "pid": 4426,
    "index": 56
  },
  {
    "name": "Load \"middlewares\" to Application",
    "start": 1575689559440,
    "end": 1575689559494,
    "duration": 54,
    "pid": 4426,
    "index": 57
  },
  {
    "name": "Load Controller",
    "start": 1575689559500,
    "end": 1575689559502,
    "duration": 2,
    "pid": 4426,
    "index": 58
  },
  {
    "name": "Load \"controller\" to Application",
    "start": 1575689559500,
    "end": 1575689559502,
    "duration": 2,
    "pid": 4426,
    "index": 59
  },
  {
    "name": "Load Router",
    "start": 1575689559502,
    "end": 1575689559504,
    "duration": 2,
    "pid": 4426,
    "index": 60
  },
  {
    "name": "Require(44) app/router.js",
    "start": 1575689559502,
    "end": 1575689559502,
    "duration": 0,
    "pid": 4426,
    "index": 61
  },
  {
    "name": "Before Start in node_modules/egg-core/lib/egg.js:303:10",
    "start": 1575689559503,
    "end": 1575689559516,
    "duration": 13,
    "pid": 4426,
    "index": 62
  }
]