[
  {
    "name": "Application Start",
    "start": 1575690386337,
    "end": 1575690386636,
    "duration": 299,
    "pid": 5718,
    "index": 0
  },
  {
    "name": "Load Plugin",
    "start": 1575690386340,
    "end": 1575690386348,
    "duration": 8,
    "pid": 5718,
    "index": 1
  },
  {
    "name": "Load Config",
    "start": 1575690386348,
    "end": 1575690386367,
    "duration": 19,
    "pid": 5718,
    "index": 2
  },
  {
    "name": "Require(0) config/config.default.js",
    "start": 1575690386351,
    "end": 1575690386351,
    "duration": 0,
    "pid": 5718,
    "index": 3
  },
  {
    "name": "Require(1) node_modules/egg-session/config/config.default.js",
    "start": 1575690386353,
    "end": 1575690386353,
    "duration": 0,
    "pid": 5718,
    "index": 4
  },
  {
    "name": "Require(2) node_modules/egg-security/config/config.default.js",
    "start": 1575690386354,
    "end": 1575690386355,
    "duration": 1,
    "pid": 5718,
    "index": 5
  },
  {
    "name": "Require(3) node_modules/egg-jsonp/config/config.default.js",
    "start": 1575690386355,
    "end": 1575690386356,
    "duration": 1,
    "pid": 5718,
    "index": 6
  },
  {
    "name": "Require(4) node_modules/egg-onerror/config/config.default.js",
    "start": 1575690386356,
    "end": 1575690386356,
    "duration": 0,
    "pid": 5718,
    "index": 7
  },
  {
    "name": "Require(5) node_modules/egg-i18n/config/config.default.js",
    "start": 1575690386358,
    "end": 1575690386358,
    "duration": 0,
    "pid": 5718,
    "index": 8
  },
  {
    "name": "Require(6) node_modules/egg-watcher/config/config.default.js",
    "start": 1575690386359,
    "end": 1575690386359,
    "duration": 0,
    "pid": 5718,
    "index": 9
  },
  {
    "name": "Require(7) node_modules/egg-schedule/config/config.default.js",
    "start": 1575690386360,
    "end": 1575690386360,
    "duration": 0,
    "pid": 5718,
    "index": 10
  },
  {
    "name": "Require(8) node_modules/egg-multipart/config/config.default.js",
    "start": 1575690386360,
    "end": 1575690386360,
    "duration": 0,
    "pid": 5718,
    "index": 11
  },
  {
    "name": "Require(9) node_modules/egg-development/config/config.default.js",
    "start": 1575690386361,
    "end": 1575690386361,
    "duration": 0,
    "pid": 5718,
    "index": 12
  },
  {
    "name": "Require(10) node_modules/egg-logrotator/config/config.default.js",
    "start": 1575690386361,
    "end": 1575690386362,
    "duration": 1,
    "pid": 5718,
    "index": 13
  },
  {
    "name": "Require(11) node_modules/egg-static/config/config.default.js",
    "start": 1575690386362,
    "end": 1575690386362,
    "duration": 0,
    "pid": 5718,
    "index": 14
  },
  {
    "name": "Require(12) node_modules/egg-view/config/config.default.js",
    "start": 1575690386363,
    "end": 1575690386363,
    "duration": 0,
    "pid": 5718,
    "index": 15
  },
  {
    "name": "Require(13) node_modules/egg/config/config.default.js",
    "start": 1575690386363,
    "end": 1575690386364,
    "duration": 1,
    "pid": 5718,
    "index": 16
  },
  {
    "name": "Require(14) config/config.default.js",
    "start": 1575690386365,
    "end": 1575690386365,
    "duration": 0,
    "pid": 5718,
    "index": 17
  },
  {
    "name": "Require(15) node_modules/egg-security/config/config.local.js",
    "start": 1575690386365,
    "end": 1575690386365,
    "duration": 0,
    "pid": 5718,
    "index": 18
  },
  {
    "name": "Require(16) node_modules/egg-watcher/config/config.local.js",
    "start": 1575690386366,
    "end": 1575690386366,
    "duration": 0,
    "pid": 5718,
    "index": 19
  },
  {
    "name": "Require(17) node_modules/egg-view/config/config.local.js",
    "start": 1575690386366,
    "end": 1575690386367,
    "duration": 1,
    "pid": 5718,
    "index": 20
  },
  {
    "name": "Require(18) node_modules/egg/config/config.local.js",
    "start": 1575690386367,
    "end": 1575690386367,
    "duration": 0,
    "pid": 5718,
    "index": 21
  },
  {
    "name": "Load extend/application.js",
    "start": 1575690386369,
    "end": 1575690386374,
    "duration": 5,
    "pid": 5718,
    "index": 22
  },
  {
    "name": "Require(19) node_modules/egg-session/app/extend/application.js",
    "start": 1575690386369,
    "end": 1575690386370,
    "duration": 1,
    "pid": 5718,
    "index": 23
  },
  {
    "name": "Require(20) node_modules/egg-security/app/extend/application.js",
    "start": 1575690386370,
    "end": 1575690386371,
    "duration": 1,
    "pid": 5718,
    "index": 24
  },
  {
    "name": "Require(21) node_modules/egg-jsonp/app/extend/application.js",
    "start": 1575690386371,
    "end": 1575690386372,
    "duration": 1,
    "pid": 5718,
    "index": 25
  },
  {
    "name": "Require(22) node_modules/egg-logrotator/app/extend/application.js",
    "start": 1575690386372,
    "end": 1575690386373,
    "duration": 1,
    "pid": 5718,
    "index": 26
  },
  {
    "name": "Require(23) node_modules/egg-view/app/extend/application.js",
    "start": 1575690386373,
    "end": 1575690386373,
    "duration": 0,
    "pid": 5718,
    "index": 27
  },
  {
    "name": "Load extend/request.js",
    "start": 1575690386374,
    "end": 1575690386376,
    "duration": 2,
    "pid": 5718,
    "index": 28
  },
  {
    "name": "Require(24) node_modules/egg/app/extend/request.js",
    "start": 1575690386374,
    "end": 1575690386375,
    "duration": 1,
    "pid": 5718,
    "index": 29
  },
  {
    "name": "Load extend/response.js",
    "start": 1575690386376,
    "end": 1575690386377,
    "duration": 1,
    "pid": 5718,
    "index": 30
  },
  {
    "name": "Require(25) node_modules/egg/app/extend/response.js",
    "start": 1575690386376,
    "end": 1575690386377,
    "duration": 1,
    "pid": 5718,
    "index": 31
  },
  {
    "name": "Load extend/context.js",
    "start": 1575690386377,
    "end": 1575690386447,
    "duration": 70,
    "pid": 5718,
    "index": 32
  },
  {
    "name": "Require(26) node_modules/egg-security/app/extend/context.js",
    "start": 1575690386378,
    "end": 1575690386388,
    "duration": 10,
    "pid": 5718,
    "index": 33
  },
  {
    "name": "Require(27) node_modules/egg-jsonp/app/extend/context.js",
    "start": 1575690386388,
    "end": 1575690386391,
    "duration": 3,
    "pid": 5718,
    "index": 34
  },
  {
    "name": "Require(28) node_modules/egg-i18n/app/extend/context.js",
    "start": 1575690386391,
    "end": 1575690386391,
    "duration": 0,
    "pid": 5718,
    "index": 35
  },
  {
    "name": "Require(29) node_modules/egg-multipart/app/extend/context.js",
    "start": 1575690386392,
    "end": 1575690386444,
    "duration": 52,
    "pid": 5718,
    "index": 36
  },
  {
    "name": "Require(30) node_modules/egg-view/app/extend/context.js",
    "start": 1575690386444,
    "end": 1575690386445,
    "duration": 1,
    "pid": 5718,
    "index": 37
  },
  {
    "name": "Require(31) node_modules/egg/app/extend/context.js",
    "start": 1575690386445,
    "end": 1575690386446,
    "duration": 1,
    "pid": 5718,
    "index": 38
  },
  {
    "name": "Load extend/helper.js",
    "start": 1575690386447,
    "end": 1575690386471,
    "duration": 24,
    "pid": 5718,
    "index": 39
  },
  {
    "name": "Require(32) node_modules/egg-security/app/extend/helper.js",
    "start": 1575690386447,
    "end": 1575690386470,
    "duration": 23,
    "pid": 5718,
    "index": 40
  },
  {
    "name": "Require(33) node_modules/egg/app/extend/helper.js",
    "start": 1575690386471,
    "end": 1575690386471,
    "duration": 0,
    "pid": 5718,
    "index": 41
  },
  {
    "name": "Load app.js",
    "start": 1575690386472,
    "end": 1575690386497,
    "duration": 25,
    "pid": 5718,
    "index": 42
  },
  {
    "name": "Require(34) node_modules/egg-session/app.js",
    "start": 1575690386472,
    "end": 1575690386472,
    "duration": 0,
    "pid": 5718,
    "index": 43
  },
  {
    "name": "Require(35) node_modules/egg-security/app.js",
    "start": 1575690386472,
    "end": 1575690386473,
    "duration": 1,
    "pid": 5718,
    "index": 44
  },
  {
    "name": "Require(36) node_modules/egg-onerror/app.js",
    "start": 1575690386473,
    "end": 1575690386478,
    "duration": 5,
    "pid": 5718,
    "index": 45
  },
  {
    "name": "Require(37) node_modules/egg-i18n/app.js",
    "start": 1575690386478,
    "end": 1575690386489,
    "duration": 11,
    "pid": 5718,
    "index": 46
  },
  {
    "name": "Require(38) node_modules/egg-watcher/app.js",
    "start": 1575690386489,
    "end": 1575690386493,
    "duration": 4,
    "pid": 5718,
    "index": 47
  },
  {
    "name": "Require(39) node_modules/egg-schedule/app.js",
    "start": 1575690386493,
    "end": 1575690386494,
    "duration": 1,
    "pid": 5718,
    "index": 48
  },
  {
    "name": "Require(40) node_modules/egg-multipart/app.js",
    "start": 1575690386494,
    "end": 1575690386495,
    "duration": 1,
    "pid": 5718,
    "index": 49
  },
  {
    "name": "Require(41) node_modules/egg-development/app.js",
    "start": 1575690386495,
    "end": 1575690386496,
    "duration": 1,
    "pid": 5718,
    "index": 50
  },
  {
    "name": "Require(42) node_modules/egg-logrotator/app.js",
    "start": 1575690386496,
    "end": 1575690386496,
    "duration": 0,
    "pid": 5718,
    "index": 51
  },
  {
    "name": "Require(43) node_modules/egg-static/app.js",
    "start": 1575690386496,
    "end": 1575690386496,
    "duration": 0,
    "pid": 5718,
    "index": 52
  },
  {
    "name": "Before Start in node_modules/egg-watcher/lib/init.js:15:14",
    "start": 1575690386511,
    "end": 1575690386635,
    "duration": 124,
    "pid": 5718,
    "index": 53
  },
  {
    "name": "Load Service",
    "start": 1575690386546,
    "end": 1575690386549,
    "duration": 3,
    "pid": 5718,
    "index": 54
  },
  {
    "name": "Load \"service\" to Context",
    "start": 1575690386546,
    "end": 1575690386549,
    "duration": 3,
    "pid": 5718,
    "index": 55
  },
  {
    "name": "Load Middleware",
    "start": 1575690386550,
    "end": 1575690386606,
    "duration": 56,
    "pid": 5718,
    "index": 56
  },
  {
    "name": "Load \"middlewares\" to Application",
    "start": 1575690386550,
    "end": 1575690386598,
    "duration": 48,
    "pid": 5718,
    "index": 57
  },
  {
    "name": "Load Controller",
    "start": 1575690386607,
    "end": 1575690386608,
    "duration": 1,
    "pid": 5718,
    "index": 58
  },
  {
    "name": "Load \"controller\" to Application",
    "start": 1575690386607,
    "end": 1575690386608,
    "duration": 1,
    "pid": 5718,
    "index": 59
  },
  {
    "name": "Load Router",
    "start": 1575690386608,
    "end": 1575690386610,
    "duration": 2,
    "pid": 5718,
    "index": 60
  },
  {
    "name": "Require(44) app/router.js",
    "start": 1575690386608,
    "end": 1575690386608,
    "duration": 0,
    "pid": 5718,
    "index": 61
  },
  {
    "name": "Before Start in node_modules/egg-core/lib/egg.js:303:10",
    "start": 1575690386609,
    "end": 1575690386622,
    "duration": 13,
    "pid": 5718,
    "index": 62
  }
]