[
  {
    "name": "Application Start",
    "start": 1575691232721,
    "end": 1575691233034,
    "duration": 313,
    "pid": 7094,
    "index": 0
  },
  {
    "name": "Load Plugin",
    "start": 1575691232725,
    "end": 1575691232736,
    "duration": 11,
    "pid": 7094,
    "index": 1
  },
  {
    "name": "Load Config",
    "start": 1575691232736,
    "end": 1575691232749,
    "duration": 13,
    "pid": 7094,
    "index": 2
  },
  {
    "name": "Require(0) config/config.default.js",
    "start": 1575691232737,
    "end": 1575691232738,
    "duration": 1,
    "pid": 7094,
    "index": 3
  },
  {
    "name": "Require(1) node_modules/egg-session/config/config.default.js",
    "start": 1575691232739,
    "end": 1575691232739,
    "duration": 0,
    "pid": 7094,
    "index": 4
  },
  {
    "name": "Require(2) node_modules/egg-security/config/config.default.js",
    "start": 1575691232739,
    "end": 1575691232740,
    "duration": 1,
    "pid": 7094,
    "index": 5
  },
  {
    "name": "Require(3) node_modules/egg-jsonp/config/config.default.js",
    "start": 1575691232740,
    "end": 1575691232740,
    "duration": 0,
    "pid": 7094,
    "index": 6
  },
  {
    "name": "Require(4) node_modules/egg-onerror/config/config.default.js",
    "start": 1575691232741,
    "end": 1575691232741,
    "duration": 0,
    "pid": 7094,
    "index": 7
  },
  {
    "name": "Require(5) node_modules/egg-i18n/config/config.default.js",
    "start": 1575691232741,
    "end": 1575691232741,
    "duration": 0,
    "pid": 7094,
    "index": 8
  },
  {
    "name": "Require(6) node_modules/egg-watcher/config/config.default.js",
    "start": 1575691232742,
    "end": 1575691232742,
    "duration": 0,
    "pid": 7094,
    "index": 9
  },
  {
    "name": "Require(7) node_modules/egg-schedule/config/config.default.js",
    "start": 1575691232743,
    "end": 1575691232743,
    "duration": 0,
    "pid": 7094,
    "index": 10
  },
  {
    "name": "Require(8) node_modules/egg-multipart/config/config.default.js",
    "start": 1575691232743,
    "end": 1575691232743,
    "duration": 0,
    "pid": 7094,
    "index": 11
  },
  {
    "name": "Require(9) node_modules/egg-development/config/config.default.js",
    "start": 1575691232744,
    "end": 1575691232744,
    "duration": 0,
    "pid": 7094,
    "index": 12
  },
  {
    "name": "Require(10) node_modules/egg-logrotator/config/config.default.js",
    "start": 1575691232744,
    "end": 1575691232744,
    "duration": 0,
    "pid": 7094,
    "index": 13
  },
  {
    "name": "Require(11) node_modules/egg-static/config/config.default.js",
    "start": 1575691232744,
    "end": 1575691232744,
    "duration": 0,
    "pid": 7094,
    "index": 14
  },
  {
    "name": "Require(12) node_modules/egg-view/config/config.default.js",
    "start": 1575691232745,
    "end": 1575691232745,
    "duration": 0,
    "pid": 7094,
    "index": 15
  },
  {
    "name": "Require(13) node_modules/egg/config/config.default.js",
    "start": 1575691232745,
    "end": 1575691232746,
    "duration": 1,
    "pid": 7094,
    "index": 16
  },
  {
    "name": "Require(14) config/config.default.js",
    "start": 1575691232747,
    "end": 1575691232747,
    "duration": 0,
    "pid": 7094,
    "index": 17
  },
  {
    "name": "Require(15) node_modules/egg-security/config/config.local.js",
    "start": 1575691232747,
    "end": 1575691232747,
    "duration": 0,
    "pid": 7094,
    "index": 18
  },
  {
    "name": "Require(16) node_modules/egg-watcher/config/config.local.js",
    "start": 1575691232748,
    "end": 1575691232748,
    "duration": 0,
    "pid": 7094,
    "index": 19
  },
  {
    "name": "Require(17) node_modules/egg-view/config/config.local.js",
    "start": 1575691232748,
    "end": 1575691232748,
    "duration": 0,
    "pid": 7094,
    "index": 20
  },
  {
    "name": "Require(18) node_modules/egg/config/config.local.js",
    "start": 1575691232748,
    "end": 1575691232749,
    "duration": 1,
    "pid": 7094,
    "index": 21
  },
  {
    "name": "Load extend/application.js",
    "start": 1575691232750,
    "end": 1575691232755,
    "duration": 5,
    "pid": 7094,
    "index": 22
  },
  {
    "name": "Require(19) node_modules/egg-session/app/extend/application.js",
    "start": 1575691232751,
    "end": 1575691232751,
    "duration": 0,
    "pid": 7094,
    "index": 23
  },
  {
    "name": "Require(20) node_modules/egg-security/app/extend/application.js",
    "start": 1575691232751,
    "end": 1575691232752,
    "duration": 1,
    "pid": 7094,
    "index": 24
  },
  {
    "name": "Require(21) node_modules/egg-jsonp/app/extend/application.js",
    "start": 1575691232752,
    "end": 1575691232753,
    "duration": 1,
    "pid": 7094,
    "index": 25
  },
  {
    "name": "Require(22) node_modules/egg-logrotator/app/extend/application.js",
    "start": 1575691232753,
    "end": 1575691232754,
    "duration": 1,
    "pid": 7094,
    "index": 26
  },
  {
    "name": "Require(23) node_modules/egg-view/app/extend/application.js",
    "start": 1575691232754,
    "end": 1575691232755,
    "duration": 1,
    "pid": 7094,
    "index": 27
  },
  {
    "name": "Load extend/request.js",
    "start": 1575691232755,
    "end": 1575691232757,
    "duration": 2,
    "pid": 7094,
    "index": 28
  },
  {
    "name": "Require(24) node_modules/egg/app/extend/request.js",
    "start": 1575691232756,
    "end": 1575691232756,
    "duration": 0,
    "pid": 7094,
    "index": 29
  },
  {
    "name": "Load extend/response.js",
    "start": 1575691232757,
    "end": 1575691232761,
    "duration": 4,
    "pid": 7094,
    "index": 30
  },
  {
    "name": "Require(25) node_modules/egg/app/extend/response.js",
    "start": 1575691232757,
    "end": 1575691232759,
    "duration": 2,
    "pid": 7094,
    "index": 31
  },
  {
    "name": "Load extend/context.js",
    "start": 1575691232761,
    "end": 1575691232822,
    "duration": 61,
    "pid": 7094,
    "index": 32
  },
  {
    "name": "Require(26) node_modules/egg-security/app/extend/context.js",
    "start": 1575691232761,
    "end": 1575691232771,
    "duration": 10,
    "pid": 7094,
    "index": 33
  },
  {
    "name": "Require(27) node_modules/egg-jsonp/app/extend/context.js",
    "start": 1575691232772,
    "end": 1575691232773,
    "duration": 1,
    "pid": 7094,
    "index": 34
  },
  {
    "name": "Require(28) node_modules/egg-i18n/app/extend/context.js",
    "start": 1575691232773,
    "end": 1575691232773,
    "duration": 0,
    "pid": 7094,
    "index": 35
  },
  {
    "name": "Require(29) node_modules/egg-multipart/app/extend/context.js",
    "start": 1575691232773,
    "end": 1575691232819,
    "duration": 46,
    "pid": 7094,
    "index": 36
  },
  {
    "name": "Require(30) node_modules/egg-view/app/extend/context.js",
    "start": 1575691232819,
    "end": 1575691232820,
    "duration": 1,
    "pid": 7094,
    "index": 37
  },
  {
    "name": "Require(31) node_modules/egg/app/extend/context.js",
    "start": 1575691232821,
    "end": 1575691232821,
    "duration": 0,
    "pid": 7094,
    "index": 38
  },
  {
    "name": "Load extend/helper.js",
    "start": 1575691232822,
    "end": 1575691232864,
    "duration": 42,
    "pid": 7094,
    "index": 39
  },
  {
    "name": "Require(32) node_modules/egg-security/app/extend/helper.js",
    "start": 1575691232823,
    "end": 1575691232862,
    "duration": 39,
    "pid": 7094,
    "index": 40
  },
  {
    "name": "Require(33) node_modules/egg/app/extend/helper.js",
    "start": 1575691232863,
    "end": 1575691232863,
    "duration": 0,
    "pid": 7094,
    "index": 41
  },
  {
    "name": "Load app.js",
    "start": 1575691232864,
    "end": 1575691232887,
    "duration": 23,
    "pid": 7094,
    "index": 42
  },
  {
    "name": "Require(34) node_modules/egg-session/app.js",
    "start": 1575691232864,
    "end": 1575691232865,
    "duration": 1,
    "pid": 7094,
    "index": 43
  },
  {
    "name": "Require(35) node_modules/egg-security/app.js",
    "start": 1575691232865,
    "end": 1575691232866,
    "duration": 1,
    "pid": 7094,
    "index": 44
  },
  {
    "name": "Require(36) node_modules/egg-onerror/app.js",
    "start": 1575691232866,
    "end": 1575691232874,
    "duration": 8,
    "pid": 7094,
    "index": 45
  },
  {
    "name": "Require(37) node_modules/egg-i18n/app.js",
    "start": 1575691232874,
    "end": 1575691232882,
    "duration": 8,
    "pid": 7094,
    "index": 46
  },
  {
    "name": "Require(38) node_modules/egg-watcher/app.js",
    "start": 1575691232882,
    "end": 1575691232884,
    "duration": 2,
    "pid": 7094,
    "index": 47
  },
  {
    "name": "Require(39) node_modules/egg-schedule/app.js",
    "start": 1575691232884,
    "end": 1575691232885,
    "duration": 1,
    "pid": 7094,
    "index": 48
  },
  {
    "name": "Require(40) node_modules/egg-multipart/app.js",
    "start": 1575691232885,
    "end": 1575691232886,
    "duration": 1,
    "pid": 7094,
    "index": 49
  },
  {
    "name": "Require(41) node_modules/egg-development/app.js",
    "start": 1575691232886,
    "end": 1575691232887,
    "duration": 1,
    "pid": 7094,
    "index": 50
  },
  {
    "name": "Require(42) node_modules/egg-logrotator/app.js",
    "start": 1575691232887,
    "end": 1575691232887,
    "duration": 0,
    "pid": 7094,
    "index": 51
  },
  {
    "name": "Require(43) node_modules/egg-static/app.js",
    "start": 1575691232887,
    "end": 1575691232887,
    "duration": 0,
    "pid": 7094,
    "index": 52
  },
  {
    "name": "Before Start in node_modules/egg-watcher/lib/init.js:15:14",
    "start": 1575691232905,
    "end": 1575691233033,
    "duration": 128,
    "pid": 7094,
    "index": 53
  },
  {
    "name": "Load Service",
    "start": 1575691232940,
    "end": 1575691232943,
    "duration": 3,
    "pid": 7094,
    "index": 54
  },
  {
    "name": "Load \"service\" to Context",
    "start": 1575691232940,
    "end": 1575691232943,
    "duration": 3,
    "pid": 7094,
    "index": 55
  },
  {
    "name": "Load Middleware",
    "start": 1575691232943,
    "end": 1575691232999,
    "duration": 56,
    "pid": 7094,
    "index": 56
  },
  {
    "name": "Load \"middlewares\" to Application",
    "start": 1575691232943,
    "end": 1575691232988,
    "duration": 45,
    "pid": 7094,
    "index": 57
  },
  {
    "name": "Load Controller",
    "start": 1575691232999,
    "end": 1575691233002,
    "duration": 3,
    "pid": 7094,
    "index": 58
  },
  {
    "name": "Load \"controller\" to Application",
    "start": 1575691232999,
    "end": 1575691233002,
    "duration": 3,
    "pid": 7094,
    "index": 59
  },
  {
    "name": "Load Router",
    "start": 1575691233002,
    "end": 1575691233005,
    "duration": 3,
    "pid": 7094,
    "index": 60
  },
  {
    "name": "Require(44) app/router.js",
    "start": 1575691233002,
    "end": 1575691233003,
    "duration": 1,
    "pid": 7094,
    "index": 61
  },
  {
    "name": "Before Start in node_modules/egg-core/lib/egg.js:303:10",
    "start": 1575691233003,
    "end": 1575691233014,
    "duration": 11,
    "pid": 7094,
    "index": 62
  }
]