[{"is_followed": false, "avatar_url_template": "https://pic2.zhimg.com/d47d6863c_{size}.jpg", "user_type": "people", "badge": [], "is_following": false, "url": "https://www.zhihu.com/people/ee4ecdf6c9e3873b3c6777d6170aee55", "url_token": "wang-ming-lu-54", "id": "ee4ecdf6c9e3873b3c6777d6170aee55", "name": "王明璐", "headline": "我贫穷、低微、不美丽，但当我们的灵魂穿过坟墓站在上帝面前时，我们是平等的", "gender": 1, "is_advertiser": false, "avatar_url": "https://pic2.zhimg.com/d47d6863c_is.jpg", "is_org": false, "follower_count": 0, "type": "people"}, {"is_followed": false, "avatar_url_template": "https://pic4.zhimg.com/da8e974dc_{size}.jpg", "user_type": "people", "badge": [], "is_following": false, "url": "https://www.zhihu.com/people/247c68e871dd032aefabc563be426da3", "url_token": "jiong-ji-ru-yue", "id": "247c68e871dd032aefabc563be426da3", "name": "冂吉如月", "headline": "软件", "gender": -1, "is_advertiser": false, "avatar_url": "https://pic4.zhimg.com/da8e974dc_is.jpg", "is_org": false, "follower_count": 0, "type": "people"}, {"is_followed": false, "avatar_url_template": "https://pic4.zhimg.com/da8e974dc_{size}.jpg", "user_type": "people", "badge": [], "is_following": false, "url": "https://www.zhihu.com/people/c49f2523bab32b647eac5030c99a31c0", "url_token": "flyfire88", "id": "c49f2523bab32b647eac5030c99a31c0", "name": "萤火虫", "headline": "学生", "gender": -1, "is_advertiser": false, "avatar_url": "https://pic4.zhimg.com/da8e974dc_is.jpg", "is_org": false, "follower_count": 0, "type": "people"}, {"is_followed": false, "avatar_url_template": "https://pic4.zhimg.com/da8e974dc_{size}.jpg", "user_type": "people", "badge": [], "is_following": false, "url": "https://www.zhihu.com/people/e764f6ec4038ce7441b55802a47476a5", "url_token": "destinydan-qiong", "id": "e764f6ec4038ce7441b55802a47476a5", "name": "Destiny丹琼", "headline": "", "gender": -1, "is_advertiser": false, "avatar_url": "https://pic4.zhimg.com/da8e974dc_is.jpg", "is_org": false, "follower_count": 0, "type": "people"}, {"is_followed": false, "avatar_url_template": "https://pic2.zhimg.com/v2-25cccccfd0b97f08eba5226626e47a7b_{size}.jpg", "user_type": "people", "badge": [], "is_following": false, "url": "https://www.zhihu.com/people/1a9c7a41061a85fa4045ee2c0ff422ea", "url_token": "hei-an-qi-yue", "id": "1a9c7a41061a85fa4045ee2c0ff422ea", "name": "Richard", "headline": "Reborn every seven years", "gender": 1, "is_advertiser": false, "avatar_url": "https://pic2.zhimg.com/v2-25cccccfd0b97f08eba5226626e47a7b_is.jpg", "is_org": false, "follower_count": 0, "type": "people"}, {"is_followed": false, "avatar_url_template": "https://pic4.zhimg.com/da8e974dc_{size}.jpg", "user_type": "people", "badge": [], "is_following": false, "url": "https://www.zhihu.com/people/b3ffe5f5a8d4b5fee9f12e71d64262ce", "url_token": "li-da-pang-59", "id": "b3ffe5f5a8d4b5fee9f12e71d64262ce", "name": "李大胖", "headline": "兴趣源自于努力，创新源自于熟练", "gender": 1, "is_advertiser": false, "avatar_url": "https://pic4.zhimg.com/da8e974dc_is.jpg", "is_org": false, "follower_count": 45, "type": "people"}, {"is_followed": false, "avatar_url_template": "https://pic2.zhimg.com/v2-0a71559432e8aaa3a9bbb97e1951fe23_{size}.jpg", "user_type": "people", "badge": [], "is_following": false, "url": "https://www.zhihu.com/people/3e1a0aa9d1c8d1baf6093599fe0fb19c", "url_token": "renqii", "id": "3e1a0aa9d1c8d1baf6093599fe0fb19c", "name": "renqii", "headline": "会炼丹的文艺青年", "gender": -1, "is_advertiser": false, "avatar_url": "https://pic2.zhimg.com/v2-0a71559432e8aaa3a9bbb97e1951fe23_is.jpg", "is_org": false, "follower_count": 0, "type": "people"}, {"is_followed": false, "avatar_url_template": "https://pic4.zhimg.com/da8e974dc_{size}.jpg", "user_type": "people", "badge": [], "is_following": false, "url": "https://www.zhihu.com/people/c8ebb4332f8407fd1c3d1245912cb9aa", "url_token": "yun-sui-feng-63", "id": "c8ebb4332f8407fd1c3d1245912cb9aa", "name": "Aust 随风", "headline": "", "gender": -1, "is_advertiser": false, "avatar_url": "https://pic4.zhimg.com/da8e974dc_is.jpg", "is_org": false, "follower_count": 0, "type": "people"}, {"is_followed": false, "avatar_url_template": "https://pic4.zhimg.com/da8e974dc_{size}.jpg", "user_type": "people", "badge": [], "is_following": false, "url": "https://www.zhihu.com/people/ae2f08dfc0208631a7a7c89fd9172ae5", "url_token": "fang-hong-zhi-20", "id": "ae2f08dfc0208631a7a7c89fd9172ae5", "name": "房宏志", "gender": -1, "is_advertiser": false, "avatar_url": "https://pic4.zhimg.com/da8e974dc_is.jpg", "is_org": false, "follower_count": 2, "type": "people"}, {"is_followed": false, "avatar_url_template": "https://pic4.zhimg.com/da8e974dc_{size}.jpg", "user_type": "people", "badge": [], "is_following": false, "url": "https://www.zhihu.com/people/497d79456c04fc30ce280f97b321e0af", "url_token": "chen-shan-cai-98", "id": "497d79456c04fc30ce280f97b321e0af", "name": "不计划", "headline": "就业迷茫", "gender": -1, "is_advertiser": false, "avatar_url": "https://pic4.zhimg.com/da8e974dc_is.jpg", "is_org": false, "follower_count": 1, "type": "people"}, {"is_followed": false, "avatar_url_template": "https://pic2.zhimg.com/v2-ba148dba8408ab84b983407cd9d19a6c_{size}.jpg", "user_type": "people", "badge": [], "is_following": false, "url": "https://www.zhihu.com/people/3d2bb300165a601e64f7c9719394d343", "url_token": "nan-ne-13", "id": "3d2bb300165a601e64f7c9719394d343", "name": "南呐", "gender": -1, "is_advertiser": false, "avatar_url": "https://pic2.zhimg.com/v2-ba148dba8408ab84b983407cd9d19a6c_is.jpg", "is_org": false, "follower_count": 0, "type": "people"}, {"is_followed": false, "avatar_url_template": "https://pic1.zhimg.com/v2-13e051704b6f1c435ca297d8b4c40884_{size}.jpg", "user_type": "people", "badge": [], "is_following": false, "url": "https://www.zhihu.com/people/54cdd4cda193df22f68467e8af02d3c1", "url_token": "zhang-zi-yuan-19-91", "id": "54cdd4cda193df22f68467e8af02d3c1", "name": "张自远", "gender": -1, "is_advertiser": false, "avatar_url": "https://pic1.zhimg.com/v2-13e051704b6f1c435ca297d8b4c40884_is.jpg", "is_org": false, "follower_count": 0, "type": "people"}, {"is_followed": false, "avatar_url_template": "https://pic4.zhimg.com/da8e974dc_{size}.jpg", "user_type": "people", "badge": [], "is_following": false, "url": "https://www.zhihu.com/people/3d042cbfb9499a2c7dd0536188e3a0a3", "url_token": "thinksap", "id": "3d042cbfb9499a2c7dd0536188e3a0a3", "name": "thinksap", "headline": "程序员", "gender": -1, "is_advertiser": false, "avatar_url": "https://pic4.zhimg.com/da8e974dc_is.jpg", "is_org": false, "follower_count": 0, "type": "people"}, {"is_followed": false, "avatar_url_template": "https://pic1.zhimg.com/v2-d15b5f3683b31addc1c8238b4a318c6f_{size}.jpg", "user_type": "people", "badge": [], "is_following": false, "url": "https://www.zhihu.com/people/875d906f96a928409e11381059c26930", "url_token": "fang-zi-qiong-64", "id": "875d906f96a928409e11381059c26930", "name": "cheng321284", "headline": "学生", "gender": 1, "is_advertiser": false, "avatar_url": "https://pic1.zhimg.com/v2-d15b5f3683b31addc1c8238b4a318c6f_is.jpg", "is_org": false, "follower_count": 3, "type": "people"}, {"is_followed": false, "avatar_url_template": "https://pic4.zhimg.com/b8d7364ffcf39a4a42a7d5cd839dd1b0_{size}.jpg", "user_type": "people", "badge": [], "is_following": false, "url": "https://www.zhihu.com/people/f3c4bb6d473cd8c9b87e6ecb2b2bdc8d", "url_token": "ge-jia-huan-le", "id": "f3c4bb6d473cd8c9b87e6ecb2b2bdc8d", "name": "阖家欢乐", "gender": -1, "is_advertiser": false, "avatar_url": "https://pic4.zhimg.com/b8d7364ffcf39a4a42a7d5cd839dd1b0_is.jpg", "is_org": false, "follower_count": 23, "type": "people"}, {"is_followed": false, "avatar_url_template": "https://pic1.zhimg.com/c0ace7ce8fb89996e228a316d4aace25_{size}.jpg", "user_type": "people", "badge": [], "is_following": false, "url": "https://www.zhihu.com/people/1f4f65996e8c37030d46d63e1d1236a9", "url_token": "jia-lun-wei-shi", "id": "1f4f65996e8c37030d46d63e1d1236a9", "name": "加仑威士", "headline": "学生", "gender": 1, "is_advertiser": false, "avatar_url": "https://pic1.zhimg.com/c0ace7ce8fb89996e228a316d4aace25_is.jpg", "is_org": false, "follower_count": 0, "type": "people"}, {"is_followed": false, "avatar_url_template": "https://pic3.zhimg.com/v2-7b210dc46cf1d4736f3a5a9c03e8e802_{size}.jpg", "user_type": "people", "badge": [], "is_following": false, "url": "https://www.zhihu.com/people/7dd40dcf48169e4bd408af878761de45", "url_token": "zhi-xin-6-26", "id": "7dd40dcf48169e4bd408af878761de45", "name": "植心", "headline": "To develop more love ", "gender": 1, "is_advertiser": false, "avatar_url": "https://pic3.zhimg.com/v2-7b210dc46cf1d4736f3a5a9c03e8e802_is.jpg", "is_org": false, "follower_count": 2842, "type": "people"}, {"is_followed": false, "avatar_url_template": "https://pic2.zhimg.com/v2-71c81e27514c055ee567361c3a954130_{size}.jpg", "user_type": "people", "badge": [], "is_following": false, "url": "https://www.zhihu.com/people/2eed507a3d8c68513a9512e5edb53007", "url_token": "ping-ping-dan-dan-cai-shi-zhen-23-49", "id": "2eed507a3d8c68513a9512e5edb53007", "name": "平平淡淡才是真", "headline": "", "gender": -1, "is_advertiser": false, "avatar_url": "https://pic2.zhimg.com/v2-71c81e27514c055ee567361c3a954130_is.jpg", "is_org": false, "follower_count": 0, "type": "people"}, {"is_followed": false, "avatar_url_template": "https://pic1.zhimg.com/6ea345cb9_{size}.jpg", "user_type": "people", "badge": [], "is_following": false, "url": "https://www.zhihu.com/people/9ac28fa9c990722ce673dfc0f29e0071", "url_token": "Burningcow", "id": "9ac28fa9c990722ce673dfc0f29e0071", "name": "Burningcow", "headline": "学完机械去修车了", "gender": 1, "is_advertiser": false, "avatar_url": "https://pic1.zhimg.com/6ea345cb9_is.jpg", "is_org": false, "follower_count": 23, "type": "people"}, {"is_followed": false, "avatar_url_template": "https://pic4.zhimg.com/da8e974dc_{size}.jpg", "user_type": "people", "badge": [], "is_following": false, "url": "https://www.zhihu.com/people/2f056cccc6603ca5ea223b024ec43890", "url_token": "qian-xun-yuan-67", "id": "2f056cccc6603ca5ea223b024ec43890", "name": "千寻愿", "headline": "程序员", "gender": -1, "is_advertiser": false, "avatar_url": "https://pic4.zhimg.com/da8e974dc_is.jpg", "is_org": false, "follower_count": 0, "type": "people"}]